id,sku,supplier,warehouse,supply_order_id,quantity,received_date,broken_quantity,broken_date,broken_stage
1,ENG-100,Supplier B,FL,1,135,2022-09-30,7,2023-01-22,assembly
2,TRN-100,Supplier C,FL,2,127,2022-10-12,10,2023-02-09,assembly
3,HYD-100,Supplier E,TX,3,113,2022-10-09,10,2022-12-24,receiving
4,FAX-100,Supplier A,CA,4,127,2022-09-27,10,2022-12-09,field
5,RAX-100,Supplier D,FL,5,127,2022-09-26,10,2022-09-29,receiving
6,CAB-100,Supplier C,TX,6,133,2022-10-12,3,2023-01-17,receiving
7,ECU-100,Supplier A,NY,7,115,2022-10-16,9,2022-12-14,field
8,TIR-100,Supplier B,CA,8,127,2022-09-30,6,2023-01-20,assembly
9,PTO-100,Supplier D,NY,9,133,2022-10-18,9,2023-02-14,field
10,FUE-100,Supplier E,FL,10,120,2022-09-18,5,2022-11-10,field
11,ENG-200,Supplier A,TX,11,115,2022-10-17,6,2022-11-05,receiving
12,TRN-200,Supplier B,IL,12,137,2022-09-22,8,2022-12-23,receiving
13,HYD-200,Supplier E,NY,13,135,2022-10-20,18,2022-11-15,assembly
14,FAX-200,Supplier A,CA,14,121,2022-10-15,10,2022-12-01,assembly
15,RAX-200,Supplier B,CA,15,122,2022-09-30,4,2022-12-21,field
16,CAB-200,Supplier E,IL,16,113,2022-10-15,6,2022-10-20,receiving
17,ECU-200,Supplier A,IL,17,121,2022-09-30,6,2022-10-28,receiving
18,TIR-200,Supplier D,FL,18,132,2022-10-09,8,2022-11-14,field
19,PTO-200,Supplier C,IL,19,141,2022-10-11,7,2022-10-19,assembly
20,FUE-200,Supplier E,NY,20,129,2022-10-07,6,2022-11-07,receiving
21,ENG-300,Supplier D,CA,21,94,2022-10-15,3,2022-12-21,assembly
22,TRN-300,Supplier C,CA,22,87,2022-10-04,3,2022-12-14,field
23,HYD-300,Supplier E,CA,23,83,2022-09-29,16,2022-11-11,field
24,FAX-300,Supplier A,TX,24,91,2022-09-26,1,2022-12-27,field
25,RAX-300,Supplier B,NY,25,89,2022-09-23,6,2022-12-24,field
26,CAB-300,Supplier C,IL,26,90,2022-10-10,4,2022-12-16,receiving
27,ECU-300,Supplier C,TX,27,97,2022-10-16,5,2022-10-28,receiving
28,TIR-300,Supplier B,FL,28,89,2022-10-08,4,2022-11-19,receiving
29,PTO-300,Supplier C,TX,29,89,2022-10-17,4,2022-10-31,receiving
30,FUE-300,Supplier A,TX,30,76,2022-09-30,5,2022-10-19,assembly
31,ENG-400,Supplier A,TX,31,117,2022-09-29,0,,
32,TRN-400,Supplier B,TX,32,107,2022-09-30,11,2023-01-01,receiving
33,HYD-400,Supplier E,TX,33,111,2022-10-15,18,2022-12-12,assembly
34,FAX-400,Supplier D,TX,34,108,2022-09-22,3,2023-01-07,field
35,RAX-400,Supplier B,CA,35,104,2022-10-08,7,2023-01-16,field
36,CAB-400,Supplier C,IL,36,132,2022-10-06,11,2022-11-05,assembly
37,ECU-400,Supplier A,TX,37,110,2022-10-13,6,2022-12-27,field
38,TIR-400,Supplier D,FL,38,109,2022-10-11,9,2022-12-13,assembly
39,PTO-400,Supplier C,TX,39,125,2022-09-20,6,2022-11-20,receiving
40,FUE-400,Supplier E,CA,40,112,2022-10-17,8,2022-12-05,assembly
41,ENG-500,Supplier A,NY,41,121,2022-10-15,4,2023-01-23,assembly
42,TRN-500,Supplier C,FL,42,122,2022-10-04,5,2022-10-27,field
43,HYD-500,Supplier E,TX,43,123,2022-10-15,10,2022-12-30,receiving
44,FAX-500,Supplier A,TX,44,125,2022-09-19,3,2022-12-25,receiving
45,RAX-500,Supplier B,TX,45,117,2022-09-19,9,2022-10-05,receiving
46,CAB-500,Supplier C,IL,46,116,2022-10-19,3,2023-01-10,field
47,ECU-500,Supplier A,NY,47,125,2022-10-13,7,2022-12-04,receiving
48,TIR-500,Supplier D,NY,48,122,2022-10-06,5,2023-01-17,field
49,PTO-500,Supplier D,FL,49,123,2022-09-21,12,2022-10-25,receiving
50,FUE-500,Supplier A,NY,50,128,2022-10-02,1,2022-11-23,assembly
51,ENG-100,Supplier A,CA,51,69,2022-11-08,2,2023-01-27,field
52,TRN-100,Supplier B,NY,52,66,2022-10-26,6,2022-12-07,receiving
53,HYD-100,Supplier C,NY,53,74,2022-10-23,4,2022-12-20,assembly
54,FAX-100,Supplier A,NY,54,75,2022-10-29,5,2023-01-18,assembly
55,RAX-100,Supplier D,FL,55,78,2022-11-16,5,2022-12-20,field
56,CAB-100,Supplier E,IL,56,69,2022-11-06,0,,
57,ECU-100,Supplier A,IL,57,84,2022-11-19,2,2023-01-15,assembly
58,TIR-100,Supplier D,TX,58,77,2022-10-30,4,2023-01-12,assembly
59,PTO-100,Supplier D,CA,59,80,2022-10-31,4,2023-02-02,assembly
60,FUE-100,Supplier E,TX,60,77,2022-11-11,3,2022-11-16,assembly
61,ENG-200,Supplier A,TX,61,117,2022-11-10,4,2022-12-30,assembly
62,TRN-200,Supplier C,IL,62,106,2022-10-29,0,,
63,HYD-200,Supplier E,IL,63,100,2022-11-21,7,2023-03-10,field
64,FAX-200,Supplier A,NY,64,112,2022-10-21,7,2022-12-18,assembly
65,RAX-200,Supplier D,CA,65,110,2022-11-02,4,2022-12-13,field
66,CAB-200,Supplier C,TX,66,107,2022-11-16,6,2022-12-09,assembly
67,ECU-200,Supplier A,TX,67,120,2022-10-21,6,2023-02-01,assembly
68,TIR-200,Supplier B,CA,68,103,2022-10-31,7,2022-12-28,field
69,PTO-200,Supplier D,TX,69,101,2022-11-14,7,2022-12-21,field
70,FUE-200,Supplier B,CA,70,103,2022-10-17,5,2022-12-09,field
71,ENG-300,Supplier A,NY,71,65,2022-10-23,3,2023-01-26,field
72,TRN-300,Supplier B,IL,72,64,2022-10-29,3,2023-02-25,receiving
73,HYD-300,Supplier A,IL,73,67,2022-11-06,0,,
74,FAX-300,Supplier A,IL,74,73,2022-10-25,5,2023-01-02,receiving
75,RAX-300,Supplier D,IL,75,68,2022-11-04,3,2023-01-11,receiving
76,CAB-300,Supplier E,NY,76,73,2022-11-22,3,2022-11-27,field
77,ECU-300,Supplier A,FL,77,72,2022-11-12,7,2023-03-07,field
78,TIR-300,Supplier D,IL,78,65,2022-11-16,4,2023-03-01,assembly
79,PTO-300,Supplier C,TX,79,66,2022-11-09,6,2022-11-22,receiving
80,FUE-300,Supplier E,TX,80,71,2022-11-19,9,2023-03-01,receiving
81,ENG-400,Supplier A,NY,81,101,2022-10-24,6,2023-02-08,receiving
82,TRN-400,Supplier C,TX,82,118,2022-10-27,14,2023-02-15,receiving
83,HYD-400,Supplier E,TX,83,108,2022-10-28,17,2023-02-21,field
84,FAX-400,Supplier D,FL,84,125,2022-11-11,0,,
85,RAX-400,Supplier D,TX,85,109,2022-12-03,5,2023-02-12,field
86,CAB-400,Supplier E,CA,86,109,2022-11-10,3,2023-01-28,assembly
87,ECU-400,Supplier C,FL,87,111,2022-11-22,3,2022-12-28,field
88,TIR-400,Supplier D,CA,88,106,2022-11-29,6,2022-12-13,receiving
89,PTO-400,Supplier C,NY,89,104,2022-10-30,3,2022-12-22,field
90,FUE-400,Supplier A,TX,90,103,2022-10-23,5,2023-01-15,assembly
91,ENG-500,Supplier A,IL,91,96,2022-10-22,7,2023-01-23,assembly
92,TRN-500,Supplier C,NY,92,85,2022-11-07,2,2022-12-02,assembly
93,HYD-500,Supplier E,NY,93,99,2022-11-03,8,2022-11-22,receiving
94,FAX-500,Supplier D,IL,94,87,2022-10-25,2,2022-12-09,receiving
95,RAX-500,Supplier D,FL,95,96,2022-11-13,4,2022-12-11,assembly
96,CAB-500,Supplier E,NY,96,93,2022-11-11,1,2022-12-11,receiving
97,ECU-500,Supplier A,CA,97,92,2022-11-08,3,2022-12-09,receiving
98,TIR-500,Supplier B,CA,98,89,2022-11-05,4,2022-12-19,assembly
99,PTO-500,Supplier D,FL,99,88,2022-11-05,4,2022-12-15,assembly
100,FUE-500,Supplier A,TX,100,86,2022-10-22,7,2022-12-27,field
101,ENG-100,Supplier D,TX,101,89,2022-11-30,10,2023-01-27,field
102,TRN-100,Supplier B,IL,102,85,2022-11-24,5,2023-01-10,field
103,HYD-100,Supplier E,FL,103,82,2022-12-10,13,2023-03-12,assembly
104,FAX-100,Supplier D,IL,104,84,2022-12-30,5,2023-04-11,assembly
105,RAX-100,Supplier D,NY,105,77,2022-11-24,2,2022-11-30,field
106,CAB-100,Supplier C,TX,106,82,2022-12-03,3,2023-03-15,field
107,ECU-100,Supplier C,NY,107,90,2022-11-30,6,2022-12-06,assembly
108,TIR-100,Supplier D,IL,108,75,2022-12-18,5,2022-12-31,assembly
109,PTO-100,Supplier D,CA,109,82,2022-12-12,5,2023-03-02,assembly
110,FUE-100,Supplier E,CA,110,87,2022-12-17,3,2023-01-07,assembly
111,ENG-200,Supplier B,IL,111,84,2022-11-20,5,2023-02-20,field
112,TRN-200,Supplier E,NY,112,85,2022-12-15,4,2023-04-09,receiving
113,HYD-200,Supplier E,FL,113,85,2022-12-04,14,2023-03-03,assembly
114,FAX-200,Supplier D,CA,114,81,2022-11-27,4,2023-03-01,receiving
115,RAX-200,Supplier B,NY,115,81,2022-12-01,4,2023-01-31,assembly
116,CAB-200,Supplier E,CA,116,85,2022-12-01,5,2022-12-16,assembly
117,ECU-200,Supplier C,TX,117,76,2022-12-01,4,2023-02-01,assembly
118,TIR-200,Supplier B,FL,118,88,2022-12-08,7,2023-01-16,field
119,PTO-200,Supplier D,FL,119,88,2022-12-05,3,2023-03-20,field
120,FUE-200,Supplier A,IL,120,90,2022-11-22,5,2023-01-10,receiving
121,ENG-300,Supplier A,TX,121,79,2022-12-14,5,2022-12-30,receiving
122,TRN-300,Supplier B,NY,122,90,2022-11-26,4,2023-03-21,receiving
123,HYD-300,Supplier E,IL,123,87,2022-12-06,10,2023-04-04,receiving
124,FAX-300,Supplier D,CA,124,78,2022-12-24,5,2023-04-04,assembly
125,RAX-300,Supplier B,TX,125,83,2022-11-27,5,2023-03-14,field
126,CAB-300,Supplier E,NY,126,90,2022-11-21,5,2023-02-13,receiving
127,ECU-300,Supplier A,IL,127,94,2022-11-22,9,2023-03-02,assembly
128,TIR-300,Supplier B,TX,128,82,2022-12-04,4,2023-03-22,field
129,PTO-300,Supplier C,CA,129,86,2022-11-22,2,2022-12-22,assembly
130,FUE-300,Supplier A,CA,130,86,2022-11-20,4,2023-01-06,field
131,ENG-400,Supplier B,IL,131,69,2022-12-03,3,2023-03-14,receiving
132,TRN-400,Supplier B,FL,132,68,2022-12-02,6,2023-02-04,receiving
133,HYD-400,Supplier C,NY,133,71,2022-11-28,6,2023-02-21,assembly
134,FAX-400,Supplier A,FL,134,64,2022-12-06,2,2023-02-26,assembly
135,RAX-400,Supplier B,TX,135,65,2022-11-27,0,,
136,CAB-400,Supplier C,TX,136,58,2022-12-08,3,2022-12-24,receiving
137,ECU-400,Supplier A,FL,137,64,2022-12-12,4,2023-01-12,assembly
138,TIR-400,Supplier B,CA,138,56,2022-12-11,4,2023-02-26,assembly
139,PTO-400,Supplier C,TX,139,60,2022-12-12,0,,
140,FUE-400,Supplier A,TX,140,67,2022-12-12,6,2023-03-01,assembly
141,ENG-500,Supplier D,TX,141,105,2022-12-30,4,2023-01-05,assembly
142,TRN-500,Supplier C,FL,142,84,2022-12-06,5,2023-02-14,field
143,HYD-500,Supplier C,TX,143,103,2022-12-14,5,2023-02-03,receiving
144,FAX-500,Supplier D,CA,144,98,2022-11-29,7,2023-03-14,receiving
145,RAX-500,Supplier D,NY,145,94,2022-12-21,4,2023-03-31,assembly
146,CAB-500,Supplier E,FL,146,98,2022-12-11,5,2023-03-19,assembly
147,ECU-500,Supplier E,IL,147,88,2022-12-19,4,2022-12-25,receiving
148,TIR-500,Supplier D,TX,148,92,2022-11-29,8,2023-03-12,assembly
149,PTO-500,Supplier C,IL,149,87,2022-11-22,1,2023-01-31,field
150,FUE-500,Supplier A,FL,150,88,2022-12-17,4,2023-03-06,receiving
151,ENG-100,Supplier B,TX,151,127,2022-12-30,6,2023-03-09,assembly
152,TRN-100,Supplier B,NY,152,131,2022-12-28,5,2023-04-15,receiving
153,HYD-100,Supplier A,NY,153,137,2023-01-10,5,2023-04-10,assembly
154,FAX-100,Supplier D,TX,154,130,2022-12-31,10,2023-01-12,field
155,RAX-100,Supplier D,FL,155,142,2023-02-06,3,2023-02-23,field
156,CAB-100,Supplier C,IL,156,128,2023-01-08,9,2023-02-09,receiving
157,ECU-100,Supplier E,NY,157,128,2023-01-02,7,2023-01-29,field
158,TIR-100,Supplier D,IL,158,140,2023-01-16,4,2023-05-15,assembly
159,PTO-100,Supplier C,FL,159,127,2023-01-16,10,2023-02-03,field
160,FUE-100,Supplier E,NY,160,119,2022-12-29,5,2023-03-09,receiving
161,ENG-200,Supplier A,TX,161,89,2023-01-01,8,2023-02-08,receiving
162,TRN-200,Supplier C,NY,162,88,2023-01-01,5,2023-02-17,assembly
163,HYD-200,Supplier C,TX,163,95,2022-12-26,4,2023-04-11,receiving
164,FAX-200,Supplier D,CA,164,91,2022-12-28,1,2023-01-29,receiving
165,RAX-200,Supplier D,TX,165,89,2023-01-24,4,2023-04-24,assembly
166,CAB-200,Supplier E,TX,166,99,2023-01-09,4,2023-01-29,assembly
167,ECU-200,Supplier A,CA,167,108,2023-01-02,5,2023-01-10,receiving
168,TIR-200,Supplier D,NY,168,91,2023-02-04,6,2023-05-31,field
169,PTO-200,Supplier C,IL,169,92,2023-01-11,4,2023-02-15,assembly
170,FUE-200,Supplier E,FL,170,92,2023-01-04,8,2023-04-30,field
171,ENG-300,Supplier B,CA,171,92,2022-12-29,6,2023-03-08,assembly
172,TRN-300,Supplier C,IL,172,89,2023-01-09,4,2023-02-12,receiving
173,HYD-300,Supplier C,IL,173,93,2023-01-14,8,2023-05-06,field
174,FAX-300,Supplier D,CA,174,93,2023-01-04,3,2023-03-17,assembly
175,RAX-300,Supplier B,TX,175,100,2023-01-04,2,2023-04-11,assembly
176,CAB-300,Supplier C,CA,176,85,2022-12-25,6,2023-01-13,field
177,ECU-300,Supplier A,TX,177,92,2023-01-17,4,2023-02-09,assembly
178,TIR-300,Supplier D,NY,178,83,2023-01-24,2,2023-01-28,field
179,PTO-300,Supplier C,NY,179,106,2023-01-03,7,2023-03-11,receiving
180,FUE-300,Supplier E,FL,180,93,2023-01-09,7,2023-01-09,assembly
181,ENG-400,Supplier B,IL,181,100,2022-12-31,4,2023-02-25,assembly
182,TRN-400,Supplier E,TX,182,91,2023-01-18,10,2023-03-07,field
183,HYD-400,Supplier A,TX,183,91,2023-01-10,8,2023-01-16,assembly
184,FAX-400,Supplier A,NY,184,90,2023-01-12,4,2023-04-10,assembly
185,RAX-400,Supplier B,NY,185,99,2023-01-02,7,2023-03-16,assembly
186,CAB-400,Supplier C,NY,186,95,2022-12-22,6,2023-01-07,assembly
187,ECU-400,Supplier A,IL,187,96,2023-01-06,2,2023-03-01,field
188,TIR-400,Supplier D,TX,188,92,2023-01-24,6,2023-05-15,assembly
189,PTO-400,Supplier C,FL,189,95,2022-12-28,6,2023-03-08,receiving
190,FUE-400,Supplier A,NY,190,94,2023-01-18,3,2023-03-08,receiving
191,ENG-500,Supplier A,TX,191,159,2022-12-19,5,2023-03-24,assembly
192,TRN-500,Supplier B,FL,192,157,2023-01-06,2,2023-03-13,field
193,HYD-500,Supplier A,FL,193,146,2023-01-16,6,2023-03-10,assembly
194,FAX-500,Supplier A,TX,194,154,2023-01-05,11,2023-02-07,field
195,RAX-500,Supplier D,TX,195,141,2022-12-18,7,2023-01-08,assembly
196,CAB-500,Supplier E,CA,196,152,2022-12-19,8,2023-02-17,field
197,ECU-500,Supplier C,FL,197,146,2023-01-23,5,2023-03-28,receiving
198,TIR-500,Supplier B,IL,198,145,2022-12-25,4,2023-01-11,assembly
199,PTO-500,Supplier D,FL,199,138,2023-01-02,14,2023-02-18,field
200,FUE-500,Supplier E,CA,200,152,2023-01-14,12,2023-04-29,receiving
201,ENG-100,Supplier B,NY,201,120,2023-02-07,3,2023-05-24,receiving
202,TRN-100,Supplier B,NY,202,125,2023-01-29,10,2023-05-03,receiving
203,HYD-100,Supplier E,CA,203,119,2023-02-23,9,2023-06-09,field
204,FAX-100,Supplier D,CA,204,120,2023-02-21,8,2023-03-27,field
205,RAX-100,Supplier D,FL,205,128,2023-02-23,14,2023-06-13,assembly
206,CAB-100,Supplier E,TX,206,119,2023-02-15,3,2023-04-01,receiving
207,ECU-100,Supplier E,CA,207,120,2023-01-31,7,2023-05-15,field
208,TIR-100,Supplier B,FL,208,120,2023-02-02,8,2023-02-19,assembly
209,PTO-100,Supplier C,IL,209,122,2023-02-17,6,2023-02-21,assembly
210,FUE-100,Supplier E,FL,210,118,2023-01-25,6,2023-03-03,receiving
211,ENG-200,Supplier B,NY,211,82,2023-02-03,1,2023-06-03,field
212,TRN-200,Supplier B,CA,212,87,2023-01-25,7,2023-02-05,assembly
213,HYD-200,Supplier C,FL,213,91,2023-02-01,3,2023-02-12,assembly
214,FAX-200,Supplier A,TX,214,88,2023-01-27,7,2023-02-23,assembly
215,RAX-200,Supplier B,NY,215,87,2023-02-05,5,2023-05-17,field
216,CAB-200,Supplier C,NY,216,79,2023-02-09,4,2023-03-24,receiving
217,ECU-200,Supplier E,IL,217,79,2023-01-31,7,2023-03-19,receiving
218,TIR-200,Supplier D,NY,218,93,2023-01-27,4,2023-05-04,assembly
219,PTO-200,Supplier C,TX,219,84,2023-02-22,6,2023-03-11,receiving
220,FUE-200,Supplier A,IL,220,83,2023-02-02,4,2023-04-18,receiving
221,ENG-300,Supplier B,IL,221,77,2023-02-02,0,,
222,TRN-300,Supplier B,TX,222,71,2023-02-05,4,2023-04-03,receiving
223,HYD-300,Supplier C,CA,223,81,2023-01-25,4,2023-05-02,field
224,FAX-300,Supplier A,NY,224,77,2023-02-13,3,2023-02-28,assembly
225,RAX-300,Supplier B,IL,225,66,2023-01-28,2,2023-04-03,field
226,CAB-300,Supplier E,IL,226,82,2023-02-05,3,2023-03-02,receiving
227,ECU-300,Supplier C,FL,227,75,2023-02-07,1,2023-04-05,receiving
228,TIR-300,Supplier B,FL,228,74,2023-02-13,2,2023-03-28,field
229,PTO-300,Supplier C,TX,229,74,2023-02-19,5,2023-04-29,receiving
230,FUE-300,Supplier E,FL,230,71,2023-01-31,8,2023-03-14,assembly
231,ENG-400,Supplier A,FL,231,81,2023-01-27,4,2023-04-10,field
232,TRN-400,Supplier B,CA,232,83,2023-01-19,9,2023-02-07,field
233,HYD-400,Supplier C,CA,233,90,2023-02-14,4,2023-05-19,assembly
234,FAX-400,Supplier A,CA,234,89,2023-02-01,5,2023-03-29,receiving
235,RAX-400,Supplier D,TX,235,90,2023-01-26,7,2023-02-03,field
236,CAB-400,Supplier C,IL,236,84,2023-02-02,6,2023-04-27,receiving
237,ECU-400,Supplier A,CA,237,85,2023-01-17,4,2023-01-24,assembly
238,TIR-400,Supplier D,FL,238,89,2023-02-12,2,2023-04-01,assembly
239,PTO-400,Supplier C,IL,239,93,2023-01-27,4,2023-02-25,receiving
240,FUE-400,Supplier E,TX,240,84,2023-02-07,4,2023-05-04,assembly
241,ENG-500,Supplier D,CA,241,126,2023-02-26,4,2023-04-28,assembly
242,TRN-500,Supplier B,NY,242,127,2023-02-13,9,2023-06-10,field
243,HYD-500,Supplier C,FL,243,139,2023-02-02,10,2023-05-20,field
244,FAX-500,Supplier D,FL,244,128,2023-03-03,9,2023-05-03,field
245,RAX-500,Supplier B,IL,245,130,2023-02-05,2,2023-05-17,field
246,CAB-500,Supplier E,TX,246,135,2023-02-12,2,2023-05-23,field
247,ECU-500,Supplier A,CA,247,121,2023-01-31,5,2023-04-17,field
248,TIR-500,Supplier B,IL,248,128,2023-02-01,8,2023-05-18,receiving
249,PTO-500,Supplier D,NY,249,136,2023-02-25,11,2023-03-23,assembly
250,FUE-500,Supplier E,IL,250,127,2023-02-06,7,2023-05-26,assembly
251,ENG-100,Supplier A,CA,251,165,2023-02-21,8,2023-04-23,assembly
252,TRN-100,Supplier C,IL,252,179,2023-03-10,11,2023-03-29,receiving
253,HYD-100,Supplier E,TX,253,179,2023-03-12,19,2023-07-04,assembly
254,FAX-100,Supplier A,TX,254,192,2023-02-15,7,2023-05-29,field
255,RAX-100,Supplier B,TX,255,176,2023-02-19,7,2023-03-12,assembly
256,CAB-100,Supplier C,FL,256,183,2023-02-23,4,2023-05-22,receiving
257,ECU-100,Supplier A,FL,257,175,2023-02-17,10,2023-02-23,receiving
258,TIR-100,Supplier D,CA,258,177,2023-03-13,6,2023-04-22,assembly
259,PTO-100,Supplier C,CA,259,190,2023-03-12,4,2023-04-30,assembly
260,FUE-100,Supplier A,IL,260,173,2023-03-11,8,2023-05-01,assembly
261,ENG-200,Supplier D,FL,261,190,2023-03-22,19,2023-06-11,assembly
262,TRN-200,Supplier B,CA,262,195,2023-03-06,12,2023-03-09,assembly
263,HYD-200,Supplier C,TX,263,171,2023-03-16,13,2023-04-30,assembly
264,FAX-200,Supplier D,IL,264,175,2023-02-26,9,2023-05-29,assembly
265,RAX-200,Supplier B,NY,265,183,2023-02-25,11,2023-06-03,assembly
266,CAB-200,Supplier C,NY,266,185,2023-03-02,15,2023-03-06,assembly
267,ECU-200,Supplier A,IL,267,169,2023-03-01,10,2023-05-05,receiving
268,TIR-200,Supplier B,IL,268,171,2023-03-07,14,2023-03-09,assembly
269,PTO-200,Supplier C,IL,269,179,2023-03-15,7,2023-03-26,receiving
270,FUE-200,Supplier E,FL,270,179,2023-03-04,15,2023-05-30,assembly
271,ENG-300,Supplier B,NY,271,82,2023-03-04,4,2023-05-04,receiving
272,TRN-300,Supplier C,FL,272,76,2023-02-25,4,2023-03-12,field
273,HYD-300,Supplier E,NY,273,87,2023-03-16,13,2023-07-10,field
274,FAX-300,Supplier D,CA,274,86,2023-03-07,3,2023-04-05,receiving
275,RAX-300,Supplier B,NY,275,88,2023-03-02,8,2023-03-23,receiving
276,CAB-300,Supplier E,FL,276,79,2023-02-25,5,2023-04-24,field
277,ECU-300,Supplier E,IL,277,91,2023-03-12,2,2023-07-04,assembly
278,TIR-300,Supplier D,IL,278,90,2023-03-04,3,2023-05-08,assembly
279,PTO-300,Supplier C,NY,279,83,2023-02-22,5,2023-04-02,assembly
280,FUE-300,Supplier A,NY,280,86,2023-03-07,7,2023-03-19,assembly
281,ENG-400,Supplier A,TX,281,129,2023-02-24,8,2023-06-08,receiving
282,TRN-400,Supplier B,IL,282,146,2023-03-03,12,2023-03-24,receiving
283,HYD-400,Supplier A,CA,283,145,2023-03-14,8,2023-06-16,receiving
284,FAX-400,Supplier A,CA,284,137,2023-02-28,8,2023-06-17,assembly
285,RAX-400,Supplier B,FL,285,141,2023-03-07,12,2023-04-04,receiving
286,CAB-400,Supplier E,NY,286,148,2023-02-24,5,2023-04-30,field
287,ECU-400,Supplier A,CA,287,135,2023-03-16,6,2023-04-25,receiving
288,TIR-400,Supplier B,IL,288,133,2023-03-05,5,2023-05-26,field
289,PTO-400,Supplier D,NY,289,127,2023-03-14,5,2023-03-21,assembly
290,FUE-400,Supplier A,NY,290,144,2023-02-21,5,2023-04-02,assembly
291,ENG-500,Supplier B,TX,291,148,2023-03-09,7,2023-05-20,assembly
292,TRN-500,Supplier E,IL,292,156,2023-02-15,12,2023-04-10,assembly
293,HYD-500,Supplier C,CA,293,158,2023-02-22,11,2023-06-06,field
294,FAX-500,Supplier A,IL,294,183,2023-03-18,12,2023-06-21,assembly
295,RAX-500,Supplier B,CA,295,175,2023-03-01,12,2023-03-24,assembly
296,CAB-500,Supplier C,NY,296,182,2023-02-25,6,2023-04-19,assembly
297,ECU-500,Supplier A,CA,297,174,2023-03-21,12,2023-06-22,field
298,TIR-500,Supplier B,FL,298,163,2023-02-22,7,2023-03-04,assembly
299,PTO-500,Supplier C,IL,299,173,2023-03-07,7,2023-04-06,assembly
300,FUE-500,Supplier E,CA,300,174,2023-03-06,12,2023-06-13,assembly
301,ENG-100,Supplier B,CA,301,190,2023-03-25,5,2023-06-14,receiving
302,TRN-100,Supplier B,IL,302,152,2023-03-22,4,2023-04-12,assembly
303,HYD-100,Supplier E,NY,303,196,2023-04-13,27,2023-04-24,receiving
304,FAX-100,Supplier D,CA,304,176,2023-04-21,4,2023-05-13,assembly
305,RAX-100,Supplier D,CA,305,175,2023-03-30,9,2023-07-13,assembly
306,CAB-100,Supplier C,FL,306,174,2023-04-13,9,2023-05-14,assembly
307,ECU-100,Supplier A,NY,307,171,2023-04-15,8,2023-05-19,assembly
308,TIR-100,Supplier D,TX,308,176,2023-04-04,8,2023-04-16,field
309,PTO-100,Supplier C,CA,309,163,2023-04-08,9,2023-06-26,assembly
310,FUE-100,Supplier E,CA,310,158,2023-03-24,5,2023-07-08,assembly
311,ENG-200,Supplier A,IL,311,165,2023-04-05,5,2023-07-17,assembly
312,TRN-200,Supplier C,CA,312,151,2023-04-09,9,2023-07-26,assembly
313,HYD-200,Supplier C,IL,313,155,2023-04-12,6,2023-04-19,assembly
314,FAX-200,Supplier D,FL,314,158,2023-04-20,4,2023-08-12,assembly
315,RAX-200,Supplier B,CA,315,159,2023-04-06,9,2023-06-10,receiving
316,CAB-200,Supplier C,FL,316,152,2023-03-22,8,2023-06-10,assembly
317,ECU-200,Supplier A,IL,317,175,2023-03-28,11,2023-05-15,receiving
318,TIR-200,Supplier D,FL,318,158,2023-04-20,7,2023-07-30,field
319,PTO-200,Supplier C,IL,319,175,2023-03-27,8,2023-06-10,field
320,FUE-200,Supplier A,TX,320,166,2023-03-30,12,2023-06-23,assembly
321,ENG-300,Supplier A,NY,321,172,2023-04-12,8,2023-06-15,field
322,TRN-300,Supplier B,NY,322,156,2023-04-10,4,2023-04-12,field
323,HYD-300,Supplier C,NY,323,151,2023-04-04,9,2023-05-27,field
324,FAX-300,Supplier D,FL,324,176,2023-03-26,8,2023-05-29,receiving
325,RAX-300,Supplier D,FL,325,149,2023-04-18,6,2023-06-22,field
326,CAB-300,Supplier E,IL,326,152,2023-04-15,12,2023-06-26,assembly
327,ECU-300,Supplier E,FL,327,161,2023-04-20,5,2023-05-30,assembly
328,TIR-300,Supplier B,IL,328,154,2023-03-29,8,2023-04-14,assembly
329,PTO-300,Supplier C,NY,329,173,2023-04-08,11,2023-06-27,receiving
330,FUE-300,Supplier A,CA,330,169,2023-03-31,10,2023-07-08,receiving
331,ENG-400,Supplier A,NY,331,138,2023-04-02,7,2023-06-30,assembly
332,TRN-400,Supplier B,FL,332,147,2023-03-29,11,2023-04-18,receiving
333,HYD-400,Supplier C,NY,333,149,2023-03-30,10,2023-05-12,field
334,FAX-400,Supplier A,NY,334,145,2023-04-21,7,2023-06-23,receiving
335,RAX-400,Supplier D,CA,335,168,2023-04-19,4,2023-06-12,receiving
336,CAB-400,Supplier E,IL,336,153,2023-04-13,8,2023-05-27,field
337,ECU-400,Supplier C,IL,337,153,2023-04-13,7,2023-04-14,assembly
338,TIR-400,Supplier D,CA,338,146,2023-04-11,7,2023-06-23,field
339,PTO-400,Supplier C,FL,339,159,2023-03-30,8,2023-05-22,receiving
340,FUE-400,Supplier B,CA,340,153,2023-04-04,4,2023-05-28,assembly
341,ENG-500,Supplier B,FL,341,149,2023-03-29,11,2023-05-29,assembly
342,TRN-500,Supplier C,CA,342,163,2023-03-29,10,2023-07-24,receiving
343,HYD-500,Supplier E,IL,343,148,2023-04-18,21,2023-05-27,field
344,FAX-500,Supplier A,TX,344,165,2023-03-29,11,2023-07-04,assembly
345,RAX-500,Supplier D,FL,345,163,2023-03-29,13,2023-06-07,receiving
346,CAB-500,Supplier E,IL,346,173,2023-04-03,12,2023-04-08,field
347,ECU-500,Supplier C,TX,347,152,2023-04-15,11,2023-06-03,assembly
348,TIR-500,Supplier D,NY,348,161,2023-04-15,9,2023-06-05,receiving
349,PTO-500,Supplier C,TX,349,152,2023-04-08,5,2023-05-06,field
350,FUE-500,Supplier B,FL,350,163,2023-04-02,6,2023-07-04,receiving
351,ENG-100,Supplier B,IL,351,133,2023-04-23,5,2023-06-04,assembly
352,TRN-100,Supplier E,IL,352,148,2023-04-29,6,2023-05-11,assembly
353,HYD-100,Supplier A,NY,353,135,2023-04-24,8,2023-07-05,receiving
354,FAX-100,Supplier D,IL,354,145,2023-05-17,8,2023-08-20,assembly
355,RAX-100,Supplier D,FL,355,143,2023-04-25,2,2023-08-01,field
356,CAB-100,Supplier E,NY,356,144,2023-04-29,4,2023-06-12,assembly
357,ECU-100,Supplier A,IL,357,142,2023-04-30,7,2023-06-27,receiving
358,TIR-100,Supplier B,FL,358,142,2023-05-07,8,2023-06-14,assembly
359,PTO-100,Supplier C,TX,359,140,2023-05-24,9,2023-08-03,assembly
360,FUE-100,Supplier B,NY,360,151,2023-04-28,4,2023-07-20,assembly
361,ENG-200,Supplier B,NY,361,118,2023-04-24,4,2023-04-29,receiving
362,TRN-200,Supplier C,NY,362,131,2023-05-11,5,2023-07-10,receiving
363,HYD-200,Supplier C,NY,363,113,2023-05-23,5,2023-07-26,receiving
364,FAX-200,Supplier A,FL,364,123,2023-05-24,5,2023-07-25,receiving
365,RAX-200,Supplier B,TX,365,125,2023-04-21,5,2023-08-12,assembly
366,CAB-200,Supplier C,FL,366,133,2023-04-29,7,2023-07-22,field
367,ECU-200,Supplier C,CA,367,114,2023-05-17,4,2023-06-24,receiving
368,TIR-200,Supplier D,FL,368,117,2023-05-17,2,2023-07-21,assembly
369,PTO-200,Supplier D,NY,369,129,2023-05-01,3,2023-05-30,receiving
370,FUE-200,Supplier E,TX,370,129,2023-05-09,7,2023-05-25,receiving
371,ENG-300,Supplier D,IL,371,154,2023-05-04,5,2023-05-19,field
372,TRN-300,Supplier E,TX,372,183,2023-05-08,13,2023-08-04,field
373,HYD-300,Supplier E,CA,373,154,2023-04-22,13,2023-07-26,receiving
374,FAX-300,Supplier D,CA,374,171,2023-05-20,10,2023-06-08,assembly
375,RAX-300,Supplier B,FL,375,190,2023-04-24,10,2023-05-25,field
376,CAB-300,Supplier E,NY,376,166,2023-05-09,9,2023-08-24,receiving
377,ECU-300,Supplier A,TX,377,170,2023-05-01,12,2023-08-02,field
378,TIR-300,Supplier B,CA,378,181,2023-04-30,6,2023-08-08,field
379,PTO-300,Supplier D,TX,379,194,2023-04-27,13,2023-06-06,receiving
380,FUE-300,Supplier E,TX,380,174,2023-04-17,8,2023-06-21,assembly
381,ENG-400,Supplier B,CA,381,129,2023-05-06,5,2023-06-13,field
382,TRN-400,Supplier B,CA,382,133,2023-05-02,13,2023-07-20,field
383,HYD-400,Supplier E,FL,383,131,2023-05-20,19,2023-07-02,assembly
384,FAX-400,Supplier A,CA,384,130,2023-05-09,2,2023-05-09,field
385,RAX-400,Supplier D,NY,385,123,2023-04-24,4,2023-08-19,receiving
386,CAB-400,Supplier C,NY,386,120,2023-05-18,5,2023-07-20,assembly
387,ECU-400,Supplier C,FL,387,134,2023-05-09,7,2023-05-22,field
388,TIR-400,Supplier D,NY,388,136,2023-04-25,7,2023-06-12,field
389,PTO-400,Supplier D,FL,389,118,2023-05-16,5,2023-09-05,receiving
390,FUE-400,Supplier A,CA,390,117,2023-04-27,3,2023-07-24,field
391,ENG-500,Supplier D,NY,391,162,2023-05-02,12,2023-06-01,field
392,TRN-500,Supplier B,TX,392,157,2023-05-04,13,2023-06-29,assembly
393,HYD-500,Supplier C,IL,393,154,2023-05-18,7,2023-05-22,assembly
394,FAX-500,Supplier D,CA,394,164,2023-05-10,10,2023-07-06,receiving
395,RAX-500,Supplier D,IL,395,169,2023-05-11,11,2023-05-19,assembly
396,CAB-500,Supplier E,CA,396,158,2023-04-25,5,2023-07-12,assembly
397,ECU-500,Supplier E,FL,397,160,2023-04-27,6,2023-06-13,assembly
398,TIR-500,Supplier B,NY,398,144,2023-05-01,10,2023-06-08,receiving
399,PTO-500,Supplier C,NY,399,151,2023-05-17,7,2023-06-30,field
400,FUE-500,Supplier A,IL,400,172,2023-05-18,11,2023-08-08,field
401,ENG-100,Supplier B,CA,401,96,2023-06-05,4,2023-08-28,receiving
402,TRN-100,Supplier C,FL,402,90,2023-06-03,4,2023-07-10,receiving
403,HYD-100,Supplier A,CA,403,94,2023-06-04,4,2023-08-25,assembly
404,FAX-100,Supplier A,IL,404,98,2023-06-14,5,2023-08-24,receiving
405,RAX-100,Supplier D,CA,405,93,2023-05-25,0,,
406,CAB-100,Supplier C,IL,406,97,2023-06-02,8,2023-06-24,assembly
407,ECU-100,Supplier A,IL,407,89,2023-06-15,9,2023-08-12,assembly
408,TIR-100,Supplier B,FL,408,100,2023-06-02,5,2023-09-26,receiving
409,PTO-100,Supplier D,NY,409,94,2023-05-25,4,2023-09-13,field
410,FUE-100,Supplier E,NY,410,99,2023-06-12,5,2023-08-25,assembly
411,ENG-200,Supplier A,CA,411,125,2023-05-17,8,2023-08-29,assembly
412,TRN-200,Supplier B,IL,412,137,2023-06-03,6,2023-07-17,field
413,HYD-200,Supplier C,FL,413,124,2023-06-04,5,2023-09-18,field
414,FAX-200,Supplier A,IL,414,119,2023-06-21,4,2023-07-30,field
415,RAX-200,Supplier D,NY,415,124,2023-06-12,9,2023-09-21,assembly
416,CAB-200,Supplier C,CA,416,131,2023-06-02,5,2023-09-15,receiving
417,ECU-200,Supplier C,TX,417,126,2023-06-19,6,2023-09-09,receiving
418,TIR-200,Supplier D,IL,418,125,2023-06-05,4,2023-09-05,assembly
419,PTO-200,Supplier C,IL,419,140,2023-06-01,4,2023-09-18,receiving
420,FUE-200,Supplier E,NY,420,135,2023-05-30,3,2023-06-26,receiving
421,ENG-300,Supplier D,NY,421,114,2023-06-18,3,2023-07-20,assembly
422,TRN-300,Supplier B,NY,422,105,2023-06-01,4,2023-09-08,field
423,HYD-300,Supplier C,FL,423,104,2023-06-17,7,2023-08-16,field
424,FAX-300,Supplier A,IL,424,111,2023-06-19,5,2023-06-25,assembly
425,RAX-300,Supplier B,IL,425,107,2023-05-27,6,2023-07-02,assembly
426,CAB-300,Supplier E,CA,426,112,2023-05-24,1,2023-06-18,assembly
427,ECU-300,Supplier A,TX,427,96,2023-05-30,4,2023-09-12,field
428,TIR-300,Supplier B,CA,428,114,2023-06-03,7,2023-10-01,assembly
429,PTO-300,Supplier C,CA,429,120,2023-05-29,5,2023-08-31,assembly
430,FUE-300,Supplier E,FL,430,115,2023-06-01,0,,
431,ENG-400,Supplier B,FL,431,83,2023-05-28,2,2023-06-30,field
432,TRN-400,Supplier E,IL,432,92,2023-06-17,12,2023-07-08,field
433,HYD-400,Supplier C,FL,433,92,2023-06-09,2,2023-07-30,receiving
434,FAX-400,Supplier D,IL,434,93,2023-05-27,2,2023-06-23,receiving
435,RAX-400,Supplier B,FL,435,88,2023-05-31,3,2023-08-22,assembly
436,CAB-400,Supplier E,TX,436,88,2023-06-09,3,2023-08-11,receiving
437,ECU-400,Supplier A,NY,437,94,2023-06-06,3,2023-06-21,field
438,TIR-400,Supplier B,FL,438,91,2023-05-24,4,2023-08-07,assembly
439,PTO-400,Supplier D,FL,439,93,2023-06-18,3,2023-09-28,assembly
440,FUE-400,Supplier B,CA,440,88,2023-05-26,6,2023-07-29,field
441,ENG-500,Supplier A,CA,441,87,2023-05-26,5,2023-08-22,assembly
442,TRN-500,Supplier B,CA,442,76,2023-06-05,1,2023-09-27,receiving
443,HYD-500,Supplier A,TX,443,94,2023-06-11,6,2023-09-25,field
444,FAX-500,Supplier A,CA,444,88,2023-05-26,6,2023-06-06,assembly
445,RAX-500,Supplier D,TX,445,96,2023-06-23,5,2023-10-15,assembly
446,CAB-500,Supplier E,NY,446,75,2023-06-09,4,2023-07-19,receiving
447,ECU-500,Supplier A,CA,447,90,2023-06-04,3,2023-07-21,receiving
448,TIR-500,Supplier B,TX,448,88,2023-06-08,6,2023-08-07,receiving
449,PTO-500,Supplier D,IL,449,89,2023-05-30,5,2023-07-29,assembly
450,FUE-500,Supplier A,NY,450,81,2023-06-20,4,2023-09-09,field
451,ENG-100,Supplier B,IL,451,87,2023-07-07,3,2023-08-16,receiving
452,TRN-100,Supplier B,NY,452,83,2023-07-01,4,2023-10-10,receiving
453,HYD-100,Supplier C,NY,453,92,2023-07-21,5,2023-10-11,receiving
454,FAX-100,Supplier A,TX,454,97,2023-07-17,2,2023-09-03,field
455,RAX-100,Supplier B,FL,455,94,2023-07-02,0,,
456,CAB-100,Supplier E,CA,456,95,2023-07-15,3,2023-10-26,receiving
457,ECU-100,Supplier A,CA,457,93,2023-07-08,6,2023-10-24,receiving
458,TIR-100,Supplier D,CA,458,97,2023-06-28,4,2023-09-14,assembly
459,PTO-100,Supplier D,NY,459,93,2023-07-04,2,2023-08-30,receiving
460,FUE-100,Supplier A,IL,460,88,2023-07-15,1,2023-10-14,receiving
461,ENG-200,Supplier A,NY,461,79,2023-07-11,7,2023-08-17,field
462,TRN-200,Supplier C,FL,462,84,2023-07-03,3,2023-08-15,field
463,HYD-200,Supplier A,IL,463,80,2023-06-21,5,2023-07-30,receiving
464,FAX-200,Supplier D,NY,464,81,2023-07-03,7,2023-08-09,assembly
465,RAX-200,Supplier B,FL,465,88,2023-06-20,4,2023-08-10,field
466,CAB-200,Supplier C,TX,466,75,2023-07-05,7,2023-07-06,assembly
467,ECU-200,Supplier C,IL,467,77,2023-06-21,4,2023-06-21,receiving
468,TIR-200,Supplier B,IL,468,76,2023-07-09,1,2023-10-01,assembly
469,PTO-200,Supplier D,NY,469,73,2023-07-20,5,2023-09-13,receiving
470,FUE-200,Supplier E,FL,470,78,2023-07-03,6,2023-07-09,receiving
471,ENG-300,Supplier A,CA,471,75,2023-06-27,2,2023-10-01,assembly
472,TRN-300,Supplier B,IL,472,70,2023-07-06,4,2023-09-26,receiving
473,HYD-300,Supplier A,FL,473,78,2023-07-05,5,2023-08-05,receiving
474,FAX-300,Supplier D,IL,474,74,2023-06-23,4,2023-08-24,receiving
475,RAX-300,Supplier B,IL,475,74,2023-07-01,4,2023-08-17,assembly
476,CAB-300,Supplier E,CA,476,67,2023-07-21,4,2023-09-07,field
477,ECU-300,Supplier A,FL,477,66,2023-07-08,4,2023-10-11,field
478,TIR-300,Supplier D,IL,478,72,2023-07-01,5,2023-08-11,field
479,PTO-300,Supplier C,IL,479,78,2023-06-20,4,2023-07-06,assembly
480,FUE-300,Supplier A,TX,480,78,2023-07-04,3,2023-09-02,assembly
481,ENG-400,Supplier B,CA,481,99,2023-07-09,8,2023-11-03,field
482,TRN-400,Supplier C,IL,482,89,2023-07-08,7,2023-11-02,assembly
483,HYD-400,Supplier E,TX,483,98,2023-07-10,15,2023-09-12,assembly
484,FAX-400,Supplier D,FL,484,104,2023-06-28,7,2023-07-30,assembly
485,RAX-400,Supplier D,NY,485,102,2023-06-27,7,2023-09-08,field
486,CAB-400,Supplier E,TX,486,105,2023-07-09,5,2023-09-29,field
487,ECU-400,Supplier A,FL,487,94,2023-07-07,4,2023-07-20,receiving
488,TIR-400,Supplier D,IL,488,103,2023-07-01,3,2023-07-11,field
489,PTO-400,Supplier C,FL,489,101,2023-07-05,10,2023-10-13,field
490,FUE-400,Supplier E,FL,490,111,2023-07-10,8,2023-09-05,assembly
491,ENG-500,Supplier D,CA,491,97,2023-07-13,1,2023-11-02,assembly
492,TRN-500,Supplier B,FL,492,101,2023-06-30,9,2023-08-27,receiving
493,HYD-500,Supplier C,TX,493,104,2023-07-06,3,2023-10-19,receiving
494,FAX-500,Supplier D,IL,494,109,2023-06-29,5,2023-08-29,field
495,RAX-500,Supplier B,NY,495,103,2023-07-05,5,2023-07-16,field
496,CAB-500,Supplier C,IL,496,104,2023-07-05,5,2023-09-25,receiving
497,ECU-500,Supplier A,FL,497,103,2023-07-08,5,2023-08-11,field
498,TIR-500,Supplier D,CA,498,101,2023-07-18,3,2023-10-26,field
499,PTO-500,Supplier C,IL,499,105,2023-07-07,8,2023-07-28,receiving
500,FUE-500,Supplier A,TX,500,102,2023-07-13,3,2023-09-07,field
501,ENG-100,Supplier D,NY,501,140,2023-08-02,10,2023-11-16,assembly
502,TRN-100,Supplier B,TX,502,165,2023-07-31,6,2023-11-01,receiving
503,HYD-100,Supplier C,TX,503,142,2023-08-18,8,2023-09-27,field
504,FAX-100,Supplier A,NY,504,140,2023-08-07,3,2023-10-31,field
505,RAX-100,Supplier B,FL,505,137,2023-07-25,5,2023-11-20,receiving
506,CAB-100,Supplier E,CA,506,141,2023-08-15,6,2023-08-25,assembly
507,ECU-100,Supplier C,TX,507,141,2023-08-16,4,2023-09-15,receiving
508,TIR-100,Supplier D,FL,508,146,2023-08-18,11,2023-09-26,receiving
509,PTO-100,Supplier C,TX,509,138,2023-08-06,8,2023-11-29,assembly
510,FUE-100,Supplier E,TX,510,141,2023-08-14,6,2023-09-01,assembly
511,ENG-200,Supplier A,IL,511,72,2023-08-01,2,2023-09-21,assembly
512,TRN-200,Supplier E,NY,512,68,2023-08-03,3,2023-09-22,field
513,HYD-200,Supplier C,TX,513,74,2023-08-06,3,2023-08-27,receiving
514,FAX-200,Supplier D,CA,514,77,2023-08-16,3,2023-08-17,field
515,RAX-200,Supplier D,TX,515,75,2023-08-05,5,2023-10-17,assembly
516,CAB-200,Supplier C,CA,516,72,2023-08-03,4,2023-09-09,receiving
517,ECU-200,Supplier C,TX,517,73,2023-08-21,1,2023-11-30,assembly
518,TIR-200,Supplier B,CA,518,70,2023-08-09,8,2023-09-06,receiving
519,PTO-200,Supplier C,IL,519,83,2023-08-14,9,2023-11-22,field
520,FUE-200,Supplier E,IL,520,77,2023-08-11,4,2023-08-15,assembly
521,ENG-300,Supplier B,CA,521,77,2023-07-22,2,2023-10-23,receiving
522,TRN-300,Supplier C,IL,522,84,2023-08-14,5,2023-08-27,assembly
523,HYD-300,Supplier E,CA,523,83,2023-08-02,9,2023-11-24,field
524,FAX-300,Supplier A,CA,524,84,2023-08-13,6,2023-08-17,field
525,RAX-300,Supplier D,FL,525,76,2023-07-25,6,2023-09-19,field
526,CAB-300,Supplier E,CA,526,87,2023-08-09,7,2023-09-01,assembly
527,ECU-300,Supplier E,TX,527,87,2023-07-25,6,2023-09-08,receiving
528,TIR-300,Supplier B,FL,528,84,2023-07-25,5,2023-10-03,assembly
529,PTO-300,Supplier C,TX,529,78,2023-08-10,2,2023-11-26,assembly
530,FUE-300,Supplier A,CA,530,85,2023-08-10,5,2023-11-03,assembly
531,ENG-400,Supplier B,NY,531,101,2023-07-18,3,2023-10-15,assembly
532,TRN-400,Supplier B,IL,532,98,2023-08-02,7,2023-08-10,receiving
533,HYD-400,Supplier C,TX,533,91,2023-08-04,5,2023-10-16,assembly
534,FAX-400,Supplier A,CA,534,110,2023-08-10,4,2023-09-18,assembly
535,RAX-400,Supplier B,IL,535,103,2023-08-09,5,2023-09-22,field
536,CAB-400,Supplier E,NY,536,105,2023-08-04,4,2023-09-01,receiving
537,ECU-400,Supplier A,CA,537,103,2023-07-29,6,2023-09-03,receiving
538,TIR-400,Supplier B,NY,538,100,2023-08-05,1,2023-09-12,assembly
539,PTO-400,Supplier D,CA,539,99,2023-08-21,7,2023-09-01,receiving
540,FUE-400,Supplier E,TX,540,106,2023-08-15,0,,
541,ENG-500,Supplier B,TX,541,125,2023-08-01,4,2023-09-11,field
542,TRN-500,Supplier E,FL,542,114,2023-07-30,7,2023-08-05,field
543,HYD-500,Supplier A,IL,543,141,2023-08-12,10,2023-11-21,field
544,FAX-500,Supplier D,FL,544,139,2023-08-10,8,2023-08-28,receiving
545,RAX-500,Supplier D,FL,545,144,2023-07-29,6,2023-10-10,field
546,CAB-500,Supplier E,TX,546,134,2023-08-24,4,2023-09-29,assembly
547,ECU-500,Supplier A,CA,547,140,2023-07-25,5,2023-07-30,assembly
548,TIR-500,Supplier D,CA,548,131,2023-08-20,10,2023-09-09,assembly
549,PTO-500,Supplier C,CA,549,133,2023-08-09,6,2023-08-10,assembly
550,FUE-500,Supplier A,TX,550,120,2023-08-20,9,2023-12-02,assembly
551,ENG-100,Supplier A,NY,551,99,2023-09-20,2,2024-01-15,field
552,TRN-100,Supplier B,NY,552,107,2023-08-25,4,2023-10-29,receiving
553,HYD-100,Supplier C,CA,553,99,2023-09-20,10,2023-11-14,receiving
554,FAX-100,Supplier A,NY,554,120,2023-08-18,8,2023-10-20,assembly
555,RAX-100,Supplier D,TX,555,96,2023-09-16,4,2023-09-28,assembly
556,CAB-100,Supplier C,CA,556,95,2023-09-07,7,2023-10-30,receiving
557,ECU-100,Supplier E,NY,557,91,2023-09-03,6,2023-09-28,receiving
558,TIR-100,Supplier D,CA,558,111,2023-09-02,11,2023-10-26,assembly
559,PTO-100,Supplier C,IL,559,98,2023-09-10,9,2023-10-12,assembly
560,FUE-100,Supplier E,FL,560,111,2023-09-15,3,2023-11-19,field
561,ENG-200,Supplier A,IL,561,94,2023-09-05,9,2023-11-19,receiving
562,TRN-200,Supplier B,CA,562,96,2023-09-01,2,2023-11-16,receiving
563,HYD-200,Supplier C,NY,563,83,2023-09-23,5,2023-11-19,assembly
564,FAX-200,Supplier D,TX,564,94,2023-08-31,9,2023-09-21,receiving
565,RAX-200,Supplier B,FL,565,93,2023-08-28,4,2023-11-15,field
566,CAB-200,Supplier E,IL,566,90,2023-09-05,5,2023-10-10,assembly
567,ECU-200,Supplier C,CA,567,97,2023-08-31,10,2023-12-17,receiving
568,TIR-200,Supplier B,CA,568,100,2023-09-02,5,2023-11-30,receiving
569,PTO-200,Supplier D,TX,569,89,2023-08-24,3,2023-09-11,assembly
570,FUE-200,Supplier E,CA,570,100,2023-08-22,3,2023-09-20,receiving
571,ENG-300,Supplier D,IL,571,128,2023-09-21,8,2024-01-04,assembly
572,TRN-300,Supplier B,TX,572,127,2023-08-22,5,2023-11-23,assembly
573,HYD-300,Supplier C,FL,573,116,2023-09-14,3,2023-12-17,assembly
574,FAX-300,Supplier D,FL,574,107,2023-09-20,6,2023-12-27,field
575,RAX-300,Supplier D,TX,575,123,2023-08-27,5,2023-09-20,assembly
576,CAB-300,Supplier E,TX,576,125,2023-09-02,10,2023-11-11,assembly
577,ECU-300,Supplier A,NY,577,126,2023-08-17,4,2023-09-11,field
578,TIR-300,Supplier D,IL,578,113,2023-08-30,3,2023-12-18,field
579,PTO-300,Supplier C,TX,579,119,2023-08-29,6,2023-12-17,field
580,FUE-300,Supplier B,NY,580,123,2023-08-28,4,2023-12-04,field
581,ENG-400,Supplier A,TX,581,126,2023-09-05,9,2023-10-28,field
582,TRN-400,Supplier B,CA,582,130,2023-08-29,12,2023-11-17,receiving
583,HYD-400,Supplier C,IL,583,137,2023-08-24,7,2023-09-24,receiving
584,FAX-400,Supplier D,FL,584,121,2023-09-08,8,2023-10-24,receiving
585,RAX-400,Supplier D,TX,585,117,2023-08-21,7,2023-09-19,field
586,CAB-400,Supplier E,FL,586,119,2023-09-16,7,2023-11-28,assembly
587,ECU-400,Supplier A,IL,587,128,2023-09-14,6,2023-09-14,receiving
588,TIR-400,Supplier D,NY,588,130,2023-08-25,7,2023-11-26,assembly
589,PTO-400,Supplier D,FL,589,145,2023-08-22,3,2023-12-01,assembly
590,FUE-400,Supplier E,TX,590,128,2023-08-27,6,2023-09-05,assembly
591,ENG-500,Supplier A,TX,591,127,2023-08-31,8,2023-11-26,field
592,TRN-500,Supplier B,NY,592,133,2023-08-26,8,2023-12-19,receiving
593,HYD-500,Supplier E,CA,593,121,2023-09-10,15,2023-10-25,assembly
594,FAX-500,Supplier A,TX,594,133,2023-09-16,6,2023-12-27,assembly
595,RAX-500,Supplier B,IL,595,124,2023-08-19,6,2023-10-09,field
596,CAB-500,Supplier C,CA,596,136,2023-09-18,7,2023-09-25,assembly
597,ECU-500,Supplier C,IL,597,122,2023-08-19,7,2023-09-10,receiving
598,TIR-500,Supplier D,TX,598,140,2023-09-16,11,2023-12-20,field
599,PTO-500,Supplier C,FL,599,135,2023-09-15,10,2023-10-16,receiving
600,FUE-500,Supplier E,TX,600,125,2023-09-17,8,2024-01-13,field
601,ENG-100,Supplier A,TX,601,150,2023-10-16,10,2023-10-18,receiving
602,TRN-100,Supplier B,FL,602,145,2023-10-07,9,2024-01-31,field
603,HYD-100,Supplier C,CA,603,148,2023-10-10,3,2024-01-20,field
604,FAX-100,Supplier D,NY,604,149,2023-10-11,9,2023-12-03,receiving
605,RAX-100,Supplier D,FL,605,155,2023-10-04,5,2024-01-26,field
606,CAB-100,Supplier C,FL,606,147,2023-10-16,11,2023-12-26,assembly
607,ECU-100,Supplier A,CA,607,160,2023-10-02,8,2023-10-23,assembly
608,TIR-100,Supplier B,CA,608,160,2023-09-25,14,2023-11-24,field
609,PTO-100,Supplier D,CA,609,156,2023-10-08,6,2024-01-10,receiving
610,FUE-100,Supplier E,FL,610,153,2023-10-19,6,2023-11-03,field
611,ENG-200,Supplier B,TX,611,164,2023-09-28,8,2023-11-26,field
612,TRN-200,Supplier B,TX,612,151,2023-10-04,8,2023-12-04,assembly
613,HYD-200,Supplier E,IL,613,154,2023-09-21,20,2023-11-07,assembly
614,FAX-200,Supplier D,TX,614,166,2023-10-09,12,2023-11-12,assembly
615,RAX-200,Supplier B,NY,615,147,2023-10-13,7,2023-11-18,assembly
616,CAB-200,Supplier E,CA,616,158,2023-09-30,3,2024-01-21,receiving
617,ECU-200,Supplier A,TX,617,147,2023-10-19,7,2024-01-25,assembly
618,TIR-200,Supplier B,NY,618,158,2023-10-04,5,2023-12-31,field
619,PTO-200,Supplier D,IL,619,157,2023-10-20,9,2023-10-27,assembly
620,FUE-200,Supplier A,NY,620,144,2023-10-20,2,2024-02-02,assembly
621,ENG-300,Supplier A,TX,621,157,2023-10-09,7,2023-12-13,field
622,TRN-300,Supplier B,TX,622,173,2023-09-24,6,2023-10-08,receiving
623,HYD-300,Supplier C,NY,623,168,2023-10-19,9,2024-01-10,receiving
624,FAX-300,Supplier D,CA,624,174,2023-10-04,8,2023-12-20,assembly
625,RAX-300,Supplier B,FL,625,177,2023-10-03,5,2023-11-24,receiving
626,CAB-300,Supplier E,CA,626,160,2023-09-25,11,2024-01-02,receiving
627,ECU-300,Supplier C,IL,627,156,2023-10-05,4,2023-10-27,assembly
628,TIR-300,Supplier D,CA,628,162,2023-09-22,11,2023-11-18,receiving
629,PTO-300,Supplier C,FL,629,194,2023-10-16,8,2023-12-24,receiving
630,FUE-300,Supplier A,CA,630,173,2023-10-02,8,2023-11-16,assembly
631,ENG-400,Supplier D,NY,631,105,2023-10-15,3,2024-02-03,receiving
632,TRN-400,Supplier B,FL,632,118,2023-09-26,9,2023-12-23,field
633,HYD-400,Supplier C,IL,633,117,2023-10-05,9,2023-12-02,receiving
634,FAX-400,Supplier A,FL,634,102,2023-09-25,6,2023-11-22,assembly
635,RAX-400,Supplier B,TX,635,112,2023-10-04,8,2024-02-01,receiving
636,CAB-400,Supplier C,IL,636,119,2023-10-12,7,2023-12-22,assembly
637,ECU-400,Supplier A,NY,637,102,2023-10-08,6,2024-02-03,field
638,TIR-400,Supplier B,CA,638,119,2023-09-24,4,2023-12-19,field
639,PTO-400,Supplier C,FL,639,104,2023-10-11,7,2023-11-06,assembly
640,FUE-400,Supplier A,FL,640,103,2023-10-15,4,2023-10-19,receiving
641,ENG-500,Supplier B,CA,641,151,2023-10-03,6,2024-01-08,assembly
642,TRN-500,Supplier E,TX,642,134,2023-09-25,5,2024-01-04,receiving
643,HYD-500,Supplier A,CA,643,132,2023-09-29,5,2023-12-11,field
644,FAX-500,Supplier D,CA,644,138,2023-10-24,1,2023-10-24,field
645,RAX-500,Supplier D,CA,645,141,2023-09-22,5,2024-01-17,assembly
646,CAB-500,Supplier C,IL,646,140,2023-10-17,3,2023-12-01,receiving
647,ECU-500,Supplier A,CA,647,133,2023-10-13,11,2023-10-20,assembly
648,TIR-500,Supplier B,TX,648,135,2023-10-03,7,2023-11-13,field
649,PTO-500,Supplier C,CA,649,136,2023-09-28,11,2024-01-26,field
650,FUE-500,Supplier A,FL,650,118,2023-09-22,7,2023-11-17,receiving
651,ENG-100,Supplier B,CA,651,88,2023-11-03,6,2024-02-03,receiving
652,TRN-100,Supplier E,CA,652,98,2023-10-17,0,,
653,HYD-100,Supplier C,IL,653,100,2023-11-15,2,2024-02-01,assembly
654,FAX-100,Supplier A,CA,654,96,2023-11-16,6,2024-01-11,assembly
655,RAX-100,Supplier D,IL,655,92,2023-11-14,6,2023-11-24,field
656,CAB-100,Supplier E,TX,656,106,2023-10-29,2,2023-12-31,receiving
657,ECU-100,Supplier C,NY,657,116,2023-11-17,3,2024-02-05,assembly
658,TIR-100,Supplier B,NY,658,96,2023-10-30,5,2023-11-25,assembly
659,PTO-100,Supplier D,FL,659,103,2023-12-06,3,2024-02-20,field
660,FUE-100,Supplier E,IL,660,103,2023-11-07,1,2023-12-01,field
661,ENG-200,Supplier B,CA,661,129,2023-11-06,9,2023-12-21,assembly
662,TRN-200,Supplier B,TX,662,130,2023-11-03,10,2024-02-17,field
663,HYD-200,Supplier E,IL,663,138,2023-11-14,14,2023-12-03,field
664,FAX-200,Supplier A,NY,664,131,2023-11-08,4,2023-11-25,assembly
665,RAX-200,Supplier D,IL,665,128,2023-11-14,4,2024-02-13,assembly
666,CAB-200,Supplier E,TX,666,115,2023-10-23,10,2023-12-05,receiving
667,ECU-200,Supplier A,CA,667,130,2023-11-05,5,2024-01-11,receiving
668,TIR-200,Supplier D,IL,668,133,2023-11-10,2,2024-01-07,assembly
669,PTO-200,Supplier C,TX,669,134,2023-11-09,6,2023-12-18,assembly
670,FUE-200,Supplier B,IL,670,123,2023-10-23,4,2023-12-25,assembly
671,ENG-300,Supplier A,CA,671,78,2023-11-13,4,2024-02-04,assembly
672,TRN-300,Supplier E,CA,672,74,2023-10-30,0,,
673,HYD-300,Supplier E,IL,673,79,2023-11-03,16,2024-01-21,field
674,FAX-300,Supplier A,FL,674,75,2023-11-22,1,2024-02-20,receiving
675,RAX-300,Supplier B,FL,675,78,2023-10-28,6,2024-02-25,field
676,CAB-300,Supplier C,TX,676,72,2023-11-09,2,2024-01-16,field
677,ECU-300,Supplier C,CA,677,70,2023-10-30,4,2024-01-10,receiving
678,TIR-300,Supplier B,FL,678,78,2023-10-26,5,2024-02-18,assembly
679,PTO-300,Supplier C,IL,679,80,2023-11-12,6,2024-02-16,field
680,FUE-300,Supplier E,NY,680,81,2023-11-12,8,2023-12-14,field
681,ENG-400,Supplier B,TX,681,106,2023-11-06,0,,
682,TRN-400,Supplier C,NY,682,101,2023-11-18,8,2024-03-12,assembly
683,HYD-400,Supplier A,IL,683,97,2023-11-09,7,2024-02-21,assembly
684,FAX-400,Supplier D,IL,684,99,2023-11-03,3,2023-12-21,field
685,RAX-400,Supplier B,NY,685,98,2023-10-20,11,2023-12-17,receiving
686,CAB-400,Supplier E,TX,686,97,2023-11-05,4,2023-12-24,receiving
687,ECU-400,Supplier A,FL,687,96,2023-11-08,3,2024-01-04,field
688,TIR-400,Supplier B,TX,688,84,2023-10-23,13,2024-01-18,assembly
689,PTO-400,Supplier C,CA,689,98,2023-11-05,1,2023-12-13,assembly
690,FUE-400,Supplier A,CA,690,98,2023-11-05,8,2023-12-08,field
691,ENG-500,Supplier A,NY,691,65,2023-11-09,3,2024-02-15,assembly
692,TRN-500,Supplier B,TX,692,67,2023-10-31,3,2023-12-24,field
693,HYD-500,Supplier C,TX,693,63,2023-11-13,1,2023-12-13,field
694,FAX-500,Supplier A,FL,694,65,2023-10-27,4,2023-12-22,assembly
695,RAX-500,Supplier D,IL,695,67,2023-11-02,4,2024-02-09,field
696,CAB-500,Supplier E,IL,696,57,2023-11-14,1,2023-12-15,receiving
697,ECU-500,Supplier C,TX,697,69,2023-11-14,1,2023-11-27,receiving
698,TIR-500,Supplier D,IL,698,73,2023-11-22,0,,
699,PTO-500,Supplier C,IL,699,65,2023-11-15,1,2023-12-11,field
700,FUE-500,Supplier A,NY,700,66,2023-11-14,5,2024-03-05,assembly
701,ENG-100,Supplier A,CA,701,90,2023-12-03,3,2024-02-01,receiving
702,TRN-100,Supplier B,CA,702,86,2023-11-26,3,2024-02-28,assembly
703,HYD-100,Supplier A,CA,703,89,2023-12-11,7,2024-04-07,receiving
704,FAX-100,Supplier A,IL,704,90,2023-12-02,6,2024-03-11,field
705,RAX-100,Supplier D,CA,705,88,2023-12-31,7,2024-01-08,field
706,CAB-100,Supplier E,IL,706,87,2023-12-16,6,2023-12-27,receiving
707,ECU-100,Supplier A,FL,707,94,2023-12-14,0,,
708,TIR-100,Supplier D,TX,708,91,2023-11-27,8,2024-02-04,assembly
709,PTO-100,Supplier C,CA,709,82,2023-11-21,5,2023-12-24,field
710,FUE-100,Supplier B,IL,710,96,2023-12-05,6,2024-01-07,field
711,ENG-200,Supplier A,CA,711,104,2023-11-30,5,2024-02-18,assembly
712,TRN-200,Supplier B,FL,712,117,2023-11-29,7,2024-03-14,assembly
713,HYD-200,Supplier A,IL,713,101,2023-12-12,3,2024-01-24,assembly
714,FAX-200,Supplier D,FL,714,99,2023-12-16,0,,
715,RAX-200,Supplier D,IL,715,108,2023-11-21,7,2023-12-25,assembly
716,CAB-200,Supplier E,CA,716,105,2023-12-03,3,2024-03-07,receiving
717,ECU-200,Supplier A,IL,717,102,2023-12-25,7,2024-01-19,receiving
718,TIR-200,Supplier B,FL,718,98,2023-12-07,5,2024-01-10,field
719,PTO-200,Supplier C,NY,719,107,2023-12-05,3,2023-12-14,assembly
720,FUE-200,Supplier A,FL,720,110,2023-12-18,4,2024-02-04,assembly
721,ENG-300,Supplier A,NY,721,84,2023-12-02,3,2024-03-16,field
722,TRN-300,Supplier E,CA,722,85,2023-12-07,2,2024-01-31,field
723,HYD-300,Supplier A,TX,723,81,2023-12-13,2,2024-01-05,assembly
724,FAX-300,Supplier A,FL,724,94,2023-12-14,6,2023-12-21,assembly
725,RAX-300,Supplier B,CA,725,85,2023-11-27,4,2024-03-25,assembly
726,CAB-300,Supplier E,CA,726,82,2023-12-05,7,2024-01-08,assembly
727,ECU-300,Supplier C,CA,727,84,2023-12-09,3,2024-03-28,field
728,TIR-300,Supplier D,NY,728,83,2023-12-23,3,2024-01-22,field
729,PTO-300,Supplier C,FL,729,79,2023-12-04,4,2024-03-27,assembly
730,FUE-300,Supplier A,NY,730,86,2023-12-11,8,2023-12-29,assembly
731,ENG-400,Supplier B,CA,731,113,2023-12-08,6,2024-01-04,receiving
732,TRN-400,Supplier E,CA,732,117,2023-12-15,12,2023-12-15,receiving
733,HYD-400,Supplier E,CA,733,105,2023-12-10,13,2024-01-16,receiving
734,FAX-400,Supplier D,CA,734,124,2023-12-12,7,2024-01-04,assembly
735,RAX-400,Supplier B,NY,735,119,2023-11-25,6,2024-01-10,field
736,CAB-400,Supplier C,TX,736,124,2023-12-07,0,,
737,ECU-400,Supplier A,IL,737,124,2023-12-23,7,2024-04-10,assembly
738,TIR-400,Supplier B,CA,738,118,2023-12-01,4,2024-01-29,receiving
739,PTO-400,Supplier D,IL,739,113,2023-12-17,5,2024-02-10,assembly
740,FUE-400,Supplier B,TX,740,115,2023-11-21,7,2024-02-02,field
741,ENG-500,Supplier B,TX,741,87,2023-11-21,4,2024-02-29,field
742,TRN-500,Supplier E,IL,742,95,2023-11-23,2,2023-12-26,assembly
743,HYD-500,Supplier C,FL,743,108,2023-11-28,2,2023-12-13,field
744,FAX-500,Supplier D,CA,744,93,2023-12-07,3,2024-01-18,field
745,RAX-500,Supplier B,NY,745,95,2023-12-08,3,2024-03-03,receiving
746,CAB-500,Supplier E,NY,746,98,2023-11-20,5,2024-03-10,assembly
747,ECU-500,Supplier C,FL,747,96,2023-12-05,0,,
748,TIR-500,Supplier B,CA,748,104,2023-12-04,5,2024-03-16,assembly
749,PTO-500,Supplier D,TX,749,94,2023-11-27,6,2024-01-20,receiving
750,FUE-500,Supplier B,NY,750,89,2023-11-23,1,2024-02-12,receiving
751,ENG-100,Supplier B,NY,751,105,2024-01-04,6,2024-04-23,receiving
752,TRN-100,Supplier B,IL,752,102,2024-01-02,7,2024-01-11,field
753,HYD-100,Supplier A,FL,753,99,2024-01-05,7,2024-02-09,receiving
754,FAX-100,Supplier D,CA,754,106,2024-01-13,6,2024-03-04,assembly
755,RAX-100,Supplier D,CA,755,96,2023-12-29,5,2024-03-31,field
756,CAB-100,Supplier E,NY,756,103,2024-01-09,2,2024-03-10,assembly
757,ECU-100,Supplier C,IL,757,106,2024-01-02,8,2024-03-03,assembly
758,TIR-100,Supplier B,FL,758,94,2023-12-25,0,,
759,PTO-100,Supplier C,IL,759,101,2024-01-04,5,2024-04-03,receiving
760,FUE-100,Supplier A,FL,760,103,2024-01-07,8,2024-01-11,assembly
761,ENG-200,Supplier A,CA,761,114,2024-01-01,4,2024-04-04,receiving
762,TRN-200,Supplier B,IL,762,110,2024-01-01,5,2024-04-09,assembly
763,HYD-200,Supplier A,TX,763,119,2024-01-20,0,,
764,FAX-200,Supplier D,NY,764,118,2023-12-29,3,2024-03-23,field
765,RAX-200,Supplier B,CA,765,110,2024-01-05,6,2024-04-02,assembly
766,CAB-200,Supplier C,TX,766,120,2024-01-13,1,2024-02-21,assembly
767,ECU-200,Supplier A,FL,767,113,2024-01-08,6,2024-02-26,receiving
768,TIR-200,Supplier B,FL,768,113,2023-12-27,4,2024-01-19,assembly
769,PTO-200,Supplier C,IL,769,116,2024-01-19,2,2024-01-27,receiving
770,FUE-200,Supplier B,FL,770,117,2024-01-13,4,2024-03-13,assembly
771,ENG-300,Supplier A,CA,771,88,2024-01-02,5,2024-01-10,assembly
772,TRN-300,Supplier B,CA,772,83,2024-01-06,3,2024-03-21,assembly
773,HYD-300,Supplier E,CA,773,81,2023-12-20,8,2024-03-19,assembly
774,FAX-300,Supplier A,FL,774,83,2024-01-11,2,2024-01-21,receiving
775,RAX-300,Supplier D,TX,775,86,2024-01-05,3,2024-04-22,assembly
776,CAB-300,Supplier E,NY,776,87,2024-01-10,4,2024-04-20,assembly
777,ECU-300,Supplier C,IL,777,80,2023-12-26,5,2024-03-21,receiving
778,TIR-300,Supplier B,TX,778,78,2024-01-03,5,2024-03-08,receiving
779,PTO-300,Supplier C,IL,779,68,2024-01-05,1,2024-02-17,assembly
780,FUE-300,Supplier E,CA,780,91,2024-01-08,4,2024-01-27,receiving
781,ENG-400,Supplier B,CA,781,96,2024-01-08,9,2024-01-30,receiving
782,TRN-400,Supplier B,FL,782,112,2024-01-06,3,2024-03-12,assembly
783,HYD-400,Supplier C,FL,783,106,2023-12-30,4,2024-02-02,assembly
784,FAX-400,Supplier D,FL,784,110,2024-01-07,6,2024-04-21,receiving
785,RAX-400,Supplier B,IL,785,111,2023-12-27,4,2024-03-31,field
786,CAB-400,Supplier E,IL,786,107,2024-01-03,4,2024-04-11,field
787,ECU-400,Supplier A,IL,787,106,2023-12-28,4,2024-01-23,field
788,TIR-400,Supplier B,TX,788,102,2024-01-08,1,2024-04-29,field
789,PTO-400,Supplier C,TX,789,108,2023-12-30,2,2024-03-26,receiving
790,FUE-400,Supplier E,IL,790,109,2024-01-14,0,,
791,ENG-500,Supplier D,CA,791,110,2023-12-23,7,2024-04-11,receiving
792,TRN-500,Supplier C,IL,792,127,2024-01-04,8,2024-03-03,assembly
793,HYD-500,Supplier A,CA,793,127,2024-01-16,6,2024-04-30,assembly
794,FAX-500,Supplier D,CA,794,120,2024-01-27,5,2024-02-16,field
795,RAX-500,Supplier B,NY,795,120,2024-01-02,6,2024-01-15,field
796,CAB-500,Supplier E,CA,796,120,2024-01-08,4,2024-02-03,assembly
797,ECU-500,Supplier A,NY,797,118,2024-01-02,4,2024-01-28,assembly
798,TIR-500,Supplier B,NY,798,126,2024-01-10,9,2024-02-25,field
799,PTO-500,Supplier C,FL,799,133,2023-12-26,7,2024-01-03,receiving
800,FUE-500,Supplier E,FL,800,109,2023-12-19,4,2024-01-11,assembly
801,ENG-100,Supplier B,CA,801,79,2024-02-01,7,2024-03-09,field
802,TRN-100,Supplier C,CA,802,85,2024-02-06,2,2024-02-24,assembly
803,HYD-100,Supplier C,TX,803,81,2024-02-17,6,2024-04-28,receiving
804,FAX-100,Supplier A,CA,804,82,2024-02-01,2,2024-05-04,receiving
805,RAX-100,Supplier D,CA,805,85,2024-01-24,3,2024-04-08,field
806,CAB-100,Supplier E,IL,806,92,2024-02-07,4,2024-04-18,receiving
807,ECU-100,Supplier A,CA,807,87,2024-01-23,6,2024-02-11,assembly
808,TIR-100,Supplier B,IL,808,83,2024-01-25,6,2024-04-22,receiving
809,PTO-100,Supplier C,IL,809,94,2024-02-06,4,2024-04-02,field
810,FUE-100,Supplier E,FL,810,87,2024-01-19,4,2024-01-30,assembly
811,ENG-200,Supplier A,IL,811,149,2024-01-25,3,2024-05-02,receiving
812,TRN-200,Supplier B,IL,812,152,2024-01-26,9,2024-03-31,assembly
813,HYD-200,Supplier C,FL,813,138,2024-02-12,4,2024-03-01,field
814,FAX-200,Supplier D,IL,814,133,2024-02-04,7,2024-04-23,assembly
815,RAX-200,Supplier D,IL,815,135,2024-01-29,4,2024-05-23,field
816,CAB-200,Supplier E,TX,816,138,2024-02-08,9,2024-04-23,field
817,ECU-200,Supplier A,FL,817,135,2024-02-04,7,2024-04-07,field
818,TIR-200,Supplier B,NY,818,137,2024-01-27,8,2024-02-22,assembly
819,PTO-200,Supplier D,TX,819,131,2024-02-03,7,2024-05-31,assembly
820,FUE-200,Supplier E,CA,820,136,2024-01-29,4,2024-05-19,assembly
821,ENG-300,Supplier B,IL,821,115,2024-01-28,6,2024-04-27,field
822,TRN-300,Supplier B,NY,822,119,2024-01-21,9,2024-05-12,assembly
823,HYD-300,Supplier C,TX,823,107,2024-02-13,10,2024-05-15,receiving
824,FAX-300,Supplier D,NY,824,114,2024-01-29,5,2024-02-08,assembly
825,RAX-300,Supplier D,TX,825,114,2024-02-07,8,2024-02-29,assembly
826,CAB-300,Supplier E,FL,826,117,2024-01-21,6,2024-01-21,field
827,ECU-300,Supplier A,FL,827,122,2024-01-22,6,2024-03-12,receiving
828,TIR-300,Supplier B,IL,828,114,2024-02-01,6,2024-05-21,assembly
829,PTO-300,Supplier C,FL,829,118,2024-02-05,8,2024-05-20,assembly
830,FUE-300,Supplier E,TX,830,104,2024-02-23,7,2024-03-28,assembly
831,ENG-400,Supplier A,FL,831,110,2024-02-12,5,2024-05-10,receiving
832,TRN-400,Supplier B,NY,832,114,2024-02-12,9,2024-03-25,receiving
833,HYD-400,Supplier E,FL,833,112,2024-01-23,21,2024-04-05,receiving
834,FAX-400,Supplier D,NY,834,111,2024-02-02,4,2024-04-04,field
835,RAX-400,Supplier D,CA,835,114,2024-02-02,8,2024-03-02,assembly
836,CAB-400,Supplier C,TX,836,118,2024-02-04,7,2024-04-02,receiving
837,ECU-400,Supplier A,NY,837,106,2024-02-02,6,2024-03-14,assembly
838,TIR-400,Supplier D,FL,838,105,2024-01-29,6,2024-03-27,receiving
839,PTO-400,Supplier C,IL,839,111,2024-02-03,8,2024-03-13,assembly
840,FUE-400,Supplier A,CA,840,126,2024-02-13,9,2024-06-03,assembly
841,ENG-500,Supplier A,FL,841,123,2024-02-13,7,2024-04-10,assembly
842,TRN-500,Supplier E,TX,842,117,2024-02-11,8,2024-05-03,assembly
843,HYD-500,Supplier C,NY,843,129,2024-02-03,9,2024-05-26,assembly
844,FAX-500,Supplier A,FL,844,125,2024-02-06,7,2024-04-29,assembly
845,RAX-500,Supplier B,NY,845,133,2024-01-19,9,2024-04-12,field
846,CAB-500,Supplier E,TX,846,122,2024-02-07,10,2024-04-26,assembly
847,ECU-500,Supplier A,TX,847,119,2024-02-08,7,2024-05-01,receiving
848,TIR-500,Supplier B,CA,848,136,2024-02-09,13,2024-03-19,field
849,PTO-500,Supplier D,IL,849,129,2024-01-30,8,2024-02-17,receiving
850,FUE-500,Supplier B,CA,850,128,2024-02-10,7,2024-03-14,receiving
851,ENG-100,Supplier A,IL,851,136,2024-03-18,9,2024-05-10,assembly
852,TRN-100,Supplier E,IL,852,143,2024-03-16,8,2024-05-31,receiving
853,HYD-100,Supplier E,IL,853,147,2024-03-04,19,2024-06-21,field
854,FAX-100,Supplier A,IL,854,134,2024-03-11,6,2024-03-13,receiving
855,RAX-100,Supplier D,FL,855,125,2024-03-06,9,2024-03-22,assembly
856,CAB-100,Supplier C,IL,856,139,2024-03-17,4,2024-04-01,assembly
857,ECU-100,Supplier C,TX,857,152,2024-02-23,3,2024-02-25,assembly
858,TIR-100,Supplier B,NY,858,145,2024-03-06,3,2024-04-09,assembly
859,PTO-100,Supplier C,IL,859,138,2024-03-17,9,2024-04-14,assembly
860,FUE-100,Supplier E,IL,860,174,2024-02-19,12,2024-03-20,assembly
861,ENG-200,Supplier B,IL,861,145,2024-03-02,11,2024-04-17,assembly
862,TRN-200,Supplier C,FL,862,174,2024-03-11,6,2024-06-11,field
863,HYD-200,Supplier C,NY,863,155,2024-03-15,8,2024-06-12,field
864,FAX-200,Supplier D,FL,864,162,2024-02-28,9,2024-05-23,receiving
865,RAX-200,Supplier B,CA,865,162,2024-03-04,7,2024-06-07,assembly
866,CAB-200,Supplier E,TX,866,158,2024-03-02,8,2024-04-11,field
867,ECU-200,Supplier C,IL,867,158,2024-03-10,4,2024-06-02,field
868,TIR-200,Supplier B,IL,868,150,2024-03-07,5,2024-06-28,assembly
869,PTO-200,Supplier C,CA,869,155,2024-03-07,8,2024-05-02,receiving
870,FUE-200,Supplier A,FL,870,145,2024-03-21,6,2024-05-19,field
871,ENG-300,Supplier A,FL,871,169,2024-03-09,10,2024-05-06,assembly
872,TRN-300,Supplier B,CA,872,193,2024-03-01,5,2024-05-20,assembly
873,HYD-300,Supplier C,CA,873,179,2024-02-29,9,2024-03-23,field
874,FAX-300,Supplier A,CA,874,190,2024-02-26,10,2024-03-18,field
875,RAX-300,Supplier D,NY,875,166,2024-03-08,6,2024-04-05,receiving
876,CAB-300,Supplier E,FL,876,201,2024-03-05,8,2024-05-06,field
877,ECU-300,Supplier C,FL,877,181,2024-02-24,12,2024-04-22,receiving
878,TIR-300,Supplier B,CA,878,191,2024-02-23,15,2024-06-09,receiving
879,PTO-300,Supplier C,CA,879,182,2024-03-10,7,2024-03-21,assembly
880,FUE-300,Supplier E,NY,880,190,2024-03-02,7,2024-04-20,field
881,ENG-400,Supplier A,NY,881,159,2024-02-25,7,2024-04-14,receiving
882,TRN-400,Supplier B,TX,882,151,2024-03-05,18,2024-04-27,receiving
883,HYD-400,Supplier C,CA,883,146,2024-02-24,6,2024-05-08,field
884,FAX-400,Supplier D,IL,884,177,2024-02-19,7,2024-05-03,receiving
885,RAX-400,Supplier D,CA,885,149,2024-02-21,7,2024-03-19,assembly
886,CAB-400,Supplier C,TX,886,145,2024-02-17,7,2024-04-25,assembly
887,ECU-400,Supplier C,NY,887,170,2024-03-05,14,2024-04-14,receiving
888,TIR-400,Supplier D,TX,888,151,2024-03-02,7,2024-03-18,receiving
889,PTO-400,Supplier D,CA,889,141,2024-03-07,5,2024-06-26,receiving
890,FUE-400,Supplier E,IL,890,156,2024-03-18,11,2024-05-28,receiving
891,ENG-500,Supplier A,NY,891,190,2024-03-03,10,2024-06-19,field
892,TRN-500,Supplier B,TX,892,192,2024-02-22,9,2024-06-06,receiving
893,HYD-500,Supplier C,FL,893,190,2024-03-07,12,2024-05-05,field
894,FAX-500,Supplier D,NY,894,191,2024-02-22,13,2024-02-26,assembly
895,RAX-500,Supplier B,TX,895,201,2024-03-05,9,2024-06-18,field
896,CAB-500,Supplier C,FL,896,179,2024-03-17,2,2024-06-19,field
897,ECU-500,Supplier A,IL,897,194,2024-02-24,14,2024-05-26,assembly
898,TIR-500,Supplier D,FL,898,192,2024-03-11,12,2024-06-08,receiving
899,PTO-500,Supplier C,IL,899,200,2024-03-18,7,2024-03-22,receiving
900,FUE-500,Supplier A,NY,900,197,2024-03-05,12,2024-03-16,receiving
901,ENG-100,Supplier D,IL,901,196,2024-04-13,6,2024-06-15,assembly
902,TRN-100,Supplier E,NY,902,201,2024-04-14,6,2024-08-07,field
903,HYD-100,Supplier E,TX,903,189,2024-03-31,30,2024-04-24,receiving
904,FAX-100,Supplier D,CA,904,203,2024-04-13,7,2024-06-05,field
905,RAX-100,Supplier D,NY,905,188,2024-04-14,5,2024-07-05,assembly
906,CAB-100,Supplier C,IL,906,200,2024-04-10,6,2024-07-08,assembly
907,ECU-100,Supplier C,NY,907,215,2024-03-19,8,2024-06-27,field
908,TIR-100,Supplier B,CA,908,212,2024-03-22,8,2024-05-22,receiving
909,PTO-100,Supplier D,IL,909,183,2024-04-07,5,2024-04-17,assembly
910,FUE-100,Supplier A,NY,910,196,2024-04-06,9,2024-06-27,assembly
911,ENG-200,Supplier A,IL,911,179,2024-03-29,7,2024-05-13,receiving
912,TRN-200,Supplier B,NY,912,178,2024-03-26,13,2024-05-22,assembly
913,HYD-200,Supplier E,CA,913,181,2024-04-02,27,2024-06-09,receiving
914,FAX-200,Supplier D,NY,914,192,2024-04-08,13,2024-08-01,assembly
915,RAX-200,Supplier B,IL,915,186,2024-03-30,10,2024-05-31,field
916,CAB-200,Supplier C,CA,916,188,2024-03-27,9,2024-04-16,assembly
917,ECU-200,Supplier A,FL,917,178,2024-04-16,9,2024-07-15,field
918,TIR-200,Supplier B,TX,918,184,2024-04-07,10,2024-06-14,assembly
919,PTO-200,Supplier D,CA,919,165,2024-04-08,5,2024-06-01,receiving
920,FUE-200,Supplier E,IL,920,188,2024-03-26,9,2024-04-03,assembly
921,ENG-300,Supplier A,TX,921,163,2024-04-05,6,2024-07-02,assembly
922,TRN-300,Supplier B,IL,922,150,2024-03-30,9,2024-07-06,field
923,HYD-300,Supplier E,NY,923,163,2024-04-02,12,2024-06-24,field
924,FAX-300,Supplier D,TX,924,168,2024-04-13,10,2024-06-13,assembly
925,RAX-300,Supplier B,TX,925,152,2024-03-24,2,2024-06-25,receiving
926,CAB-300,Supplier E,IL,926,152,2024-04-12,3,2024-06-26,assembly
927,ECU-300,Supplier C,TX,927,158,2024-04-07,12,2024-07-14,assembly
928,TIR-300,Supplier D,NY,928,156,2024-04-16,7,2024-05-16,receiving
929,PTO-300,Supplier C,IL,929,144,2024-04-13,6,2024-07-01,receiving
930,FUE-300,Supplier E,IL,930,152,2024-04-17,5,2024-07-14,assembly
931,ENG-400,Supplier B,FL,931,210,2024-03-31,11,2024-06-30,field
932,TRN-400,Supplier E,TX,932,207,2024-04-03,24,2024-04-06,field
933,HYD-400,Supplier E,IL,933,203,2024-03-20,34,2024-06-09,assembly
934,FAX-400,Supplier A,CA,934,200,2024-04-08,12,2024-04-17,field
935,RAX-400,Supplier D,NY,935,210,2024-03-25,10,2024-06-05,field
936,CAB-400,Supplier C,CA,936,190,2024-04-15,3,2024-06-06,receiving
937,ECU-400,Supplier E,CA,937,204,2024-03-25,17,2024-05-04,assembly
938,TIR-400,Supplier B,CA,938,188,2024-04-05,10,2024-04-17,receiving
939,PTO-400,Supplier C,IL,939,216,2024-03-21,12,2024-04-03,receiving
940,FUE-400,Supplier E,IL,940,231,2024-04-17,6,2024-05-29,field
941,ENG-500,Supplier A,FL,941,175,2024-04-10,11,2024-07-20,field
942,TRN-500,Supplier E,IL,942,169,2024-04-06,15,2024-07-21,assembly
943,HYD-500,Supplier A,CA,943,187,2024-03-27,10,2024-06-22,assembly
944,FAX-500,Supplier A,TX,944,184,2024-03-24,12,2024-06-30,receiving
945,RAX-500,Supplier B,TX,945,170,2024-04-03,8,2024-06-02,receiving
946,CAB-500,Supplier E,IL,946,168,2024-03-31,10,2024-05-02,receiving
947,ECU-500,Supplier A,IL,947,192,2024-04-07,10,2024-06-07,assembly
948,TIR-500,Supplier D,CA,948,183,2024-04-03,12,2024-06-14,assembly
949,PTO-500,Supplier C,IL,949,185,2024-04-13,12,2024-08-09,receiving
950,FUE-500,Supplier E,NY,950,193,2024-04-14,10,2024-05-03,receiving
951,ENG-100,Supplier B,FL,951,159,2024-05-05,10,2024-08-24,assembly
952,TRN-100,Supplier B,CA,952,137,2024-04-26,7,2024-07-23,receiving
953,HYD-100,Supplier A,NY,953,166,2024-05-07,15,2024-05-23,assembly
954,FAX-100,Supplier D,TX,954,149,2024-05-11,4,2024-07-15,assembly
955,RAX-100,Supplier D,FL,955,145,2024-05-12,12,2024-07-17,assembly
956,CAB-100,Supplier E,NY,956,157,2024-05-16,10,2024-06-18,assembly
957,ECU-100,Supplier C,IL,957,152,2024-05-11,12,2024-08-28,assembly
958,TIR-100,Supplier B,CA,958,149,2024-05-02,10,2024-06-07,receiving
959,PTO-100,Supplier C,FL,959,155,2024-05-01,3,2024-08-17,field
960,FUE-100,Supplier E,CA,960,169,2024-05-11,10,2024-06-28,field
961,ENG-200,Supplier B,CA,961,141,2024-05-02,7,2024-05-13,field
962,TRN-200,Supplier B,IL,962,124,2024-05-03,9,2024-05-06,assembly
963,HYD-200,Supplier E,CA,963,135,2024-04-23,11,2024-07-22,assembly
964,FAX-200,Supplier A,IL,964,129,2024-05-09,9,2024-08-29,receiving
965,RAX-200,Supplier B,FL,965,144,2024-04-22,6,2024-05-20,receiving
966,CAB-200,Supplier C,CA,966,137,2024-05-23,15,2024-09-09,receiving
967,ECU-200,Supplier C,TX,967,140,2024-04-25,3,2024-08-22,field
968,TIR-200,Supplier B,NY,968,142,2024-04-25,5,2024-06-01,assembly
969,PTO-200,Supplier C,CA,969,134,2024-05-08,11,2024-06-21,assembly
970,FUE-200,Supplier A,NY,970,151,2024-05-14,6,2024-09-10,field
971,ENG-300,Supplier B,TX,971,198,2024-05-10,16,2024-06-27,receiving
972,TRN-300,Supplier B,CA,972,188,2024-05-10,7,2024-09-06,assembly
973,HYD-300,Supplier C,TX,973,190,2024-04-22,9,2024-05-13,field
974,FAX-300,Supplier D,CA,974,193,2024-05-13,6,2024-06-09,assembly
975,RAX-300,Supplier D,IL,975,206,2024-05-11,16,2024-07-17,assembly
976,CAB-300,Supplier C,IL,976,204,2024-05-02,9,2024-07-08,assembly
977,ECU-300,Supplier A,IL,977,189,2024-05-06,8,2024-05-26,field
978,TIR-300,Supplier D,FL,978,204,2024-04-21,7,2024-04-21,receiving
979,PTO-300,Supplier C,FL,979,219,2024-04-19,11,2024-05-24,field
980,FUE-300,Supplier B,NY,980,172,2024-04-24,6,2024-05-23,field
981,ENG-400,Supplier A,TX,981,213,2024-05-16,10,2024-07-29,receiving
982,TRN-400,Supplier B,NY,982,217,2024-05-10,21,2024-07-08,assembly
983,HYD-400,Supplier A,NY,983,215,2024-05-17,14,2024-07-11,field
984,FAX-400,Supplier A,NY,984,229,2024-05-14,7,2024-08-24,field
985,RAX-400,Supplier B,CA,985,198,2024-05-02,1,2024-07-04,assembly
986,CAB-400,Supplier C,CA,986,228,2024-04-23,17,2024-06-12,field
987,ECU-400,Supplier A,FL,987,213,2024-05-06,8,2024-08-31,assembly
988,TIR-400,Supplier B,FL,988,204,2024-05-07,5,2024-08-26,field
989,PTO-400,Supplier D,CA,989,185,2024-05-07,9,2024-06-26,assembly
990,FUE-400,Supplier E,TX,990,230,2024-05-05,10,2024-06-13,field
991,ENG-500,Supplier A,FL,991,150,2024-05-05,0,,
992,TRN-500,Supplier B,NY,992,144,2024-05-01,9,2024-06-26,field
993,HYD-500,Supplier E,IL,993,146,2024-04-26,19,2024-08-18,field
994,FAX-500,Supplier A,FL,994,142,2024-04-24,7,2024-08-12,field
995,RAX-500,Supplier D,NY,995,142,2024-05-03,4,2024-06-24,receiving
996,CAB-500,Supplier C,FL,996,141,2024-04-20,7,2024-06-25,assembly
997,ECU-500,Supplier E,NY,997,132,2024-05-14,9,2024-07-19,assembly
998,TIR-500,Supplier B,NY,998,149,2024-05-10,7,2024-08-09,assembly
999,PTO-500,Supplier D,IL,999,135,2024-05-13,5,2024-07-27,receiving
1000,FUE-500,Supplier E,FL,1000,135,2024-04-21,5,2024-05-06,field
1001,ENG-100,Supplier A,TX,1001,88,2024-06-20,8,2024-09-21,field
1002,TRN-100,Supplier B,CA,1002,85,2024-06-04,5,2024-06-04,field
1003,HYD-100,Supplier C,TX,1003,92,2024-05-24,3,2024-09-19,assembly
1004,FAX-100,Supplier D,CA,1004,96,2024-06-18,7,2024-07-31,assembly
1005,RAX-100,Supplier D,CA,1005,92,2024-06-18,5,2024-07-21,receiving
1006,CAB-100,Supplier C,FL,1006,85,2024-05-27,5,2024-07-15,field
1007,ECU-100,Supplier A,IL,1007,84,2024-06-12,8,2024-08-12,receiving
1008,TIR-100,Supplier B,IL,1008,95,2024-05-28,8,2024-07-25,field
1009,PTO-100,Supplier C,IL,1009,88,2024-05-24,6,2024-07-19,assembly
1010,FUE-100,Supplier B,TX,1010,92,2024-05-29,4,2024-09-15,assembly
1011,ENG-200,Supplier A,TX,1011,117,2024-06-06,6,2024-08-19,field
1012,TRN-200,Supplier C,IL,1012,136,2024-06-18,10,2024-06-21,field
1013,HYD-200,Supplier C,CA,1013,116,2024-06-14,7,2024-08-08,assembly
1014,FAX-200,Supplier A,TX,1014,125,2024-06-08,7,2024-08-20,assembly
1015,RAX-200,Supplier D,CA,1015,126,2024-06-03,7,2024-07-28,field
1016,CAB-200,Supplier E,NY,1016,115,2024-06-03,6,2024-09-19,field
1017,ECU-200,Supplier A,TX,1017,117,2024-06-15,11,2024-07-15,assembly
1018,TIR-200,Supplier B,TX,1018,107,2024-05-31,8,2024-06-17,assembly
1019,PTO-200,Supplier C,FL,1019,110,2024-06-10,7,2024-09-26,assembly
1020,FUE-200,Supplier E,IL,1020,109,2024-06-21,5,2024-06-30,assembly
1021,ENG-300,Supplier B,CA,1021,123,2024-05-25,7,2024-06-13,assembly
1022,TRN-300,Supplier C,TX,1022,119,2024-06-03,11,2024-08-09,field
1023,HYD-300,Supplier C,CA,1023,107,2024-06-07,9,2024-09-05,field
1024,FAX-300,Supplier D,CA,1024,113,2024-06-16,9,2024-09-25,assembly
1025,RAX-300,Supplier D,FL,1025,113,2024-06-22,6,2024-08-06,field
1026,CAB-300,Supplier C,TX,1026,115,2024-05-31,7,2024-06-07,assembly
1027,ECU-300,Supplier A,FL,1027,117,2024-05-31,7,2024-08-21,field
1028,TIR-300,Supplier D,FL,1028,117,2024-06-12,6,2024-07-27,field
1029,PTO-300,Supplier C,TX,1029,116,2024-06-05,5,2024-09-07,assembly
1030,FUE-300,Supplier E,NY,1030,101,2024-06-01,6,2024-07-18,assembly
1031,ENG-400,Supplier B,IL,1031,82,2024-05-27,5,2024-07-27,assembly
1032,TRN-400,Supplier C,NY,1032,97,2024-05-30,8,2024-08-11,receiving
1033,HYD-400,Supplier C,TX,1033,84,2024-06-24,4,2024-08-06,field
1034,FAX-400,Supplier D,IL,1034,88,2024-05-25,5,2024-06-26,receiving
1035,RAX-400,Supplier B,NY,1035,80,2024-06-02,1,2024-09-10,field
1036,CAB-400,Supplier E,NY,1036,89,2024-05-27,4,2024-07-14,assembly
1037,ECU-400,Supplier A,IL,1037,84,2024-06-12,5,2024-08-15,field
1038,TIR-400,Supplier D,FL,1038,82,2024-06-10,1,2024-06-29,receiving
1039,PTO-400,Supplier C,NY,1039,82,2024-05-26,4,2024-07-07,assembly
1040,FUE-400,Supplier E,IL,1040,83,2024-06-12,6,2024-09-16,field
1041,ENG-500,Supplier B,CA,1041,131,2024-06-05,11,2024-06-28,field
1042,TRN-500,Supplier B,NY,1042,142,2024-05-22,5,2024-08-28,assembly
1043,HYD-500,Supplier C,IL,1043,140,2024-05-21,6,2024-08-01,field
1044,FAX-500,Supplier D,FL,1044,145,2024-05-23,10,2024-07-23,field
1045,RAX-500,Supplier D,NY,1045,137,2024-06-13,4,2024-08-08,field
1046,CAB-500,Supplier E,NY,1046,148,2024-06-13,2,2024-06-30,assembly
1047,ECU-500,Supplier A,TX,1047,142,2024-06-15,7,2024-08-30,receiving
1048,TIR-500,Supplier B,IL,1048,136,2024-06-07,3,2024-08-24,assembly
1049,PTO-500,Supplier C,NY,1049,135,2024-06-07,6,2024-07-29,assembly
1050,FUE-500,Supplier E,CA,1050,139,2024-06-07,8,2024-10-05,assembly
1051,ENG-100,Supplier A,TX,1051,107,2024-07-19,0,,
1052,TRN-100,Supplier B,NY,1052,110,2024-07-04,6,2024-10-07,field
1053,HYD-100,Supplier C,IL,1053,111,2024-07-15,8,2024-09-12,assembly
1054,FAX-100,Supplier D,TX,1054,118,2024-06-30,7,2024-08-22,assembly
1055,RAX-100,Supplier D,NY,1055,106,2024-07-16,0,,
1056,CAB-100,Supplier E,CA,1056,106,2024-07-22,3,2024-11-02,receiving
1057,ECU-100,Supplier A,FL,1057,106,2024-07-10,8,2024-07-10,field
1058,TIR-100,Supplier B,IL,1058,118,2024-06-23,8,2024-08-15,assembly
1059,PTO-100,Supplier C,IL,1059,117,2024-06-30,4,2024-10-27,field
1060,FUE-100,Supplier E,IL,1060,108,2024-07-10,8,2024-08-25,receiving
1061,ENG-200,Supplier B,CA,1061,126,2024-06-30,8,2024-10-25,receiving
1062,TRN-200,Supplier B,IL,1062,127,2024-07-06,9,2024-08-12,assembly
1063,HYD-200,Supplier E,CA,1063,126,2024-07-15,14,2024-08-17,field
1064,FAX-200,Supplier A,CA,1064,124,2024-06-26,2,2024-10-09,assembly
1065,RAX-200,Supplier D,CA,1065,128,2024-07-10,3,2024-10-14,receiving
1066,CAB-200,Supplier E,TX,1066,136,2024-07-12,10,2024-10-21,receiving
1067,ECU-200,Supplier A,CA,1067,125,2024-07-02,8,2024-10-17,assembly
1068,TIR-200,Supplier B,NY,1068,126,2024-07-04,10,2024-09-04,assembly
1069,PTO-200,Supplier C,CA,1069,127,2024-06-23,9,2024-10-06,field
1070,FUE-200,Supplier A,NY,1070,120,2024-07-14,6,2024-07-27,assembly
1071,ENG-300,Supplier A,FL,1071,127,2024-07-06,6,2024-08-19,assembly
1072,TRN-300,Supplier B,CA,1072,127,2024-06-28,7,2024-09-22,assembly
1073,HYD-300,Supplier E,IL,1073,130,2024-06-28,16,2024-07-07,field
1074,FAX-300,Supplier D,IL,1074,127,2024-07-04,6,2024-10-16,receiving
1075,RAX-300,Supplier B,IL,1075,142,2024-07-01,11,2024-07-22,field
1076,CAB-300,Supplier E,IL,1076,131,2024-07-18,13,2024-08-06,receiving
1077,ECU-300,Supplier C,TX,1077,136,2024-06-25,8,2024-07-10,assembly
1078,TIR-300,Supplier D,NY,1078,132,2024-07-01,9,2024-08-28,assembly
1079,PTO-300,Supplier D,NY,1079,138,2024-06-24,8,2024-10-01,field
1080,FUE-300,Supplier E,NY,1080,122,2024-07-10,6,2024-07-23,assembly
1081,ENG-400,Supplier A,CA,1081,100,2024-07-19,6,2024-11-10,assembly
1082,TRN-400,Supplier E,FL,1082,113,2024-06-26,7,2024-08-09,field
1083,HYD-400,Supplier C,NY,1083,116,2024-07-04,10,2024-08-05,field
1084,FAX-400,Supplier D,FL,1084,100,2024-07-13,7,2024-09-10,assembly
1085,RAX-400,Supplier D,FL,1085,108,2024-07-04,5,2024-10-11,field
1086,CAB-400,Supplier C,IL,1086,114,2024-06-17,3,2024-09-30,assembly
1087,ECU-400,Supplier A,TX,1087,102,2024-07-09,4,2024-08-08,receiving
1088,TIR-400,Supplier B,IL,1088,115,2024-06-23,5,2024-06-27,assembly
1089,PTO-400,Supplier D,NY,1089,105,2024-07-14,3,2024-10-19,assembly
1090,FUE-400,Supplier E,NY,1090,110,2024-06-26,6,2024-09-30,assembly
1091,ENG-500,Supplier A,NY,1091,90,2024-07-15,5,2024-10-02,assembly
1092,TRN-500,Supplier C,TX,1092,93,2024-06-23,7,2024-06-30,receiving
1093,HYD-500,Supplier C,NY,1093,90,2024-06-28,5,2024-10-01,receiving
1094,FAX-500,Supplier A,IL,1094,94,2024-07-04,8,2024-08-02,assembly
1095,RAX-500,Supplier D,CA,1095,92,2024-06-23,5,2024-08-26,receiving
1096,CAB-500,Supplier C,NY,1096,97,2024-06-20,3,2024-08-03,field
1097,ECU-500,Supplier C,NY,1097,94,2024-07-03,7,2024-07-23,field
1098,TIR-500,Supplier B,NY,1098,101,2024-06-27,1,2024-09-06,receiving
1099,PTO-500,Supplier C,TX,1099,85,2024-07-11,2,2024-10-20,receiving
1100,FUE-500,Supplier A,TX,1100,93,2024-06-29,3,2024-07-10,receiving
1101,ENG-100,Supplier B,IL,1101,103,2024-07-26,3,2024-11-09,receiving
1102,TRN-100,Supplier C,FL,1102,95,2024-08-17,2,2024-09-11,receiving
1103,HYD-100,Supplier E,CA,1103,99,2024-07-20,7,2024-10-04,receiving
1104,FAX-100,Supplier D,IL,1104,105,2024-08-24,5,2024-11-05,receiving
1105,RAX-100,Supplier D,CA,1105,115,2024-08-14,2,2024-08-15,assembly
1106,CAB-100,Supplier C,TX,1106,105,2024-07-27,5,2024-11-01,assembly
1107,ECU-100,Supplier C,IL,1107,107,2024-08-08,5,2024-09-29,receiving
1108,TIR-100,Supplier B,NY,1108,104,2024-07-29,2,2024-10-16,assembly
1109,PTO-100,Supplier D,TX,1109,109,2024-08-16,5,2024-10-16,assembly
1110,FUE-100,Supplier A,CA,1110,108,2024-08-03,10,2024-11-12,assembly
1111,ENG-200,Supplier B,CA,1111,128,2024-07-27,6,2024-11-10,field
1112,TRN-200,Supplier B,FL,1112,122,2024-07-24,5,2024-09-06,receiving
1113,HYD-200,Supplier C,FL,1113,116,2024-08-12,4,2024-11-22,assembly
1114,FAX-200,Supplier D,FL,1114,103,2024-08-04,6,2024-08-18,receiving
1115,RAX-200,Supplier B,NY,1115,110,2024-08-04,2,2024-09-20,receiving
1116,CAB-200,Supplier C,FL,1116,110,2024-08-21,5,2024-11-11,receiving
1117,ECU-200,Supplier C,NY,1117,109,2024-07-24,2,2024-09-07,field
1118,TIR-200,Supplier D,TX,1118,114,2024-08-21,4,2024-12-08,assembly
1119,PTO-200,Supplier C,IL,1119,119,2024-07-21,7,2024-09-15,receiving
1120,FUE-200,Supplier A,IL,1120,112,2024-08-02,9,2024-10-29,assembly
1121,ENG-300,Supplier A,NY,1121,160,2024-08-09,7,2024-10-08,field
1122,TRN-300,Supplier C,TX,1122,143,2024-07-28,9,2024-09-04,assembly
1123,HYD-300,Supplier E,FL,1123,134,2024-08-04,12,2024-08-18,receiving
1124,FAX-300,Supplier A,NY,1124,157,2024-07-22,12,2024-11-19,field
1125,RAX-300,Supplier D,NY,1125,143,2024-07-31,5,2024-10-01,assembly
1126,CAB-300,Supplier C,TX,1126,154,2024-08-14,9,2024-12-04,field
1127,ECU-300,Supplier A,IL,1127,153,2024-07-28,9,2024-09-15,field
1128,TIR-300,Supplier B,NY,1128,139,2024-08-11,7,2024-12-07,field
1129,PTO-300,Supplier C,IL,1129,143,2024-08-06,8,2024-08-15,assembly
1130,FUE-300,Supplier A,TX,1130,154,2024-08-03,11,2024-08-17,receiving
1131,ENG-400,Supplier B,NY,1131,164,2024-08-01,3,2024-08-13,field
1132,TRN-400,Supplier E,CA,1132,172,2024-08-11,9,2024-09-30,assembly
1133,HYD-400,Supplier E,TX,1133,153,2024-07-30,18,2024-10-06,receiving
1134,FAX-400,Supplier A,CA,1134,157,2024-08-06,8,2024-11-22,assembly
1135,RAX-400,Supplier B,CA,1135,165,2024-07-28,9,2024-08-29,assembly
1136,CAB-400,Supplier E,FL,1136,179,2024-08-22,11,2024-11-20,field
1137,ECU-400,Supplier C,FL,1137,173,2024-07-28,10,2024-11-14,assembly
1138,TIR-400,Supplier B,FL,1138,158,2024-07-28,15,2024-11-03,receiving
1139,PTO-400,Supplier C,TX,1139,172,2024-07-19,6,2024-08-18,receiving
1140,FUE-400,Supplier E,CA,1140,178,2024-08-14,11,2024-10-21,assembly
1141,ENG-500,Supplier B,NY,1141,134,2024-07-23,5,2024-08-10,receiving
1142,TRN-500,Supplier C,FL,1142,145,2024-08-10,9,2024-09-23,field
1143,HYD-500,Supplier A,NY,1143,145,2024-07-23,7,2024-10-20,assembly
1144,FAX-500,Supplier D,CA,1144,161,2024-07-30,5,2024-09-30,assembly
1145,RAX-500,Supplier B,NY,1145,136,2024-08-09,5,2024-11-14,assembly
1146,CAB-500,Supplier E,NY,1146,143,2024-08-08,7,2024-08-25,receiving
1147,ECU-500,Supplier A,NY,1147,137,2024-08-17,7,2024-11-18,receiving
1148,TIR-500,Supplier B,IL,1148,161,2024-07-28,5,2024-11-15,receiving
1149,PTO-500,Supplier C,TX,1149,168,2024-07-30,13,2024-09-02,assembly
1150,FUE-500,Supplier E,NY,1150,157,2024-08-05,7,2024-11-28,field
1151,ENG-100,Supplier D,CA,1151,135,2024-08-24,2,2024-10-12,field
1152,TRN-100,Supplier B,FL,1152,134,2024-08-25,6,2024-11-17,assembly
1153,HYD-100,Supplier C,FL,1153,137,2024-09-08,8,2024-12-28,field
1154,FAX-100,Supplier A,NY,1154,127,2024-08-28,6,2024-11-14,assembly
1155,RAX-100,Supplier D,CA,1155,132,2024-09-01,1,2024-10-09,field
1156,CAB-100,Supplier C,TX,1156,131,2024-09-08,5,2024-09-20,assembly
1157,ECU-100,Supplier C,TX,1157,124,2024-08-26,7,2024-09-19,receiving
1158,TIR-100,Supplier D,NY,1158,137,2024-08-24,8,2024-09-22,receiving
1159,PTO-100,Supplier D,IL,1159,123,2024-09-02,4,2024-10-16,assembly
1160,FUE-100,Supplier E,NY,1160,132,2024-09-16,10,2024-12-15,assembly
1161,ENG-200,Supplier A,NY,1161,102,2024-09-22,5,2024-10-19,field
1162,TRN-200,Supplier C,CA,1162,105,2024-08-29,7,2024-12-19,field
1163,HYD-200,Supplier C,CA,1163,107,2024-08-31,5,2024-12-19,assembly
1164,FAX-200,Supplier D,FL,1164,104,2024-09-17,6,2024-09-30,assembly
1165,RAX-200,Supplier D,IL,1165,109,2024-09-07,5,2024-10-30,receiving
1166,CAB-200,Supplier E,TX,1166,102,2024-09-21,7,2024-12-22,assembly
1167,ECU-200,Supplier A,CA,1167,105,2024-09-09,3,2024-12-16,field
1168,TIR-200,Supplier B,TX,1168,108,2024-08-22,0,,
1169,PTO-200,Supplier C,NY,1169,107,2024-09-09,4,2024-11-29,field
1170,FUE-200,Supplier E,FL,1170,108,2024-09-20,7,2024-10-10,receiving
1171,ENG-300,Supplier A,TX,1171,173,2024-08-26,3,2024-09-27,receiving
1172,TRN-300,Supplier E,FL,1172,178,2024-09-06,11,2024-11-16,assembly
1173,HYD-300,Supplier E,NY,1173,210,2024-09-02,26,2024-10-09,field
1174,FAX-300,Supplier D,CA,1174,200,2024-09-15,5,2024-12-30,assembly
1175,RAX-300,Supplier B,TX,1175,202,2024-09-02,8,2024-10-19,assembly
1176,CAB-300,Supplier E,TX,1176,206,2024-09-02,6,2024-10-31,assembly
1177,ECU-300,Supplier C,TX,1177,200,2024-09-02,13,2024-10-26,receiving
1178,TIR-300,Supplier B,NY,1178,190,2024-08-28,11,2024-10-28,field
1179,PTO-300,Supplier C,CA,1179,192,2024-08-31,6,2024-11-21,assembly
1180,FUE-300,Supplier E,NY,1180,184,2024-08-23,10,2024-11-15,assembly
1181,ENG-400,Supplier A,FL,1181,152,2024-08-31,10,2024-11-25,assembly
1182,TRN-400,Supplier C,CA,1182,158,2024-09-10,13,2024-12-16,assembly
1183,HYD-400,Supplier E,NY,1183,161,2024-08-31,25,2024-12-13,assembly
1184,FAX-400,Supplier D,CA,1184,176,2024-09-08,6,2024-11-17,field
1185,RAX-400,Supplier D,TX,1185,142,2024-08-24,9,2024-11-30,assembly
1186,CAB-400,Supplier C,TX,1186,160,2024-08-28,1,2024-10-08,assembly
1187,ECU-400,Supplier A,FL,1187,150,2024-08-30,2,2024-11-12,field
1188,TIR-400,Supplier D,IL,1188,148,2024-09-04,6,2024-11-21,field
1189,PTO-400,Supplier C,NY,1189,158,2024-08-18,7,2024-10-03,assembly
1190,FUE-400,Supplier A,IL,1190,154,2024-09-01,15,2024-12-22,assembly
1191,ENG-500,Supplier B,NY,1191,143,2024-08-25,5,2024-12-14,receiving
1192,TRN-500,Supplier B,NY,1192,134,2024-08-28,5,2024-09-15,assembly
1193,HYD-500,Supplier C,IL,1193,134,2024-08-31,6,2024-10-26,receiving
1194,FAX-500,Supplier A,CA,1194,125,2024-08-25,8,2024-09-30,field
1195,RAX-500,Supplier B,TX,1195,139,2024-09-11,3,2024-12-02,receiving
1196,CAB-500,Supplier C,NY,1196,127,2024-09-06,0,,
1197,ECU-500,Supplier E,CA,1197,148,2024-09-18,9,2024-12-20,field
1198,TIR-500,Supplier B,FL,1198,145,2024-08-23,4,2024-11-06,assembly
1199,PTO-500,Supplier C,IL,1199,141,2024-09-21,7,2024-12-31,receiving
1200,FUE-500,Supplier B,NY,1200,143,2024-08-28,7,2024-08-29,receiving
1201,ENG-100,Supplier B,CA,1201,140,2024-09-29,11,2024-11-26,field
1202,TRN-100,Supplier E,IL,1202,140,2024-10-13,5,2025-01-24,receiving
1203,HYD-100,Supplier C,CA,1203,141,2024-10-20,7,2024-11-29,assembly
1204,FAX-100,Supplier A,NY,1204,154,2024-09-30,7,2024-09-30,assembly
1205,RAX-100,Supplier D,TX,1205,133,2024-09-29,10,2024-10-06,field
1206,CAB-100,Supplier E,FL,1206,140,2024-09-27,13,2024-11-10,receiving
1207,ECU-100,Supplier C,TX,1207,140,2024-10-13,4,2025-01-21,assembly
1208,TIR-100,Supplier B,IL,1208,144,2024-10-07,10,2024-12-29,receiving
1209,PTO-100,Supplier C,TX,1209,132,2024-09-25,9,2024-12-10,assembly
1210,FUE-100,Supplier A,FL,1210,139,2024-09-27,11,2024-12-01,assembly
1211,ENG-200,Supplier D,TX,1211,90,2024-10-01,1,2024-11-09,assembly
1212,TRN-200,Supplier C,CA,1212,94,2024-09-24,1,2024-10-01,receiving
1213,HYD-200,Supplier C,CA,1213,102,2024-10-04,6,2025-01-05,receiving
1214,FAX-200,Supplier A,NY,1214,91,2024-10-13,5,2025-02-04,field
1215,RAX-200,Supplier B,CA,1215,96,2024-09-27,6,2024-12-21,assembly
1216,CAB-200,Supplier C,TX,1216,104,2024-10-13,4,2024-10-17,receiving
1217,ECU-200,Supplier C,CA,1217,99,2024-10-15,7,2024-12-08,receiving
1218,TIR-200,Supplier B,CA,1218,98,2024-09-28,6,2024-09-29,assembly
1219,PTO-200,Supplier C,TX,1219,102,2024-10-06,2,2024-12-31,receiving
1220,FUE-200,Supplier E,NY,1220,95,2024-10-02,2,2024-11-21,assembly
1221,ENG-300,Supplier A,FL,1221,138,2024-09-30,9,2024-11-01,receiving
1222,TRN-300,Supplier B,FL,1222,131,2024-09-27,8,2024-10-20,receiving
1223,HYD-300,Supplier E,CA,1223,126,2024-10-21,17,2024-11-06,assembly
1224,FAX-300,Supplier A,IL,1224,123,2024-10-15,7,2025-01-27,assembly
1225,RAX-300,Supplier B,TX,1225,124,2024-10-05,2,2025-01-30,receiving
1226,CAB-300,Supplier E,NY,1226,147,2024-10-12,10,2024-11-04,assembly
1227,ECU-300,Supplier A,FL,1227,128,2024-10-24,4,2025-01-13,assembly
1228,TIR-300,Supplier B,CA,1228,120,2024-09-18,1,2024-10-07,assembly
1229,PTO-300,Supplier D,FL,1229,131,2024-09-26,6,2024-12-19,assembly
1230,FUE-300,Supplier A,FL,1230,134,2024-10-03,4,2025-01-04,field
1231,ENG-400,Supplier A,TX,1231,119,2024-10-12,6,2024-10-28,receiving
1232,TRN-400,Supplier E,IL,1232,105,2024-10-19,7,2024-11-03,receiving
1233,HYD-400,Supplier E,IL,1233,116,2024-09-20,11,2024-10-18,assembly
1234,FAX-400,Supplier D,FL,1234,105,2024-09-20,5,2024-11-20,receiving
1235,RAX-400,Supplier D,CA,1235,116,2024-09-22,4,2024-11-07,receiving
1236,CAB-400,Supplier E,FL,1236,124,2024-10-03,4,2024-12-20,assembly
1237,ECU-400,Supplier C,IL,1237,118,2024-09-27,5,2024-12-21,field
1238,TIR-400,Supplier D,IL,1238,107,2024-10-11,4,2025-01-20,assembly
1239,PTO-400,Supplier C,FL,1239,121,2024-09-16,7,2024-11-10,assembly
1240,FUE-400,Supplier A,FL,1240,109,2024-09-27,6,2024-10-02,assembly
1241,ENG-500,Supplier A,NY,1241,178,2024-10-16,7,2024-12-19,receiving
1242,TRN-500,Supplier E,TX,1242,151,2024-09-29,9,2024-10-15,assembly
1243,HYD-500,Supplier C,CA,1243,168,2024-10-01,16,2024-11-22,field
1244,FAX-500,Supplier A,IL,1244,156,2024-09-26,6,2024-12-07,assembly
1245,RAX-500,Supplier D,NY,1245,169,2024-10-13,11,2024-12-22,receiving
1246,CAB-500,Supplier E,IL,1246,166,2024-10-10,1,2024-12-09,receiving
1247,ECU-500,Supplier C,IL,1247,149,2024-10-11,12,2024-11-30,assembly
1248,TIR-500,Supplier B,FL,1248,161,2024-09-23,9,2024-11-19,assembly
1249,PTO-500,Supplier C,TX,1249,164,2024-09-27,11,2024-11-12,receiving
1250,FUE-500,Supplier E,NY,1250,167,2024-09-21,8,2024-12-23,receiving
1251,ENG-100,Supplier A,TX,1251,120,2024-10-28,7,2024-12-03,assembly
1252,TRN-100,Supplier B,TX,1252,111,2024-10-27,5,2024-11-21,assembly
1253,HYD-100,Supplier C,TX,1253,133,2024-10-29,6,2025-01-14,field
1254,FAX-100,Supplier A,TX,1254,130,2024-11-06,10,2025-01-19,assembly
1255,RAX-100,Supplier D,IL,1255,115,2024-11-03,8,2024-11-06,receiving
1256,CAB-100,Supplier E,FL,1256,114,2024-10-27,9,2025-01-25,assembly
1257,ECU-100,Supplier C,IL,1257,113,2024-11-11,4,2024-12-11,assembly
1258,TIR-100,Supplier B,FL,1258,116,2024-11-03,5,2024-11-07,assembly
1259,PTO-100,Supplier C,IL,1259,114,2024-10-23,3,2024-12-01,receiving
1260,FUE-100,Supplier E,CA,1260,103,2024-10-23,6,2024-12-31,field
1261,ENG-200,Supplier A,TX,1261,93,2024-11-13,1,2025-01-16,assembly
1262,TRN-200,Supplier C,TX,1262,87,2024-11-16,8,2025-02-10,receiving
1263,HYD-200,Supplier C,CA,1263,87,2024-11-13,1,2024-12-23,assembly
1264,FAX-200,Supplier A,CA,1264,93,2024-10-28,6,2024-12-18,assembly
1265,RAX-200,Supplier B,IL,1265,91,2024-11-11,4,2025-01-27,receiving
1266,CAB-200,Supplier E,NY,1266,94,2024-11-14,5,2024-11-29,receiving
1267,ECU-200,Supplier C,IL,1267,91,2024-11-12,5,2025-02-11,receiving
1268,TIR-200,Supplier D,NY,1268,89,2024-10-19,4,2024-12-11,field
1269,PTO-200,Supplier C,CA,1269,89,2024-10-30,6,2025-01-25,assembly
1270,FUE-200,Supplier E,CA,1270,98,2024-11-10,4,2025-01-12,field
1271,ENG-300,Supplier B,IL,1271,77,2024-11-03,4,2025-02-26,field
1272,TRN-300,Supplier C,FL,1272,87,2024-11-13,7,2024-11-15,receiving
1273,HYD-300,Supplier C,TX,1273,88,2024-11-12,3,2024-12-13,assembly
1274,FAX-300,Supplier A,IL,1274,87,2024-10-24,3,2024-12-06,receiving
1275,RAX-300,Supplier D,IL,1275,86,2024-11-19,3,2024-12-07,receiving
1276,CAB-300,Supplier E,NY,1276,91,2024-11-07,2,2024-12-14,assembly
1277,ECU-300,Supplier A,IL,1277,91,2024-10-27,6,2024-12-29,assembly
1278,TIR-300,Supplier B,CA,1278,88,2024-10-24,2,2025-02-07,field
1279,PTO-300,Supplier C,FL,1279,79,2024-11-01,5,2025-01-08,field
1280,FUE-300,Supplier E,TX,1280,84,2024-11-03,6,2024-11-07,receiving
1281,ENG-400,Supplier A,CA,1281,106,2024-11-12,5,2025-03-10,assembly
1282,TRN-400,Supplier B,FL,1282,98,2024-11-03,7,2025-01-18,assembly
1283,HYD-400,Supplier A,IL,1283,102,2024-11-23,3,2024-12-12,field
1284,FAX-400,Supplier A,TX,1284,100,2024-11-07,6,2024-12-08,field
1285,RAX-400,Supplier B,FL,1285,99,2024-10-28,6,2024-12-05,field
1286,CAB-400,Supplier E,IL,1286,99,2024-11-05,4,2024-12-28,assembly
1287,ECU-400,Supplier C,FL,1287,106,2024-11-09,2,2025-03-08,receiving
1288,TIR-400,Supplier B,FL,1288,94,2024-10-27,4,2025-01-13,assembly
1289,PTO-400,Supplier D,TX,1289,108,2024-11-03,3,2025-01-28,receiving
1290,FUE-400,Supplier A,TX,1290,98,2024-10-24,8,2025-01-31,field
1291,ENG-500,Supplier A,CA,1291,130,2024-10-28,5,2024-11-19,receiving
1292,TRN-500,Supplier E,IL,1292,140,2024-11-05,5,2025-01-14,assembly
1293,HYD-500,Supplier C,NY,1293,123,2024-11-11,4,2024-12-03,assembly
1294,FAX-500,Supplier D,FL,1294,140,2024-10-25,7,2025-02-05,assembly
1295,RAX-500,Supplier D,CA,1295,128,2024-11-08,8,2024-12-04,assembly
1296,CAB-500,Supplier E,TX,1296,122,2024-11-13,6,2024-11-15,field
1297,ECU-500,Supplier A,CA,1297,118,2024-11-05,6,2025-02-20,field
1298,TIR-500,Supplier B,NY,1298,118,2024-11-03,8,2025-01-29,field
1299,PTO-500,Supplier C,TX,1299,125,2024-11-03,8,2025-01-02,receiving
1300,FUE-500,Supplier E,TX,1300,123,2024-11-15,5,2025-03-05,field
1301,ENG-100,Supplier D,FL,1301,118,2024-12-15,5,2025-02-19,assembly
1302,TRN-100,Supplier C,FL,1302,118,2024-12-11,7,2025-04-06,assembly
1303,HYD-100,Supplier E,FL,1303,114,2024-12-09,15,2024-12-18,receiving
1304,FAX-100,Supplier D,TX,1304,113,2024-12-11,6,2025-01-15,assembly
1305,RAX-100,Supplier D,IL,1305,120,2024-12-19,11,2025-03-26,assembly
1306,CAB-100,Supplier C,CA,1306,119,2024-12-08,5,2025-01-24,receiving
1307,ECU-100,Supplier E,FL,1307,119,2024-11-30,9,2024-12-02,assembly
1308,TIR-100,Supplier D,TX,1308,115,2024-12-15,8,2025-03-31,receiving
1309,PTO-100,Supplier D,NY,1309,114,2024-12-07,5,2025-03-26,field
1310,FUE-100,Supplier E,IL,1310,127,2024-12-01,11,2025-02-21,field
1311,ENG-200,Supplier B,TX,1311,135,2024-11-30,8,2025-01-15,receiving
1312,TRN-200,Supplier B,CA,1312,153,2024-12-01,7,2025-01-18,field
1313,HYD-200,Supplier C,NY,1313,155,2024-12-12,11,2025-01-05,assembly
1314,FAX-200,Supplier A,TX,1314,156,2024-12-21,9,2025-01-08,receiving
1315,RAX-200,Supplier B,NY,1315,163,2024-12-06,13,2025-02-14,field
1316,CAB-200,Supplier E,CA,1316,164,2024-12-09,6,2025-01-20,assembly
1317,ECU-200,Supplier A,NY,1317,168,2024-12-02,8,2025-02-26,field
1318,TIR-200,Supplier B,TX,1318,138,2024-11-29,12,2025-03-15,assembly
1319,PTO-200,Supplier C,IL,1319,144,2024-12-15,8,2025-01-11,assembly
1320,FUE-200,Supplier E,FL,1320,159,2024-11-30,11,2025-03-04,assembly
1321,ENG-300,Supplier B,CA,1321,121,2024-12-12,3,2024-12-18,assembly
1322,TRN-300,Supplier B,CA,1322,132,2024-12-03,4,2025-01-19,assembly
1323,HYD-300,Supplier E,FL,1323,117,2024-11-21,14,2024-12-02,receiving
1324,FAX-300,Supplier A,TX,1324,125,2024-12-15,7,2025-01-19,assembly
1325,RAX-300,Supplier B,NY,1325,120,2024-12-08,4,2024-12-17,assembly
1326,CAB-300,Supplier E,CA,1326,116,2024-11-26,2,2024-11-29,field
1327,ECU-300,Supplier C,TX,1327,137,2024-12-10,8,2025-02-22,receiving
1328,TIR-300,Supplier B,TX,1328,118,2024-11-27,5,2025-03-06,field
1329,PTO-300,Supplier C,TX,1329,117,2024-12-18,11,2025-01-22,field
1330,FUE-300,Supplier E,TX,1330,112,2024-12-11,8,2025-01-08,field
1331,ENG-400,Supplier D,NY,1331,105,2024-12-11,3,2025-01-29,assembly
1332,TRN-400,Supplier B,NY,1332,102,2024-11-19,8,2025-01-05,assembly
1333,HYD-400,Supplier A,TX,1333,98,2024-12-07,7,2024-12-24,field
1334,FAX-400,Supplier D,IL,1334,107,2024-12-03,7,2024-12-21,receiving
1335,RAX-400,Supplier D,TX,1335,109,2024-12-24,11,2025-03-12,field
1336,CAB-400,Supplier C,TX,1336,111,2024-12-11,8,2025-02-01,assembly
1337,ECU-400,Supplier C,TX,1337,97,2024-12-08,5,2025-01-16,field
1338,TIR-400,Supplier B,IL,1338,103,2024-11-21,8,2025-02-08,field
1339,PTO-400,Supplier C,TX,1339,115,2024-11-19,5,2025-01-19,receiving
1340,FUE-400,Supplier E,CA,1340,111,2024-12-03,6,2024-12-12,receiving
1341,ENG-500,Supplier D,IL,1341,86,2024-11-23,5,2024-11-28,assembly
1342,TRN-500,Supplier C,NY,1342,74,2024-12-02,3,2025-03-04,receiving
1343,HYD-500,Supplier E,IL,1343,81,2024-11-22,6,2024-12-05,field
1344,FAX-500,Supplier A,NY,1344,87,2024-11-22,5,2025-01-01,assembly
1345,RAX-500,Supplier D,IL,1345,75,2024-12-29,0,,
1346,CAB-500,Supplier C,TX,1346,77,2024-12-20,7,2025-02-15,assembly
1347,ECU-500,Supplier E,TX,1347,84,2024-12-13,3,2025-04-11,field
1348,TIR-500,Supplier D,FL,1348,74,2024-12-11,7,2025-01-31,assembly
1349,PTO-500,Supplier C,NY,1349,84,2024-12-09,5,2025-03-18,field
1350,FUE-500,Supplier E,NY,1350,85,2024-12-07,2,2025-03-03,assembly
1351,ENG-100,Supplier B,CA,1351,117,2024-12-24,6,2025-02-09,receiving
1352,TRN-100,Supplier B,IL,1352,131,2024-12-31,5,2025-02-11,assembly
1353,HYD-100,Supplier C,NY,1353,110,2025-01-17,8,2025-04-08,receiving
1354,FAX-100,Supplier A,NY,1354,116,2024-12-24,6,2025-01-20,assembly
1355,RAX-100,Supplier D,FL,1355,109,2025-01-11,10,2025-05-10,receiving
1356,CAB-100,Supplier E,FL,1356,119,2024-12-24,9,2025-02-09,assembly
1357,ECU-100,Supplier A,FL,1357,116,2024-12-26,5,2025-01-19,assembly
1358,TIR-100,Supplier B,NY,1358,131,2024-12-19,4,2024-12-28,assembly
1359,PTO-100,Supplier C,CA,1359,122,2025-01-08,5,2025-02-19,assembly
1360,FUE-100,Supplier E,IL,1360,122,2024-12-25,6,2025-02-03,receiving
1361,ENG-200,Supplier B,CA,1361,97,2024-12-30,6,2025-04-14,assembly
1362,TRN-200,Supplier B,NY,1362,90,2024-12-23,5,2025-02-19,assembly
1363,HYD-200,Supplier A,TX,1363,104,2025-01-11,7,2025-03-08,receiving
1364,FAX-200,Supplier D,NY,1364,101,2025-01-10,7,2025-04-09,field
1365,RAX-200,Supplier B,CA,1365,93,2025-01-08,6,2025-02-14,field
1366,CAB-200,Supplier C,IL,1366,95,2025-01-06,5,2025-02-24,assembly
1367,ECU-200,Supplier C,TX,1367,88,2025-01-07,5,2025-01-18,field
1368,TIR-200,Supplier D,CA,1368,99,2025-01-26,4,2025-02-21,assembly
1369,PTO-200,Supplier D,TX,1369,96,2025-01-07,5,2025-02-20,assembly
1370,FUE-200,Supplier E,NY,1370,99,2025-01-03,5,2025-03-18,assembly
1371,ENG-300,Supplier A,TX,1371,109,2025-01-19,3,2025-05-08,field
1372,TRN-300,Supplier B,NY,1372,102,2024-12-31,5,2025-03-19,receiving
1373,HYD-300,Supplier C,IL,1373,112,2025-01-08,4,2025-01-23,assembly
1374,FAX-300,Supplier D,NY,1374,111,2025-01-08,1,2025-02-03,field
1375,RAX-300,Supplier B,FL,1375,115,2025-01-02,4,2025-04-01,assembly
1376,CAB-300,Supplier E,TX,1376,112,2025-01-12,4,2025-01-29,receiving
1377,ECU-300,Supplier C,IL,1377,125,2025-01-15,6,2025-03-17,receiving
1378,TIR-300,Supplier D,NY,1378,105,2024-12-26,5,2025-03-22,receiving
1379,PTO-300,Supplier D,TX,1379,110,2024-12-24,5,2025-03-27,assembly
1380,FUE-300,Supplier E,CA,1380,123,2025-01-15,4,2025-03-07,field
1381,ENG-400,Supplier D,TX,1381,128,2024-12-18,2,2024-12-26,assembly
1382,TRN-400,Supplier C,NY,1382,157,2024-12-29,11,2025-03-15,assembly
1383,HYD-400,Supplier E,CA,1383,139,2025-01-06,9,2025-05-06,receiving
1384,FAX-400,Supplier D,NY,1384,143,2025-01-30,6,2025-04-16,assembly
1385,RAX-400,Supplier D,NY,1385,144,2024-12-25,10,2025-03-12,assembly
1386,CAB-400,Supplier C,NY,1386,146,2024-12-19,8,2025-01-08,field
1387,ECU-400,Supplier A,FL,1387,136,2024-12-22,7,2025-02-23,assembly
1388,TIR-400,Supplier D,CA,1388,161,2025-01-24,6,2025-02-11,receiving
1389,PTO-400,Supplier D,FL,1389,142,2024-12-30,11,2025-02-26,assembly
1390,FUE-400,Supplier E,NY,1390,149,2025-01-01,6,2025-01-27,assembly
1391,ENG-500,Supplier B,IL,1391,110,2025-01-04,7,2025-02-03,assembly
1392,TRN-500,Supplier C,FL,1392,124,2025-01-04,0,,
1393,HYD-500,Supplier C,NY,1393,117,2025-01-15,5,2025-03-23,assembly
1394,FAX-500,Supplier D,FL,1394,102,2024-12-30,5,2025-03-13,field
1395,RAX-500,Supplier B,NY,1395,121,2024-12-24,5,2024-12-26,receiving
1396,CAB-500,Supplier C,NY,1396,116,2024-12-31,4,2025-03-03,assembly
1397,ECU-500,Supplier A,TX,1397,108,2024-12-30,3,2025-02-10,receiving
1398,TIR-500,Supplier B,TX,1398,111,2024-12-25,5,2024-12-28,assembly
1399,PTO-500,Supplier D,IL,1399,125,2025-01-29,9,2025-02-01,assembly
1400,FUE-500,Supplier E,CA,1400,106,2025-01-11,3,2025-02-26,assembly
1401,ENG-100,Supplier A,TX,1401,119,2025-02-04,5,2025-04-27,receiving
1402,TRN-100,Supplier B,IL,1402,114,2025-01-25,8,2025-04-29,receiving
1403,HYD-100,Supplier C,TX,1403,113,2025-02-08,1,2025-03-15,field
1404,FAX-100,Supplier D,CA,1404,119,2025-02-13,6,2025-03-02,assembly
1405,RAX-100,Supplier B,FL,1405,132,2025-02-11,9,2025-02-21,assembly
1406,CAB-100,Supplier E,NY,1406,114,2025-02-06,5,2025-02-28,assembly
1407,ECU-100,Supplier E,TX,1407,126,2025-01-26,7,2025-02-18,assembly
1408,TIR-100,Supplier D,NY,1408,111,2025-02-04,3,2025-02-07,field
1409,PTO-100,Supplier D,NY,1409,127,2025-02-13,7,2025-05-10,receiving
1410,FUE-100,Supplier E,TX,1410,125,2025-01-27,6,2025-03-05,field
1411,ENG-200,Supplier A,NY,1411,92,2025-02-23,3,2025-05-14,assembly
1412,TRN-200,Supplier C,NY,1412,80,2025-01-29,8,2025-04-19,receiving
1413,HYD-200,Supplier C,TX,1413,87,2025-01-29,4,2025-03-12,receiving
1414,FAX-200,Supplier A,CA,1414,82,2025-01-21,3,2025-05-06,assembly
1415,RAX-200,Supplier B,FL,1415,86,2025-01-25,7,2025-02-07,field
1416,CAB-200,Supplier E,FL,1416,94,2025-02-09,2,2025-05-14,field
1417,ECU-200,Supplier E,FL,1417,89,2025-02-08,4,2025-03-17,assembly
1418,TIR-200,Supplier D,IL,1418,89,2025-02-03,3,2025-03-16,receiving
1419,PTO-200,Supplier D,TX,1419,83,2025-02-24,2,2025-05-29,assembly
1420,FUE-200,Supplier A,FL,1420,78,2025-02-05,2,2025-02-06,assembly
1421,ENG-300,Supplier A,TX,1421,102,2025-02-09,5,2025-02-21,field
1422,TRN-300,Supplier C,IL,1422,98,2025-02-23,5,2025-05-10,assembly
1423,HYD-300,Supplier C,IL,1423,94,2025-02-13,6,2025-06-10,field
1424,FAX-300,Supplier A,CA,1424,98,2025-02-19,5,2025-02-21,field
1425,RAX-300,Supplier D,CA,1425,93,2025-02-19,4,2025-06-19,assembly
1426,CAB-300,Supplier E,IL,1426,110,2025-02-13,7,2025-05-31,receiving
1427,ECU-300,Supplier A,CA,1427,108,2025-01-21,5,2025-03-11,assembly
1428,TIR-300,Supplier D,IL,1428,105,2025-02-15,6,2025-05-07,receiving
1429,PTO-300,Supplier C,CA,1429,112,2025-01-31,10,2025-03-29,field
1430,FUE-300,Supplier E,TX,1430,103,2025-01-31,4,2025-04-24,assembly
1431,ENG-400,Supplier A,CA,1431,127,2025-01-24,8,2025-04-03,assembly
1432,TRN-400,Supplier B,NY,1432,136,2025-01-31,16,2025-04-16,field
1433,HYD-400,Supplier E,NY,1433,124,2025-02-03,14,2025-02-05,assembly
1434,FAX-400,Supplier A,TX,1434,150,2025-02-16,4,2025-06-15,field
1435,RAX-400,Supplier D,CA,1435,130,2025-02-09,3,2025-03-27,assembly
1436,CAB-400,Supplier C,NY,1436,136,2025-02-15,8,2025-05-31,receiving
1437,ECU-400,Supplier C,CA,1437,142,2025-01-25,5,2025-03-04,field
1438,TIR-400,Supplier B,FL,1438,137,2025-02-04,8,2025-02-21,assembly
1439,PTO-400,Supplier D,CA,1439,126,2025-02-10,6,2025-02-27,receiving
1440,FUE-400,Supplier A,NY,1440,138,2025-01-19,4,2025-03-25,field
1441,ENG-500,Supplier D,IL,1441,80,2025-02-05,5,2025-02-09,assembly
1442,TRN-500,Supplier B,FL,1442,91,2025-02-07,7,2025-03-16,field
1443,HYD-500,Supplier E,FL,1443,89,2025-02-11,11,2025-03-01,assembly
1444,FAX-500,Supplier D,NY,1444,87,2025-02-23,6,2025-03-02,field
1445,RAX-500,Supplier B,CA,1445,80,2025-01-18,5,2025-02-24,field
1446,CAB-500,Supplier E,IL,1446,91,2025-02-01,6,2025-04-19,assembly
1447,ECU-500,Supplier A,IL,1447,92,2025-02-11,4,2025-06-03,field
1448,TIR-500,Supplier B,TX,1448,90,2025-02-01,6,2025-03-19,field
1449,PTO-500,Supplier C,FL,1449,97,2025-02-03,3,2025-05-16,field
1450,FUE-500,Supplier E,IL,1450,85,2025-01-26,6,2025-02-06,field
1451,ENG-100,Supplier A,TX,1451,167,2025-03-05,8,2025-05-27,receiving
1452,TRN-100,Supplier B,NY,1452,147,2025-03-10,11,2025-04-21,assembly
1453,HYD-100,Supplier E,TX,1453,148,2025-03-15,15,2025-03-18,receiving
1454,FAX-100,Supplier A,IL,1454,165,2025-03-17,6,2025-03-30,receiving
1455,RAX-100,Supplier D,CA,1455,152,2025-02-27,9,2025-03-15,field
1456,CAB-100,Supplier C,NY,1456,164,2025-03-05,9,2025-04-10,receiving
1457,ECU-100,Supplier A,CA,1457,151,2025-03-13,5,2025-03-14,field
1458,TIR-100,Supplier B,CA,1458,164,2025-02-18,9,2025-05-28,assembly
1459,PTO-100,Supplier C,IL,1459,168,2025-03-02,12,2025-06-19,assembly
1460,FUE-100,Supplier E,FL,1460,167,2025-02-27,5,2025-04-20,field
1461,ENG-200,Supplier A,CA,1461,183,2025-03-12,14,2025-05-09,assembly
1462,TRN-200,Supplier B,TX,1462,205,2025-02-22,11,2025-04-22,assembly
1463,HYD-200,Supplier E,TX,1463,190,2025-03-12,26,2025-05-15,field
1464,FAX-200,Supplier A,NY,1464,191,2025-03-17,11,2025-06-02,receiving
1465,RAX-200,Supplier D,TX,1465,187,2025-02-23,4,2025-05-24,receiving
1466,CAB-200,Supplier C,IL,1466,186,2025-02-21,12,2025-04-20,field
1467,ECU-200,Supplier A,TX,1467,207,2025-03-14,9,2025-06-03,assembly
1468,TIR-200,Supplier B,TX,1468,168,2025-03-01,7,2025-04-01,assembly
1469,PTO-200,Supplier C,CA,1469,177,2025-02-25,7,2025-04-07,receiving
1470,FUE-200,Supplier E,FL,1470,196,2025-02-20,12,2025-06-15,field
1471,ENG-300,Supplier A,TX,1471,216,2025-03-01,12,2025-04-24,assembly
1472,TRN-300,Supplier B,FL,1472,212,2025-02-28,15,2025-06-12,receiving
1473,HYD-300,Supplier C,TX,1473,204,2025-02-23,10,2025-04-06,assembly
1474,FAX-300,Supplier A,NY,1474,210,2025-02-24,7,2025-04-25,field
1475,RAX-300,Supplier D,IL,1475,189,2025-03-02,10,2025-04-29,assembly
1476,CAB-300,Supplier C,IL,1476,215,2025-03-15,9,2025-05-09,receiving
1477,ECU-300,Supplier A,CA,1477,209,2025-03-10,16,2025-05-05,assembly
1478,TIR-300,Supplier B,TX,1478,227,2025-02-18,13,2025-06-13,receiving
1479,PTO-300,Supplier C,NY,1479,193,2025-03-09,15,2025-03-22,receiving
1480,FUE-300,Supplier A,IL,1480,209,2025-03-08,9,2025-03-15,assembly
1481,ENG-400,Supplier B,FL,1481,204,2025-02-26,10,2025-03-30,assembly
1482,TRN-400,Supplier E,TX,1482,162,2025-03-04,15,2025-06-01,receiving
1483,HYD-400,Supplier A,FL,1483,176,2025-02-21,12,2025-03-22,assembly
1484,FAX-400,Supplier A,NY,1484,174,2025-03-09,10,2025-06-05,field
1485,RAX-400,Supplier D,CA,1485,195,2025-03-09,8,2025-03-16,receiving
1486,CAB-400,Supplier C,IL,1486,183,2025-03-05,12,2025-06-25,receiving
1487,ECU-400,Supplier A,FL,1487,178,2025-02-28,15,2025-06-16,field
1488,TIR-400,Supplier D,IL,1488,176,2025-03-01,8,2025-03-11,field
1489,PTO-400,Supplier C,CA,1489,181,2025-03-04,14,2025-03-16,assembly
1490,FUE-400,Supplier E,TX,1490,175,2025-02-18,13,2025-06-14,receiving
1491,ENG-500,Supplier A,NY,1491,159,2025-03-09,8,2025-03-16,assembly
1492,TRN-500,Supplier C,CA,1492,151,2025-03-04,1,2025-04-29,assembly
1493,HYD-500,Supplier C,CA,1493,162,2025-03-07,4,2025-04-05,assembly
1494,FAX-500,Supplier D,TX,1494,156,2025-03-04,4,2025-06-11,field
1495,RAX-500,Supplier B,CA,1495,142,2025-02-25,9,2025-04-23,assembly
1496,CAB-500,Supplier C,IL,1496,158,2025-02-15,10,2025-06-01,receiving
1497,ECU-500,Supplier A,CA,1497,150,2025-03-06,9,2025-04-04,assembly
1498,TIR-500,Supplier B,NY,1498,134,2025-02-20,0,,
1499,PTO-500,Supplier C,IL,1499,166,2025-03-02,9,2025-06-19,field
1500,FUE-500,Supplier E,TX,1500,145,2025-02-22,9,2025-04-28,assembly
1501,ENG-100,Supplier B,IL,1501,216,2025-04-03,15,2025-05-09,assembly
1502,TRN-100,Supplier B,FL,1502,250,2025-03-26,10,2025-06-19,receiving
1503,HYD-100,Supplier E,NY,1503,209,2025-03-26,22,2025-07-22,assembly
1504,FAX-100,Supplier D,CA,1504,192,2025-04-02,9,2025-04-04,field
1505,RAX-100,Supplier B,CA,1505,240,2025-04-02,15,2025-05-13,field
1506,CAB-100,Supplier E,IL,1506,234,2025-04-10,15,2025-05-03,field
1507,ECU-100,Supplier E,FL,1507,202,2025-04-11,10,2025-06-04,assembly
1508,TIR-100,Supplier B,CA,1508,213,2025-03-31,17,2025-07-28,receiving
1509,PTO-100,Supplier D,TX,1509,220,2025-04-02,8,2025-04-06,receiving
1510,FUE-100,Supplier A,TX,1510,230,2025-04-09,9,2025-07-28,assembly
1511,ENG-200,Supplier D,IL,1511,190,2025-03-28,8,2025-04-28,assembly
1512,TRN-200,Supplier E,TX,1512,218,2025-04-21,8,2025-07-17,assembly
1513,HYD-200,Supplier E,NY,1513,187,2025-03-29,23,2025-05-27,receiving
1514,FAX-200,Supplier D,CA,1514,220,2025-04-13,10,2025-05-09,assembly
1515,RAX-200,Supplier D,CA,1515,193,2025-04-04,13,2025-07-19,field
1516,CAB-200,Supplier E,IL,1516,227,2025-03-31,15,2025-05-31,receiving
1517,ECU-200,Supplier A,CA,1517,195,2025-03-28,5,2025-04-17,field
1518,TIR-200,Supplier D,CA,1518,183,2025-04-16,7,2025-08-03,assembly
1519,PTO-200,Supplier C,FL,1519,202,2025-04-03,10,2025-04-07,assembly
1520,FUE-200,Supplier B,NY,1520,212,2025-03-28,6,2025-07-06,field
1521,ENG-300,Supplier A,FL,1521,200,2025-04-18,13,2025-05-05,assembly
1522,TRN-300,Supplier B,IL,1522,178,2025-04-06,9,2025-06-17,assembly
1523,HYD-300,Supplier C,IL,1523,209,2025-03-29,14,2025-04-23,assembly
1524,FAX-300,Supplier D,CA,1524,217,2025-03-27,15,2025-05-07,field
1525,RAX-300,Supplier B,TX,1525,183,2025-04-05,17,2025-07-05,assembly
1526,CAB-300,Supplier E,FL,1526,202,2025-03-24,10,2025-04-02,receiving
1527,ECU-300,Supplier A,FL,1527,192,2025-03-30,10,2025-05-22,field
1528,TIR-300,Supplier D,CA,1528,195,2025-03-24,15,2025-05-09,receiving
1529,PTO-300,Supplier C,TX,1529,209,2025-04-10,7,2025-05-09,receiving
1530,FUE-300,Supplier E,CA,1530,203,2025-04-25,13,2025-08-08,assembly
1531,ENG-400,Supplier A,FL,1531,193,2025-04-02,7,2025-06-24,receiving
1532,TRN-400,Supplier C,NY,1532,189,2025-04-21,16,2025-06-06,assembly
1533,HYD-400,Supplier C,CA,1533,169,2025-04-11,10,2025-06-27,field
1534,FAX-400,Supplier D,TX,1534,176,2025-03-27,12,2025-04-01,assembly
1535,RAX-400,Supplier B,CA,1535,168,2025-03-30,6,2025-06-29,receiving
1536,CAB-400,Supplier C,NY,1536,203,2025-04-14,12,2025-06-01,field
1537,ECU-400,Supplier A,TX,1537,190,2025-04-02,10,2025-04-09,receiving
1538,TIR-400,Supplier B,IL,1538,175,2025-03-28,12,2025-06-01,receiving
1539,PTO-400,Supplier C,FL,1539,193,2025-04-09,11,2025-05-26,assembly
1540,FUE-400,Supplier E,TX,1540,196,2025-04-23,11,2025-05-21,receiving
1541,ENG-500,Supplier A,NY,1541,176,2025-04-13,13,2025-08-06,assembly
1542,TRN-500,Supplier E,FL,1542,139,2025-03-26,9,2025-03-30,field
1543,HYD-500,Supplier A,FL,1543,165,2025-04-06,8,2025-04-09,field
1544,FAX-500,Supplier D,CA,1544,155,2025-04-03,10,2025-06-06,receiving
1545,RAX-500,Supplier D,NY,1545,165,2025-04-04,8,2025-06-01,assembly
1546,CAB-500,Supplier C,TX,1546,149,2025-04-02,8,2025-04-08,receiving
1547,ECU-500,Supplier A,IL,1547,158,2025-04-15,5,2025-07-15,assembly
1548,TIR-500,Supplier B,FL,1548,151,2025-03-31,7,2025-06-28,receiving
1549,PTO-500,Supplier D,CA,1549,164,2025-03-30,2,2025-05-18,field
1550,FUE-500,Supplier E,FL,1550,156,2025-03-19,5,2025-04-30,field
1551,ENG-100,Supplier A,FL,1551,121,2025-04-26,6,2025-08-20,receiving
1552,TRN-100,Supplier E,CA,1552,137,2025-04-25,11,2025-08-12,assembly
1553,HYD-100,Supplier E,IL,1553,129,2025-04-19,18,2025-07-12,receiving
1554,FAX-100,Supplier A,CA,1554,134,2025-04-26,5,2025-05-03,receiving
1555,RAX-100,Supplier B,FL,1555,123,2025-05-02,7,2025-08-03,receiving
1556,CAB-100,Supplier E,TX,1556,116,2025-05-13,4,2025-09-09,assembly
1557,ECU-100,Supplier C,NY,1557,136,2025-04-20,8,2025-06-16,field
1558,TIR-100,Supplier D,TX,1558,132,2025-05-04,3,2025-08-29,field
1559,PTO-100,Supplier D,IL,1559,120,2025-05-09,4,2025-05-16,receiving
1560,FUE-100,Supplier A,CA,1560,127,2025-05-20,6,2025-06-25,field
1561,ENG-200,Supplier B,IL,1561,142,2025-04-26,5,2025-05-14,assembly
1562,TRN-200,Supplier E,TX,1562,149,2025-04-20,10,2025-06-10,assembly
1563,HYD-200,Supplier E,FL,1563,141,2025-04-18,19,2025-05-25,receiving
1564,FAX-200,Supplier A,NY,1564,144,2025-05-20,1,2025-07-11,receiving
1565,RAX-200,Supplier D,IL,1565,153,2025-04-28,12,2025-05-19,assembly
1566,CAB-200,Supplier C,TX,1566,158,2025-05-19,3,2025-07-06,receiving
1567,ECU-200,Supplier A,IL,1567,146,2025-05-20,8,2025-07-28,receiving
1568,TIR-200,Supplier D,IL,1568,132,2025-05-05,9,2025-05-28,assembly
1569,PTO-200,Supplier C,TX,1569,146,2025-05-05,9,2025-06-05,field
1570,FUE-200,Supplier E,NY,1570,147,2025-05-12,8,2025-07-16,assembly
1571,ENG-300,Supplier D,IL,1571,127,2025-05-14,7,2025-07-19,field
1572,TRN-300,Supplier C,FL,1572,136,2025-05-14,10,2025-08-05,assembly
1573,HYD-300,Supplier C,CA,1573,131,2025-04-25,3,2025-06-09,assembly
1574,FAX-300,Supplier A,NY,1574,137,2025-05-18,7,2025-07-04,assembly
1575,RAX-300,Supplier B,FL,1575,141,2025-05-02,9,2025-07-09,receiving
1576,CAB-300,Supplier C,TX,1576,149,2025-05-19,9,2025-05-23,field
1577,ECU-300,Supplier C,NY,1577,147,2025-05-25,7,2025-05-27,receiving
1578,TIR-300,Supplier B,NY,1578,138,2025-04-26,1,2025-05-15,field
1579,PTO-300,Supplier D,TX,1579,141,2025-05-08,9,2025-08-04,assembly
1580,FUE-300,Supplier E,NY,1580,131,2025-05-18,11,2025-08-26,receiving
1581,ENG-400,Supplier D,CA,1581,180,2025-05-11,11,2025-07-16,receiving
1582,TRN-400,Supplier B,TX,1582,199,2025-04-18,25,2025-07-20,field
1583,HYD-400,Supplier C,IL,1583,196,2025-04-22,15,2025-08-09,field
1584,FAX-400,Supplier D,NY,1584,192,2025-05-15,4,2025-08-31,field
1585,RAX-400,Supplier B,IL,1585,179,2025-05-02,11,2025-07-21,field
1586,CAB-400,Supplier E,CA,1586,192,2025-05-12,14,2025-08-02,assembly
1587,ECU-400,Supplier A,IL,1587,196,2025-05-11,9,2025-06-11,assembly
1588,TIR-400,Supplier D,IL,1588,175,2025-04-29,15,2025-06-09,field
1589,PTO-400,Supplier C,FL,1589,189,2025-04-25,8,2025-07-01,receiving
1590,FUE-400,Supplier E,CA,1590,191,2025-05-01,11,2025-06-29,assembly
1591,ENG-500,Supplier D,FL,1591,191,2025-04-28,6,2025-05-09,assembly
1592,TRN-500,Supplier B,FL,1592,196,2025-04-29,6,2025-06-30,assembly
1593,HYD-500,Supplier C,FL,1593,190,2025-05-15,10,2025-07-26,receiving
1594,FAX-500,Supplier D,NY,1594,187,2025-05-05,10,2025-06-18,assembly
1595,RAX-500,Supplier D,NY,1595,190,2025-05-07,2,2025-07-16,assembly
1596,CAB-500,Supplier E,NY,1596,203,2025-05-11,14,2025-08-15,assembly
1597,ECU-500,Supplier C,FL,1597,182,2025-04-18,7,2025-05-22,receiving
1598,TIR-500,Supplier D,FL,1598,194,2025-05-20,9,2025-08-28,receiving
1599,PTO-500,Supplier D,TX,1599,202,2025-05-12,16,2025-05-12,assembly
1600,FUE-500,Supplier E,TX,1600,215,2025-05-07,13,2025-05-17,assembly
1601,ENG-100,Supplier A,FL,1601,113,2025-05-24,8,2025-07-10,field
1602,TRN-100,Supplier B,IL,1602,107,2025-05-20,3,2025-08-15,receiving
1603,HYD-100,Supplier C,TX,1603,111,2025-05-24,4,2025-08-05,field
1604,FAX-100,Supplier D,CA,1604,106,2025-05-24,5,2025-06-06,receiving
1605,RAX-100,Supplier B,FL,1605,114,2025-06-06,3,2025-08-16,field
1606,CAB-100,Supplier C,TX,1606,115,2025-06-17,8,2025-10-09,receiving
1607,ECU-100,Supplier C,CA,1607,106,2025-06-07,5,2025-09-30,receiving
1608,TIR-100,Supplier B,TX,1608,122,2025-06-12,11,2025-06-13,receiving
1609,PTO-100,Supplier D,NY,1609,106,2025-06-19,6,2025-06-28,assembly
1610,FUE-100,Supplier B,IL,1610,110,2025-06-02,3,2025-08-15,assembly
1611,ENG-200,Supplier A,FL,1611,103,2025-06-09,8,2025-09-27,assembly
1612,TRN-200,Supplier B,IL,1612,98,2025-05-23,6,2025-08-31,field
1613,HYD-200,Supplier E,FL,1613,101,2025-05-24,13,2025-08-05,receiving
1614,FAX-200,Supplier A,FL,1614,99,2025-06-18,3,2025-07-18,receiving
1615,RAX-200,Supplier D,FL,1615,103,2025-06-03,4,2025-06-13,assembly
1616,CAB-200,Supplier C,TX,1616,96,2025-06-09,4,2025-06-29,field
1617,ECU-200,Supplier A,CA,1617,94,2025-06-04,5,2025-08-14,field
1618,TIR-200,Supplier B,FL,1618,96,2025-05-29,6,2025-07-05,receiving
1619,PTO-200,Supplier C,IL,1619,93,2025-06-07,5,2025-06-19,receiving
1620,FUE-200,Supplier E,TX,1620,96,2025-06-23,4,2025-10-16,receiving
1621,ENG-300,Supplier B,IL,1621,106,2025-05-31,5,2025-06-29,receiving
1622,TRN-300,Supplier B,IL,1622,108,2025-05-30,8,2025-06-09,field
1623,HYD-300,Supplier C,CA,1623,112,2025-05-23,8,2025-08-01,assembly
1624,FAX-300,Supplier D,TX,1624,103,2025-06-15,4,2025-07-20,assembly
1625,RAX-300,Supplier D,TX,1625,106,2025-05-24,5,2025-05-24,assembly
1626,CAB-300,Supplier E,TX,1626,110,2025-05-25,6,2025-06-27,assembly
1627,ECU-300,Supplier C,TX,1627,105,2025-06-06,6,2025-07-02,assembly
1628,TIR-300,Supplier D,IL,1628,103,2025-05-26,2,2025-08-18,field
1629,PTO-300,Supplier C,NY,1629,104,2025-05-27,10,2025-07-15,assembly
1630,FUE-300,Supplier E,FL,1630,103,2025-06-04,6,2025-07-08,assembly
1631,ENG-400,Supplier B,CA,1631,155,2025-05-22,7,2025-07-14,assembly
1632,TRN-400,Supplier B,IL,1632,139,2025-05-29,11,2025-06-19,assembly
1633,HYD-400,Supplier E,FL,1633,131,2025-06-15,17,2025-07-28,assembly
1634,FAX-400,Supplier D,TX,1634,146,2025-06-20,11,2025-07-22,receiving
1635,RAX-400,Supplier D,IL,1635,153,2025-06-06,12,2025-09-20,receiving
1636,CAB-400,Supplier C,CA,1636,146,2025-06-07,8,2025-09-05,field
1637,ECU-400,Supplier C,NY,1637,150,2025-05-28,6,2025-06-08,field
1638,TIR-400,Supplier B,IL,1638,153,2025-05-31,8,2025-07-31,receiving
1639,PTO-400,Supplier D,CA,1639,165,2025-05-20,7,2025-08-25,field
1640,FUE-400,Supplier E,NY,1640,156,2025-05-28,10,2025-09-14,assembly
1641,ENG-500,Supplier A,FL,1641,129,2025-06-04,9,2025-07-14,receiving
1642,TRN-500,Supplier E,NY,1642,149,2025-05-25,8,2025-07-20,assembly
1643,HYD-500,Supplier E,IL,1643,149,2025-06-16,15,2025-07-04,receiving
1644,FAX-500,Supplier A,IL,1644,149,2025-05-30,6,2025-08-12,receiving
1645,RAX-500,Supplier B,IL,1645,158,2025-06-08,12,2025-06-20,assembly
1646,CAB-500,Supplier E,NY,1646,162,2025-06-25,5,2025-08-04,assembly
1647,ECU-500,Supplier C,TX,1647,146,2025-06-10,13,2025-09-17,field
1648,TIR-500,Supplier B,IL,1648,159,2025-06-05,7,2025-08-15,receiving
1649,PTO-500,Supplier D,NY,1649,141,2025-05-23,4,2025-08-28,field
1650,FUE-500,Supplier A,TX,1650,149,2025-06-04,10,2025-07-08,field
1651,ENG-100,Supplier B,FL,1651,145,2025-07-02,8,2025-10-01,assembly
1652,TRN-100,Supplier B,CA,1652,131,2025-06-24,9,2025-10-21,assembly
1653,HYD-100,Supplier C,FL,1653,140,2025-07-12,6,2025-07-15,assembly
1654,FAX-100,Supplier A,IL,1654,139,2025-06-29,8,2025-07-04,receiving
1655,RAX-100,Supplier D,TX,1655,141,2025-06-19,7,2025-09-19,assembly
1656,CAB-100,Supplier E,NY,1656,131,2025-06-26,10,2025-09-13,field
1657,ECU-100,Supplier C,CA,1657,147,2025-07-07,6,2025-10-28,field
1658,TIR-100,Supplier B,CA,1658,137,2025-06-19,8,2025-08-24,assembly
1659,PTO-100,Supplier D,NY,1659,128,2025-07-06,1,2025-10-24,receiving
1660,FUE-100,Supplier A,NY,1660,148,2025-07-10,7,2025-09-05,receiving
1661,ENG-200,Supplier A,CA,1661,133,2025-06-21,5,2025-08-31,receiving
1662,TRN-200,Supplier E,NY,1662,122,2025-07-04,6,2025-07-04,assembly
1663,HYD-200,Supplier A,TX,1663,121,2025-06-30,1,2025-10-12,assembly
1664,FAX-200,Supplier D,TX,1664,125,2025-06-21,3,2025-07-27,assembly
1665,RAX-200,Supplier D,IL,1665,129,2025-07-08,4,2025-10-18,field
1666,CAB-200,Supplier E,CA,1666,134,2025-06-25,5,2025-09-02,receiving
1667,ECU-200,Supplier E,NY,1667,121,2025-06-19,2,2025-09-23,assembly
1668,TIR-200,Supplier B,CA,1668,139,2025-06-19,3,2025-06-25,assembly
1669,PTO-200,Supplier D,TX,1669,132,2025-06-25,7,2025-09-29,receiving
1670,FUE-200,Supplier E,IL,1670,117,2025-06-30,7,2025-07-29,assembly
1671,ENG-300,Supplier B,TX,1671,123,2025-06-30,7,2025-07-28,receiving
1672,TRN-300,Supplier C,FL,1672,110,2025-07-08,3,2025-08-01,assembly
1673,HYD-300,Supplier C,CA,1673,129,2025-07-16,10,2025-10-14,receiving
1674,FAX-300,Supplier A,CA,1674,123,2025-07-09,6,2025-07-15,assembly
1675,RAX-300,Supplier B,TX,1675,127,2025-07-03,10,2025-07-03,assembly
1676,CAB-300,Supplier C,IL,1676,117,2025-07-12,8,2025-09-21,receiving
1677,ECU-300,Supplier A,NY,1677,137,2025-07-10,9,2025-07-26,assembly
1678,TIR-300,Supplier B,IL,1678,129,2025-07-01,11,2025-10-12,field
1679,PTO-300,Supplier C,IL,1679,118,2025-07-12,3,2025-10-13,field
1680,FUE-300,Supplier B,NY,1680,124,2025-07-02,10,2025-09-11,assembly
1681,ENG-400,Supplier D,FL,1681,128,2025-07-10,8,2025-07-16,receiving
1682,TRN-400,Supplier C,NY,1682,118,2025-07-14,6,2025-08-11,field
1683,HYD-400,Supplier A,CA,1683,110,2025-07-04,6,2025-08-12,receiving
1684,FAX-400,Supplier D,IL,1684,112,2025-07-10,5,2025-09-18,field
1685,RAX-400,Supplier B,CA,1685,104,2025-06-25,7,2025-10-11,assembly
1686,CAB-400,Supplier E,CA,1686,104,2025-06-19,2,2025-09-10,field
1687,ECU-400,Supplier C,TX,1687,117,2025-07-04,9,2025-09-08,receiving
1688,TIR-400,Supplier D,IL,1688,120,2025-06-26,10,2025-10-01,assembly
1689,PTO-400,Supplier D,NY,1689,125,2025-07-23,8,2025-08-29,assembly
1690,FUE-400,Supplier E,NY,1690,120,2025-06-25,8,2025-07-17,assembly
1691,ENG-500,Supplier A,FL,1691,105,2025-07-12,6,2025-07-19,receiving
1692,TRN-500,Supplier B,FL,1692,119,2025-06-29,5,2025-10-09,assembly
1693,HYD-500,Supplier C,TX,1693,109,2025-07-18,13,2025-07-27,receiving
1694,FAX-500,Supplier A,TX,1694,113,2025-06-29,7,2025-08-22,field
1695,RAX-500,Supplier B,NY,1695,104,2025-06-28,4,2025-09-29,assembly
1696,CAB-500,Supplier C,FL,1696,97,2025-07-24,5,2025-07-28,field
1697,ECU-500,Supplier C,FL,1697,109,2025-07-04,9,2025-10-01,assembly
1698,TIR-500,Supplier D,NY,1698,105,2025-07-04,3,2025-08-09,assembly
1699,PTO-500,Supplier C,IL,1699,94,2025-07-05,6,2025-09-23,assembly
1700,FUE-500,Supplier E,FL,1700,110,2025-07-05,7,2025-08-17,receiving
1701,ENG-100,Supplier A,CA,1701,114,2025-07-26,6,2025-09-05,field
1702,TRN-100,Supplier C,FL,1702,113,2025-08-02,7,2025-08-02,field
1703,HYD-100,Supplier C,IL,1703,121,2025-08-08,8,2025-11-25,field
1704,FAX-100,Supplier A,TX,1704,102,2025-08-17,5,2025-09-11,receiving
1705,RAX-100,Supplier B,NY,1705,111,2025-07-26,6,2025-10-22,field
1706,CAB-100,Supplier E,NY,1706,104,2025-07-29,4,2025-09-10,receiving
1707,ECU-100,Supplier C,CA,1707,114,2025-08-12,6,2025-12-05,receiving
1708,TIR-100,Supplier D,IL,1708,115,2025-08-10,3,2025-10-02,field
1709,PTO-100,Supplier D,FL,1709,105,2025-08-18,2,2025-11-15,receiving
1710,FUE-100,Supplier B,IL,1710,93,2025-07-20,3,2025-08-11,assembly
1711,ENG-200,Supplier A,TX,1711,75,2025-08-08,3,2025-09-20,receiving
1712,TRN-200,Supplier C,FL,1712,74,2025-07-27,5,2025-09-29,assembly
1713,HYD-200,Supplier A,TX,1713,72,2025-08-14,4,2025-10-31,assembly
1714,FAX-200,Supplier D,CA,1714,70,2025-07-19,2,2025-09-07,field
1715,RAX-200,Supplier B,FL,1715,75,2025-08-03,5,2025-09-05,assembly
1716,CAB-200,Supplier C,IL,1716,78,2025-08-12,7,2025-08-30,assembly
1717,ECU-200,Supplier C,NY,1717,66,2025-08-01,4,2025-09-19,assembly
1718,TIR-200,Supplier D,FL,1718,83,2025-07-26,7,2025-07-30,field
1719,PTO-200,Supplier D,NY,1719,71,2025-08-13,3,2025-08-17,assembly
1720,FUE-200,Supplier E,TX,1720,70,2025-08-23,1,2025-09-27,receiving
1721,ENG-300,Supplier B,FL,1721,110,2025-07-27,4,2025-10-22,field
1722,TRN-300,Supplier B,TX,1722,118,2025-08-05,4,2025-09-28,field
1723,HYD-300,Supplier E,IL,1723,115,2025-07-23,9,2025-09-25,field
1724,FAX-300,Supplier D,NY,1724,126,2025-07-29,5,2025-07-30,assembly
1725,RAX-300,Supplier B,IL,1725,116,2025-08-02,6,2025-11-24,assembly
1726,CAB-300,Supplier C,CA,1726,119,2025-07-23,4,2025-11-15,field
1727,ECU-300,Supplier C,CA,1727,112,2025-08-01,4,2025-08-24,assembly
1728,TIR-300,Supplier D,CA,1728,108,2025-07-24,4,2025-09-16,receiving
1729,PTO-300,Supplier D,FL,1729,105,2025-08-05,9,2025-11-20,receiving
1730,FUE-300,Supplier A,CA,1730,119,2025-08-16,3,2025-11-01,assembly
1731,ENG-400,Supplier B,NY,1731,102,2025-07-22,5,2025-11-01,assembly
1732,TRN-400,Supplier C,NY,1732,117,2025-07-23,12,2025-10-29,receiving
1733,HYD-400,Supplier E,IL,1733,118,2025-07-25,13,2025-07-30,receiving
1734,FAX-400,Supplier D,TX,1734,115,2025-08-20,4,2025-09-02,assembly
1735,RAX-400,Supplier B,CA,1735,117,2025-08-09,3,2025-08-15,receiving
1736,CAB-400,Supplier C,TX,1736,114,2025-08-20,4,2025-09-11,assembly
1737,ECU-400,Supplier E,TX,1737,115,2025-08-04,4,2025-08-26,field
1738,TIR-400,Supplier D,TX,1738,115,2025-08-03,8,2025-08-20,field
1739,PTO-400,Supplier C,FL,1739,109,2025-08-14,5,2025-12-04,assembly
1740,FUE-400,Supplier E,TX,1740,115,2025-08-02,5,2025-11-05,assembly
1741,ENG-500,Supplier A,TX,1741,98,2025-07-30,2,2025-11-04,assembly
1742,TRN-500,Supplier B,IL,1742,103,2025-08-07,3,2025-11-16,field
1743,HYD-500,Supplier A,NY,1743,113,2025-08-19,6,2025-11-29,receiving
1744,FAX-500,Supplier A,IL,1744,110,2025-07-18,5,2025-07-21,receiving
1745,RAX-500,Supplier B,CA,1745,109,2025-08-10,4,2025-09-23,assembly
1746,CAB-500,Supplier C,TX,1746,101,2025-07-24,7,2025-11-16,assembly
1747,ECU-500,Supplier A,NY,1747,113,2025-08-15,3,2025-09-05,receiving
1748,TIR-500,Supplier B,TX,1748,118,2025-07-27,5,2025-09-21,receiving
1749,PTO-500,Supplier C,TX,1749,108,2025-08-12,4,2025-10-16,receiving
1750,FUE-500,Supplier A,IL,1750,98,2025-08-04,1,2025-09-14,field
1751,ENG-100,Supplier A,IL,1751,110,2025-09-01,5,2025-11-12,assembly
1752,TRN-100,Supplier C,TX,1752,125,2025-09-19,8,2025-11-13,receiving
1753,HYD-100,Supplier E,CA,1753,104,2025-08-28,16,2025-09-09,assembly
1754,FAX-100,Supplier D,CA,1754,116,2025-09-02,7,2025-11-25,assembly
1755,RAX-100,Supplier D,CA,1755,112,2025-08-25,7,2025-10-16,receiving
1756,CAB-100,Supplier E,FL,1756,111,2025-09-01,6,2025-10-14,receiving
1757,ECU-100,Supplier A,FL,1757,102,2025-08-30,3,2025-12-03,receiving
1758,TIR-100,Supplier B,CA,1758,105,2025-08-29,7,2025-11-07,receiving
1759,PTO-100,Supplier C,FL,1759,121,2025-09-18,6,2025-09-25,receiving
1760,FUE-100,Supplier B,CA,1760,117,2025-08-31,5,2025-09-02,assembly
1761,ENG-200,Supplier D,CA,1761,164,2025-09-02,7,2025-11-29,receiving
1762,TRN-200,Supplier B,IL,1762,144,2025-08-25,9,2025-12-18,assembly
1763,HYD-200,Supplier C,CA,1763,150,2025-09-06,0,,
1764,FAX-200,Supplier A,IL,1764,155,2025-08-29,8,2025-09-04,receiving
1765,RAX-200,Supplier B,FL,1765,140,2025-09-07,5,2025-09-22,assembly
1766,CAB-200,Supplier E,NY,1766,155,2025-08-17,4,2025-12-02,receiving
1767,ECU-200,Supplier C,CA,1767,156,2025-09-13,9,2025-12-14,receiving
1768,TIR-200,Supplier B,FL,1768,159,2025-08-30,8,2025-09-08,assembly
1769,PTO-200,Supplier D,FL,1769,150,2025-09-13,6,2025-12-19,assembly
1770,FUE-200,Supplier E,NY,1770,148,2025-09-03,3,2025-12-08,field
1771,ENG-300,Supplier B,CA,1771,219,2025-08-24,18,2025-12-18,field
1772,TRN-300,Supplier C,CA,1772,195,2025-09-06,7,2025-12-26,field
1773,HYD-300,Supplier A,IL,1773,205,2025-08-22,14,2025-09-28,field
1774,FAX-300,Supplier D,TX,1774,190,2025-08-31,8,2025-09-25,assembly
1775,RAX-300,Supplier B,CA,1775,209,2025-09-04,6,2025-11-10,receiving
1776,CAB-300,Supplier C,TX,1776,202,2025-08-30,14,2025-11-06,receiving
1777,ECU-300,Supplier C,TX,1777,231,2025-09-08,8,2025-11-11,assembly
1778,TIR-300,Supplier D,FL,1778,202,2025-08-31,13,2025-10-10,assembly
1779,PTO-300,Supplier D,NY,1779,207,2025-09-01,11,2025-10-09,assembly
1780,FUE-300,Supplier E,IL,1780,189,2025-09-04,10,2025-11-29,receiving
1781,ENG-400,Supplier A,IL,1781,156,2025-09-02,6,2025-12-25,assembly
1782,TRN-400,Supplier C,NY,1782,145,2025-09-01,7,2025-11-25,field
1783,HYD-400,Supplier C,TX,1783,145,2025-09-09,6,2025-12-10,assembly
1784,FAX-400,Supplier A,IL,1784,157,2025-08-26,8,2025-12-02,field
1785,RAX-400,Supplier B,IL,1785,138,2025-09-04,9,2025-11-05,assembly
1786,CAB-400,Supplier C,FL,1786,161,2025-09-07,7,2025-11-09,field
1787,ECU-400,Supplier A,CA,1787,146,2025-08-27,6,2025-09-07,assembly
1788,TIR-400,Supplier B,IL,1788,168,2025-09-05,6,2025-12-24,receiving
1789,PTO-400,Supplier C,NY,1789,154,2025-09-07,8,2025-12-11,receiving
1790,FUE-400,Supplier E,NY,1790,161,2025-09-01,6,2025-09-30,assembly
1791,ENG-500,Supplier A,FL,1791,142,2025-09-07,6,2026-01-03,receiving
1792,TRN-500,Supplier C,TX,1792,137,2025-09-11,6,2025-09-25,assembly
1793,HYD-500,Supplier C,FL,1793,152,2025-08-28,8,2025-11-22,assembly
1794,FAX-500,Supplier A,TX,1794,144,2025-09-11,6,2025-10-23,assembly
1795,RAX-500,Supplier D,CA,1795,149,2025-09-20,3,2026-01-09,field
1796,CAB-500,Supplier E,NY,1796,145,2025-08-23,7,2025-12-15,field
1797,ECU-500,Supplier C,FL,1797,143,2025-09-02,9,2025-11-29,receiving
1798,TIR-500,Supplier B,IL,1798,143,2025-09-01,7,2025-10-20,field
1799,PTO-500,Supplier D,NY,1799,154,2025-08-27,7,2025-12-23,assembly
1800,FUE-500,Supplier E,CA,1800,138,2025-08-23,7,2025-11-20,receiving
1801,ENG-100,Supplier A,IL,1801,160,2025-10-10,10,2026-01-06,assembly
1802,TRN-100,Supplier B,FL,1802,188,2025-09-26,8,2026-01-23,field
1803,HYD-100,Supplier E,CA,1803,181,2025-10-07,21,2026-02-04,receiving
1804,FAX-100,Supplier D,CA,1804,178,2025-10-10,12,2025-12-19,assembly
1805,RAX-100,Supplier D,IL,1805,165,2025-10-18,7,2025-12-06,receiving
1806,CAB-100,Supplier E,CA,1806,188,2025-09-20,13,2025-11-06,assembly
1807,ECU-100,Supplier A,FL,1807,175,2025-10-03,6,2025-12-26,assembly
1808,TIR-100,Supplier D,FL,1808,174,2025-10-20,6,2026-01-27,receiving
1809,PTO-100,Supplier C,TX,1809,171,2025-10-12,10,2025-11-16,assembly
1810,FUE-100,Supplier A,TX,1810,160,2025-09-21,8,2025-10-21,assembly
1811,ENG-200,Supplier A,TX,1811,207,2025-10-08,11,2025-10-11,field
1812,TRN-200,Supplier E,TX,1812,218,2025-10-04,9,2025-11-15,receiving
1813,HYD-200,Supplier C,FL,1813,225,2025-10-13,9,2025-10-26,assembly
1814,FAX-200,Supplier A,IL,1814,214,2025-10-08,8,2025-10-22,assembly
1815,RAX-200,Supplier D,NY,1815,216,2025-09-27,15,2025-12-18,assembly
1816,CAB-200,Supplier C,IL,1816,192,2025-10-07,7,2026-01-20,assembly
1817,ECU-200,Supplier A,NY,1817,209,2025-10-19,10,2025-11-15,receiving
1818,TIR-200,Supplier B,TX,1818,193,2025-09-28,3,2025-11-27,assembly
1819,PTO-200,Supplier D,IL,1819,190,2025-10-13,9,2025-10-14,receiving
1820,FUE-200,Supplier E,FL,1820,232,2025-10-13,9,2025-10-25,field
1821,ENG-300,Supplier B,IL,1821,182,2025-09-21,12,2025-12-28,assembly
1822,TRN-300,Supplier B,FL,1822,190,2025-10-09,10,2025-10-13,assembly
1823,HYD-300,Supplier C,CA,1823,185,2025-10-02,9,2025-10-24,receiving
1824,FAX-300,Supplier A,CA,1824,196,2025-10-08,14,2025-11-17,field
1825,RAX-300,Supplier D,CA,1825,187,2025-10-11,13,2025-10-28,receiving
1826,CAB-300,Supplier C,NY,1826,197,2025-09-27,9,2025-11-28,assembly
1827,ECU-300,Supplier C,FL,1827,183,2025-10-01,11,2026-01-22,field
1828,TIR-300,Supplier B,CA,1828,182,2025-09-22,5,2025-12-14,field
1829,PTO-300,Supplier C,FL,1829,179,2025-10-10,6,2025-11-13,receiving
1830,FUE-300,Supplier E,IL,1830,197,2025-10-07,3,2025-11-20,receiving
1831,ENG-400,Supplier A,CA,1831,210,2025-10-09,13,2026-01-22,assembly
1832,TRN-400,Supplier E,IL,1832,209,2025-09-27,16,2025-11-23,receiving
1833,HYD-400,Supplier C,IL,1833,209,2025-10-05,6,2025-11-06,receiving
1834,FAX-400,Supplier D,FL,1834,209,2025-10-17,18,2026-01-26,field
1835,RAX-400,Supplier B,TX,1835,221,2025-10-03,8,2025-11-16,field
1836,CAB-400,Supplier C,TX,1836,211,2025-10-02,18,2025-10-14,assembly
1837,ECU-400,Supplier E,TX,1837,208,2025-09-20,4,2025-09-21,receiving
1838,TIR-400,Supplier D,CA,1838,219,2025-09-28,11,2025-11-11,receiving
1839,PTO-400,Supplier C,TX,1839,191,2025-10-24,14,2025-11-13,receiving
1840,FUE-400,Supplier E,FL,1840,224,2025-10-03,12,2026-01-04,assembly
1841,ENG-500,Supplier A,TX,1841,137,2025-09-29,6,2025-11-14,assembly
1842,TRN-500,Supplier B,IL,1842,138,2025-10-11,5,2025-12-12,assembly
1843,HYD-500,Supplier E,IL,1843,114,2025-10-16,14,2025-10-25,field
1844,FAX-500,Supplier D,TX,1844,122,2025-09-22,10,2025-11-20,field
1845,RAX-500,Supplier D,IL,1845,126,2025-10-15,5,2025-12-30,receiving
1846,CAB-500,Supplier E,NY,1846,134,2025-10-01,7,2025-12-15,field
1847,ECU-500,Supplier A,CA,1847,115,2025-10-19,6,2025-11-25,receiving
1848,TIR-500,Supplier D,CA,1848,129,2025-10-13,10,2025-10-24,field
1849,PTO-500,Supplier D,FL,1849,144,2025-10-05,9,2025-11-20,field
1850,FUE-500,Supplier E,IL,1850,129,2025-10-03,5,2026-01-06,field
1851,ENG-100,Supplier A,NY,1851,95,2025-11-15,4,2026-02-25,assembly
1852,TRN-100,Supplier B,TX,1852,108,2025-11-01,2,2026-01-03,assembly
1853,HYD-100,Supplier C,IL,1853,104,2025-11-17,1,2025-12-13,assembly
1854,FAX-100,Supplier D,NY,1854,115,2025-10-18,4,2025-10-28,assembly
1855,RAX-100,Supplier D,TX,1855,106,2025-11-02,5,2026-02-23,assembly
1856,CAB-100,Supplier E,FL,1856,106,2025-11-05,7,2025-12-15,field
1857,ECU-100,Supplier E,NY,1857,115,2025-11-18,4,2026-01-28,assembly
1858,TIR-100,Supplier B,TX,1858,102,2025-11-10,9,2026-02-01,assembly
1859,PTO-100,Supplier C,NY,1859,108,2025-11-10,4,2026-01-30,receiving
1860,FUE-100,Supplier E,NY,1860,106,2025-11-08,4,2025-11-19,assembly
1861,ENG-200,Supplier A,NY,1861,124,2025-10-23,9,2026-02-05,receiving
1862,TRN-200,Supplier C,TX,1862,102,2025-11-15,2,2025-11-17,receiving
1863,HYD-200,Supplier C,IL,1863,114,2025-11-09,6,2026-02-24,assembly
1864,FAX-200,Supplier A,TX,1864,112,2025-11-12,10,2025-12-05,receiving
1865,RAX-200,Supplier D,NY,1865,107,2025-11-01,4,2026-01-26,field
1866,CAB-200,Supplier C,TX,1866,109,2025-11-12,4,2026-03-07,receiving
1867,ECU-200,Supplier A,CA,1867,109,2025-11-01,6,2025-12-09,receiving
1868,TIR-200,Supplier B,TX,1868,103,2025-10-29,7,2026-02-10,field
1869,PTO-200,Supplier D,IL,1869,103,2025-11-19,5,2026-01-15,assembly
1870,FUE-200,Supplier E,NY,1870,118,2025-11-03,6,2026-01-20,receiving
1871,ENG-300,Supplier A,TX,1871,136,2025-11-22,11,2025-12-19,field
1872,TRN-300,Supplier B,CA,1872,127,2025-11-02,7,2026-01-05,assembly
1873,HYD-300,Supplier C,IL,1873,116,2025-10-25,7,2025-11-14,receiving
1874,FAX-300,Supplier D,IL,1874,138,2025-11-08,11,2025-12-22,assembly
1875,RAX-300,Supplier B,NY,1875,125,2025-10-28,6,2026-02-24,receiving
1876,CAB-300,Supplier E,NY,1876,125,2025-11-10,7,2026-01-16,receiving
1877,ECU-300,Supplier E,FL,1877,125,2025-11-08,8,2025-12-26,assembly
1878,TIR-300,Supplier B,TX,1878,133,2025-10-24,2,2025-11-23,receiving
1879,PTO-300,Supplier C,FL,1879,131,2025-11-01,7,2026-02-03,receiving
1880,FUE-300,Supplier A,NY,1880,130,2025-11-23,4,2025-12-26,field
1881,ENG-400,Supplier A,CA,1881,117,2025-11-22,4,2026-03-15,field
1882,TRN-400,Supplier B,FL,1882,105,2025-10-26,12,2025-11-29,assembly
1883,HYD-400,Supplier A,NY,1883,116,2025-10-26,7,2025-12-17,assembly
1884,FAX-400,Supplier A,FL,1884,102,2025-11-15,4,2026-01-19,field
1885,RAX-400,Supplier B,NY,1885,103,2025-10-23,7,2026-01-09,receiving
1886,CAB-400,Supplier E,CA,1886,104,2025-11-16,7,2026-01-13,field
1887,ECU-400,Supplier C,FL,1887,107,2025-10-30,9,2026-02-08,field
1888,TIR-400,Supplier B,NY,1888,107,2025-11-06,1,2026-01-24,field
1889,PTO-400,Supplier D,FL,1889,105,2025-11-20,5,2025-12-04,receiving
1890,FUE-400,Supplier A,NY,1890,99,2025-10-28,6,2025-11-16,receiving
1891,ENG-500,Supplier A,FL,1891,120,2025-11-08,4,2025-11-10,field
1892,TRN-500,Supplier C,NY,1892,119,2025-11-17,7,2026-02-19,assembly
1893,HYD-500,Supplier C,FL,1893,116,2025-10-26,9,2026-02-08,field
1894,FAX-500,Supplier D,FL,1894,120,2025-11-10,2,2025-12-16,assembly
1895,RAX-500,Supplier D,TX,1895,112,2025-10-30,4,2026-02-10,assembly
1896,CAB-500,Supplier E,TX,1896,117,2025-10-17,3,2025-11-10,assembly
1897,ECU-500,Supplier E,FL,1897,105,2025-10-22,4,2026-02-07,field
1898,TIR-500,Supplier B,FL,1898,119,2025-10-24,11,2025-11-01,assembly
1899,PTO-500,Supplier C,FL,1899,127,2025-11-11,5,2026-03-10,assembly
1900,FUE-500,Supplier A,CA,1900,103,2025-11-02,6,2025-11-10,assembly
1901,ENG-100,Supplier A,IL,1901,88,2025-12-08,2,2026-03-10,assembly
1902,TRN-100,Supplier B,CA,1902,97,2025-12-11,8,2026-01-18,receiving
1903,HYD-100,Supplier C,IL,1903,95,2025-11-25,3,2025-12-12,receiving
1904,FAX-100,Supplier A,FL,1904,86,2025-12-08,5,2025-12-27,receiving
1905,RAX-100,Supplier D,FL,1905,87,2025-12-14,0,,
1906,CAB-100,Supplier C,IL,1906,98,2025-11-28,2,2025-12-11,assembly
1907,ECU-100,Supplier A,NY,1907,91,2025-12-07,7,2025-12-25,assembly
1908,TIR-100,Supplier D,CA,1908,86,2025-12-04,9,2025-12-15,assembly
1909,PTO-100,Supplier C,FL,1909,83,2025-12-15,7,2026-03-15,receiving
1910,FUE-100,Supplier A,CA,1910,92,2025-12-08,5,2026-03-24,receiving
1911,ENG-200,Supplier B,IL,1911,110,2025-11-21,4,2026-03-17,receiving
1912,TRN-200,Supplier B,FL,1912,115,2025-12-03,8,2026-03-10,receiving
1913,HYD-200,Supplier C,NY,1913,126,2025-11-27,6,2026-02-22,receiving
1914,FAX-200,Supplier A,IL,1914,111,2025-12-16,4,2026-01-07,assembly
1915,RAX-200,Supplier D,NY,1915,123,2025-12-04,1,2026-01-17,assembly
1916,CAB-200,Supplier E,TX,1916,104,2025-11-25,6,2025-12-02,assembly
1917,ECU-200,Supplier A,CA,1917,122,2025-11-28,9,2025-12-13,field
1918,TIR-200,Supplier B,IL,1918,124,2025-11-25,3,2026-02-01,field
1919,PTO-200,Supplier D,CA,1919,100,2025-12-09,4,2026-01-09,field
1920,FUE-200,Supplier A,TX,1920,115,2025-12-01,10,2026-01-08,receiving
1921,ENG-300,Supplier A,FL,1921,114,2025-11-23,4,2026-02-02,field
1922,TRN-300,Supplier B,NY,1922,114,2025-11-27,7,2025-12-29,assembly
1923,HYD-300,Supplier C,NY,1923,112,2025-11-25,5,2025-12-09,receiving
1924,FAX-300,Supplier D,TX,1924,109,2025-12-02,5,2026-03-12,assembly
1925,RAX-300,Supplier B,CA,1925,109,2025-11-29,7,2026-01-20,assembly
1926,CAB-300,Supplier C,CA,1926,112,2025-11-28,2,2025-12-26,field
1927,ECU-300,Supplier A,NY,1927,117,2025-12-21,6,2026-02-25,field
1928,TIR-300,Supplier D,NY,1928,109,2025-12-14,0,,
1929,PTO-300,Supplier C,IL,1929,98,2025-11-28,7,2025-12-28,assembly
1930,FUE-300,Supplier E,TX,1930,119,2025-11-30,9,2026-03-28,assembly
1931,ENG-400,Supplier B,IL,1931,112,2025-12-04,6,2026-03-28,field
1932,TRN-400,Supplier B,TX,1932,110,2025-12-02,10,2026-03-10,field
1933,HYD-400,Supplier C,IL,1933,97,2025-11-22,7,2025-12-21,assembly
1934,FAX-400,Supplier D,IL,1934,99,2025-12-20,7,2025-12-23,field
1935,RAX-400,Supplier B,CA,1935,101,2025-11-26,2,2026-02-24,assembly
1936,CAB-400,Supplier C,CA,1936,101,2025-11-28,6,2026-03-15,assembly
1937,ECU-400,Supplier A,NY,1937,92,2025-12-05,3,2025-12-23,assembly
1938,TIR-400,Supplier B,NY,1938,101,2025-12-08,1,2026-03-09,assembly
1939,PTO-400,Supplier C,CA,1939,104,2025-11-27,2,2025-11-30,assembly
1940,FUE-400,Supplier E,FL,1940,110,2025-12-14,7,2026-01-15,field
1941,ENG-500,Supplier A,IL,1941,117,2025-12-12,5,2025-12-13,assembly
1942,TRN-500,Supplier C,TX,1942,116,2025-12-18,5,2026-03-23,field
1943,HYD-500,Supplier C,NY,1943,114,2025-12-11,0,,
1944,FAX-500,Supplier D,NY,1944,117,2025-11-26,6,2025-12-31,field
1945,RAX-500,Supplier D,NY,1945,137,2026-01-06,8,2026-04-29,field
1946,CAB-500,Supplier C,TX,1946,115,2025-11-30,5,2026-02-11,field
1947,ECU-500,Supplier C,NY,1947,111,2025-12-20,4,2026-03-05,receiving
1948,TIR-500,Supplier D,NY,1948,127,2025-11-16,2,2026-03-01,field
1949,PTO-500,Supplier D,TX,1949,110,2026-01-01,4,2026-04-15,assembly
1950,FUE-500,Supplier E,NY,1950,113,2025-11-25,5,2025-12-29,assembly
1951,ENG-100,Supplier A,CA,1951,154,2026-01-23,12,2026-03-13,receiving
1952,TRN-100,Supplier C,IL,1952,138,2026-01-12,8,2026-04-20,assembly
1953,HYD-100,Supplier E,NY,1953,142,2026-01-08,20,2026-03-26,receiving
1954,FAX-100,Supplier D,NY,1954,139,2025-12-20,7,2026-03-04,receiving
1955,RAX-100,Supplier B,TX,1955,138,2025-12-31,7,2026-01-30,receiving
1956,CAB-100,Supplier C,NY,1956,148,2026-01-20,11,2026-04-30,field
1957,ECU-100,Supplier C,NY,1957,133,2026-01-15,3,2026-02-06,assembly
1958,TIR-100,Supplier B,CA,1958,139,2026-01-13,7,2026-04-06,receiving
1959,PTO-100,Supplier D,FL,1959,128,2026-01-22,5,2026-04-21,field
1960,FUE-100,Supplier E,IL,1960,148,2026-01-07,3,2026-01-21,receiving
1961,ENG-200,Supplier A,IL,1961,102,2026-01-15,3,2026-02-27,assembly
1962,TRN-200,Supplier B,FL,1962,102,2026-01-10,4,2026-02-22,assembly
1963,HYD-200,Supplier A,TX,1963,101,2025-12-30,6,2026-04-06,assembly
1964,FAX-200,Supplier D,FL,1964,110,2026-01-14,7,2026-04-08,assembly
1965,RAX-200,Supplier D,IL,1965,103,2025-12-23,4,2026-03-31,field
1966,CAB-200,Supplier E,FL,1966,115,2026-01-10,3,2026-02-07,field
1967,ECU-200,Supplier A,NY,1967,103,2026-01-05,4,2026-03-30,assembly
1968,TIR-200,Supplier B,NY,1968,96,2026-01-11,1,2026-03-13,assembly
1969,PTO-200,Supplier C,NY,1969,109,2026-01-02,1,2026-03-24,receiving
1970,FUE-200,Supplier E,IL,1970,110,2026-01-07,4,2026-04-10,assembly
1971,ENG-300,Supplier B,NY,1971,87,2026-01-10,4,2026-03-25,receiving
1972,TRN-300,Supplier B,IL,1972,96,2025-12-30,6,2026-02-03,field
1973,HYD-300,Supplier C,NY,1973,79,2026-01-01,3,2026-03-30,receiving
1974,FAX-300,Supplier D,TX,1974,82,2025-12-24,5,2026-01-19,assembly
1975,RAX-300,Supplier B,FL,1975,77,2025-12-27,1,2026-03-03,receiving
1976,CAB-300,Supplier E,NY,1976,91,2026-01-09,11,2026-02-01,assembly
1977,ECU-300,Supplier A,TX,1977,81,2026-01-04,3,2026-01-05,assembly
1978,TIR-300,Supplier D,NY,1978,86,2026-02-03,3,2026-03-05,assembly
1979,PTO-300,Supplier C,FL,1979,90,2026-01-19,10,2026-01-25,receiving
1980,FUE-300,Supplier E,IL,1980,83,2026-01-19,6,2026-02-19,field
1981,ENG-400,Supplier D,IL,1981,110,2026-02-01,5,2026-03-31,receiving
1982,TRN-400,Supplier B,CA,1982,111,2025-12-25,8,2026-01-22,field
1983,HYD-400,Supplier A,NY,1983,104,2026-01-11,2,2026-02-02,assembly
1984,FAX-400,Supplier A,FL,1984,101,2026-01-19,1,2026-05-08,assembly
1985,RAX-400,Supplier D,CA,1985,124,2026-01-27,6,2026-04-12,field
1986,CAB-400,Supplier C,TX,1986,101,2026-01-24,5,2026-04-28,field
1987,ECU-400,Supplier A,FL,1987,112,2026-01-06,10,2026-03-14,assembly
1988,TIR-400,Supplier D,NY,1988,113,2025-12-26,10,2026-01-12,assembly
1989,PTO-400,Supplier C,CA,1989,105,2026-01-16,6,2026-05-10,assembly
1990,FUE-400,Supplier E,CA,1990,117,2026-01-02,6,2026-03-24,field
1991,ENG-500,Supplier B,FL,1991,119,2025-12-26,7,2026-01-11,field
1992,TRN-500,Supplier C,FL,1992,111,2026-01-08,9,2026-04-19,assembly
1993,HYD-500,Supplier C,NY,1993,112,2026-01-17,11,2026-01-23,field
1994,FAX-500,Supplier D,TX,1994,107,2025-12-20,8,2026-03-30,assembly
1995,RAX-500,Supplier D,NY,1995,114,2025-12-27,7,2026-01-21,receiving
1996,CAB-500,Supplier C,TX,1996,117,2025-12-31,8,2026-02-19,field
1997,ECU-500,Supplier A,IL,1997,121,2026-01-13,5,2026-04-17,receiving
1998,TIR-500,Supplier B,NY,1998,115,2025-12-30,7,2026-01-19,field
1999,PTO-500,Supplier C,TX,1999,114,2026-01-04,3,2026-04-02,receiving
2000,FUE-500,Supplier A,NY,2000,114,2026-01-14,4,2026-03-14,assembly
2001,ENG-100,Supplier B,TX,2001,133,2026-01-30,6,2026-03-14,field
2002,TRN-100,Supplier B,CA,2002,133,2026-01-26,6,2026-03-09,assembly
2003,HYD-100,Supplier E,NY,2003,135,2026-02-04,14,2026-03-04,field
2004,FAX-100,Supplier A,IL,2004,130,2026-01-24,5,2026-02-04,assembly
2005,RAX-100,Supplier B,TX,2005,141,2026-01-23,10,2026-01-29,assembly
2006,CAB-100,Supplier C,CA,2006,150,2026-02-11,7,2026-04-10,assembly
2007,ECU-100,Supplier A,FL,2007,138,2026-02-11,13,2026-03-25,receiving
2008,TIR-100,Supplier B,FL,2008,151,2026-02-11,9,2026-05-04,assembly
2009,PTO-100,Supplier D,TX,2009,125,2026-02-16,5,2026-04-05,receiving
2010,FUE-100,Supplier E,CA,2010,135,2026-02-16,3,2026-04-29,field
2011,ENG-200,Supplier A,CA,2011,136,2026-01-21,8,2026-05-07,field
2012,TRN-200,Supplier B,TX,2012,140,2026-01-27,8,2026-02-02,assembly
2013,HYD-200,Supplier E,NY,2013,151,2026-02-07,25,2026-03-12,assembly
2014,FAX-200,Supplier A,CA,2014,140,2026-02-11,14,2026-04-06,field
2015,RAX-200,Supplier D,NY,2015,151,2026-02-13,8,2026-06-05,field
2016,CAB-200,Supplier C,TX,2016,149,2026-02-15,9,2026-06-12,field
2017,ECU-200,Supplier A,NY,2017,143,2026-02-22,2,2026-04-18,receiving
2018,TIR-200,Supplier D,NY,2018,136,2026-01-26,6,2026-02-13,assembly
2019,PTO-200,Supplier C,NY,2019,149,2026-02-14,9,2026-04-18,receiving
2020,FUE-200,Supplier B,FL,2020,155,2026-02-01,11,2026-05-30,assembly
2021,ENG-300,Supplier A,CA,2021,90,2026-02-23,5,2026-03-25,receiving
2022,TRN-300,Supplier C,IL,2022,91,2026-02-14,1,2026-03-19,assembly
2023,HYD-300,Supplier E,CA,2023,95,2026-02-17,12,2026-03-29,assembly
2024,FAX-300,Supplier A,FL,2024,87,2026-02-20,5,2026-06-01,receiving
2025,RAX-300,Supplier D,FL,2025,96,2026-01-31,8,2026-04-18,field
2026,CAB-300,Supplier E,TX,2026,98,2026-02-19,5,2026-03-14,assembly
2027,ECU-300,Supplier A,NY,2027,89,2026-01-29,5,2026-02-18,field
2028,TIR-300,Supplier B,NY,2028,98,2026-01-20,4,2026-02-05,field
2029,PTO-300,Supplier C,CA,2029,97,2026-01-31,5,2026-03-25,assembly
2030,FUE-300,Supplier A,CA,2030,88,2026-02-04,4,2026-03-12,receiving
2031,ENG-400,Supplier A,IL,2031,125,2026-02-05,5,2026-04-19,assembly
2032,TRN-400,Supplier E,TX,2032,131,2026-01-30,9,2026-02-25,assembly
2033,HYD-400,Supplier C,NY,2033,132,2026-01-25,9,2026-05-07,assembly
2034,FAX-400,Supplier D,IL,2034,127,2026-01-30,7,2026-03-27,receiving
2035,RAX-400,Supplier B,CA,2035,112,2026-01-21,6,2026-05-08,assembly
2036,CAB-400,Supplier E,CA,2036,129,2026-02-02,8,2026-02-02,field
2037,ECU-400,Supplier A,CA,2037,128,2026-02-09,6,2026-02-18,assembly
2038,TIR-400,Supplier D,FL,2038,127,2026-01-24,7,2026-01-27,receiving
2039,PTO-400,Supplier D,NY,2039,121,2026-02-08,11,2026-05-03,assembly
2040,FUE-400,Supplier A,TX,2040,126,2026-02-13,7,2026-02-16,receiving
2041,ENG-500,Supplier A,FL,2041,117,2026-02-18,5,2026-04-17,field
2042,TRN-500,Supplier C,CA,2042,120,2026-02-02,3,2026-05-07,field
2043,HYD-500,Supplier C,CA,2043,103,2026-01-23,6,2026-04-20,assembly
2044,FAX-500,Supplier A,CA,2044,99,2026-02-09,6,2026-05-27,assembly
2045,RAX-500,Supplier D,CA,2045,116,2026-01-25,2,2026-02-26,assembly
2046,CAB-500,Supplier C,CA,2046,111,2026-02-02,7,2026-02-14,assembly
2047,ECU-500,Supplier E,FL,2047,114,2026-02-03,3,2026-04-16,receiving
2048,TIR-500,Supplier D,CA,2048,116,2026-01-19,6,2026-03-06,field
2049,PTO-500,Supplier D,NY,2049,113,2026-02-08,4,2026-04-14,field
2050,FUE-500,Supplier B,TX,2050,118,2026-01-23,5,2026-05-02,assembly
2051,ENG-100,Supplier A,FL,2051,213,2026-03-21,11,2026-05-16,assembly
2052,TRN-100,Supplier B,FL,2052,220,2026-02-24,13,2026-04-10,receiving
2053,HYD-100,Supplier E,TX,2053,183,2026-03-21,22,2026-06-13,receiving
2054,FAX-100,Supplier A,IL,2054,186,2026-03-05,8,2026-05-07,receiving
2055,RAX-100,Supplier B,NY,2055,207,2026-02-25,18,2026-04-03,field
2056,CAB-100,Supplier E,NY,2056,206,2026-03-06,7,2026-03-12,assembly
2057,ECU-100,Supplier A,TX,2057,218,2026-02-27,9,2026-05-14,assembly
2058,TIR-100,Supplier B,NY,2058,197,2026-02-23,10,2026-03-25,assembly
2059,PTO-100,Supplier D,TX,2059,181,2026-03-12,8,2026-03-26,receiving
2060,FUE-100,Supplier E,CA,2060,208,2026-03-21,15,2026-07-08,assembly
2061,ENG-200,Supplier A,IL,2061,188,2026-03-15,11,2026-04-03,assembly
2062,TRN-200,Supplier B,FL,2062,171,2026-02-24,14,2026-05-17,assembly
2063,HYD-200,Supplier E,IL,2063,178,2026-03-15,23,2026-04-21,receiving
2064,FAX-200,Supplier D,IL,2064,182,2026-03-02,5,2026-06-21,assembly
2065,RAX-200,Supplier B,FL,2065,190,2026-02-25,17,2026-06-23,field
2066,CAB-200,Supplier E,FL,2066,182,2026-03-16,7,2026-06-12,field
2067,ECU-200,Supplier C,TX,2067,194,2026-02-24,12,2026-04-04,field
2068,TIR-200,Supplier B,CA,2068,178,2026-02-22,9,2026-04-06,receiving
2069,PTO-200,Supplier D,IL,2069,176,2026-03-06,10,2026-05-01,receiving
2070,FUE-200,Supplier E,CA,2070,181,2026-03-24,3,2026-07-13,receiving
2071,ENG-300,Supplier D,FL,2071,208,2026-02-25,10,2026-04-01,assembly
2072,TRN-300,Supplier B,NY,2072,197,2026-03-06,7,2026-04-09,assembly
2073,HYD-300,Supplier E,IL,2073,202,2026-02-25,22,2026-04-21,receiving
2074,FAX-300,Supplier D,NY,2074,234,2026-03-12,11,2026-03-23,assembly
2075,RAX-300,Supplier B,CA,2075,200,2026-02-25,5,2026-03-25,field
2076,CAB-300,Supplier C,TX,2076,219,2026-02-28,10,2026-06-17,receiving
2077,ECU-300,Supplier C,IL,2077,196,2026-03-18,10,2026-03-31,receiving
2078,TIR-300,Supplier D,FL,2078,204,2026-02-21,14,2026-03-01,assembly
2079,PTO-300,Supplier C,TX,2079,206,2026-03-07,15,2026-03-24,assembly
2080,FUE-300,Supplier E,NY,2080,196,2026-02-20,4,2026-03-15,assembly
2081,ENG-400,Supplier A,FL,2081,182,2026-02-18,17,2026-04-30,field
2082,TRN-400,Supplier B,IL,2082,153,2026-02-24,22,2026-03-20,assembly
2083,HYD-400,Supplier A,IL,2083,166,2026-02-27,10,2026-04-20,receiving
2084,FAX-400,Supplier D,TX,2084,171,2026-03-04,6,2026-05-27,field
2085,RAX-400,Supplier B,FL,2085,161,2026-03-11,3,2026-05-30,receiving
2086,CAB-400,Supplier C,FL,2086,172,2026-03-04,4,2026-05-17,receiving
2087,ECU-400,Supplier A,TX,2087,167,2026-03-16,7,2026-07-05,field
2088,TIR-400,Supplier B,CA,2088,172,2026-03-05,2,2026-04-11,assembly
2089,PTO-400,Supplier C,NY,2089,160,2026-03-05,8,2026-03-07,field
2090,FUE-400,Supplier E,FL,2090,162,2026-02-20,6,2026-03-26,receiving
2091,ENG-500,Supplier A,TX,2091,134,2026-03-17,5,2026-06-08,receiving
2092,TRN-500,Supplier C,TX,2092,154,2026-03-06,7,2026-05-09,assembly
2093,HYD-500,Supplier E,NY,2093,153,2026-03-08,14,2026-04-19,field
2094,FAX-500,Supplier D,CA,2094,146,2026-03-04,6,2026-04-02,receiving
2095,RAX-500,Supplier B,NY,2095,143,2026-03-06,3,2026-06-23,assembly
2096,CAB-500,Supplier E,IL,2096,151,2026-02-22,8,2026-04-23,assembly
2097,ECU-500,Supplier A,IL,2097,169,2026-03-14,5,2026-06-18,field
2098,TIR-500,Supplier D,CA,2098,155,2026-02-22,6,2026-06-18,field
2099,PTO-500,Supplier D,NY,2099,168,2026-02-24,5,2026-04-16,field
2100,FUE-500,Supplier B,TX,2100,148,2026-02-19,6,2026-04-22,field
2101,ENG-100,Supplier A,FL,2101,172,2026-04-14,12,2026-05-19,assembly
2102,TRN-100,Supplier C,NY,2102,170,2026-04-21,9,2026-05-23,field
2103,HYD-100,Supplier C,CA,2103,184,2026-04-06,12,2026-07-16,receiving
2104,FAX-100,Supplier D,TX,2104,169,2026-04-21,10,2026-07-24,field
2105,RAX-100,Supplier D,NY,2105,175,2026-03-25,8,2026-06-09,assembly
2106,CAB-100,Supplier E,FL,2106,177,2026-04-14,12,2026-05-06,assembly
2107,ECU-100,Supplier A,TX,2107,174,2026-04-15,11,2026-07-16,receiving
2108,TIR-100,Supplier B,TX,2108,172,2026-04-03,10,2026-06-05,field
2109,PTO-100,Supplier C,FL,2109,202,2026-04-15,12,2026-04-21,assembly
2110,FUE-100,Supplier E,FL,2110,190,2026-04-04,10,2026-04-25,assembly
2111,ENG-200,Supplier A,FL,2111,251,2026-03-25,12,2026-07-16,field
2112,TRN-200,Supplier C,CA,2112,259,2026-03-30,18,2026-07-11,field
2113,HYD-200,Supplier A,TX,2113,259,2026-03-24,12,2026-04-30,receiving
2114,FAX-200,Supplier D,FL,2114,228,2026-04-20,11,2026-05-25,assembly
2115,RAX-200,Supplier D,CA,2115,223,2026-04-05,13,2026-07-15,receiving
2116,CAB-200,Supplier E,CA,2116,243,2026-03-27,6,2026-06-24,assembly
2117,ECU-200,Supplier A,TX,2117,234,2026-04-20,8,2026-06-04,field
2118,TIR-200,Supplier B,CA,2118,236,2026-03-30,11,2026-07-11,field
2119,PTO-200,Supplier C,FL,2119,241,2026-04-08,17,2026-04-19,assembly
2120,FUE-200,Supplier E,IL,2120,244,2026-04-09,18,2026-04-11,receiving
2121,ENG-300,Supplier B,TX,2121,169,2026-03-24,6,2026-05-10,field
2122,TRN-300,Supplier C,TX,2122,172,2026-03-25,11,2026-06-22,receiving
2123,HYD-300,Supplier C,CA,2123,183,2026-03-24,6,2026-06-21,assembly
2124,FAX-300,Supplier D,TX,2124,178,2026-03-31,13,2026-07-21,receiving
2125,RAX-300,Supplier B,FL,2125,185,2026-04-04,7,2026-07-16,field
2126,CAB-300,Supplier C,IL,2126,178,2026-03-27,8,2026-03-29,receiving
2127,ECU-300,Supplier C,NY,2127,157,2026-04-14,6,2026-07-24,assembly
2128,TIR-300,Supplier B,FL,2128,179,2026-03-27,2,2026-06-25,field
2129,PTO-300,Supplier D,NY,2129,177,2026-04-11,6,2026-06-29,assembly
2130,FUE-300,Supplier A,FL,2130,174,2026-04-13,5,2026-08-11,assembly
2131,ENG-400,Supplier A,FL,2131,181,2026-04-05,13,2026-06-29,field
2132,TRN-400,Supplier C,TX,2132,169,2026-04-10,18,2026-06-01,receiving
2133,HYD-400,Supplier C,TX,2133,168,2026-04-13,6,2026-06-07,receiving
2134,FAX-400,Supplier A,NY,2134,152,2026-03-31,6,2026-07-01,assembly
2135,RAX-400,Supplier D,IL,2135,168,2026-04-14,12,2026-06-12,assembly
2136,CAB-400,Supplier E,FL,2136,175,2026-04-21,5,2026-07-29,receiving
2137,ECU-400,Supplier C,NY,2137,166,2026-04-02,13,2026-05-02,field
2138,TIR-400,Supplier B,CA,2138,167,2026-04-11,11,2026-06-19,field
2139,PTO-400,Supplier C,FL,2139,185,2026-03-26,12,2026-04-29,field
2140,FUE-400,Supplier E,NY,2140,177,2026-04-18,8,2026-07-13,receiving
2141,ENG-500,Supplier A,NY,2141,267,2026-04-09,12,2026-05-21,field
2142,TRN-500,Supplier B,NY,2142,257,2026-04-03,17,2026-05-10,receiving
2143,HYD-500,Supplier A,IL,2143,271,2026-04-05,10,2026-05-25,receiving
2144,FAX-500,Supplier D,IL,2144,262,2026-04-08,7,2026-07-08,receiving
2145,RAX-500,Supplier D,CA,2145,281,2026-04-04,10,2026-07-10,field
2146,CAB-500,Supplier C,TX,2146,214,2026-04-17,7,2026-07-25,receiving
2147,ECU-500,Supplier A,IL,2147,256,2026-04-14,13,2026-05-22,receiving
2148,TIR-500,Supplier D,IL,2148,245,2026-03-23,14,2026-05-23,assembly
2149,PTO-500,Supplier C,NY,2149,259,2026-03-24,8,2026-06-03,field
2150,FUE-500,Supplier A,FL,2150,256,2026-04-25,11,2026-06-29,receiving
2151,ENG-100,Supplier A,NY,2151,157,2026-04-25,11,2026-07-22,receiving
2152,TRN-100,Supplier C,IL,2152,146,2026-04-28,8,2026-06-30,receiving
2153,HYD-100,Supplier A,FL,2153,165,2026-05-06,9,2026-08-20,assembly
2154,FAX-100,Supplier D,CA,2154,150,2026-04-23,10,2026-06-05,assembly
2155,RAX-100,Supplier B,FL,2155,152,2026-05-11,7,2026-08-28,receiving
2156,CAB-100,Supplier E,TX,2156,152,2026-05-10,4,2026-08-03,receiving
2157,ECU-100,Supplier E,CA,2157,174,2026-05-03,9,2026-08-05,receiving
2158,TIR-100,Supplier B,NY,2158,155,2026-05-01,8,2026-08-09,assembly
2159,PTO-100,Supplier C,FL,2159,173,2026-04-29,3,2026-06-24,assembly
2160,FUE-100,Supplier E,CA,2160,162,2026-05-19,12,2026-08-06,field
2161,ENG-200,Supplier A,IL,2161,179,2026-05-06,7,2026-05-20,field
2162,TRN-200,Supplier E,TX,2162,189,2026-05-16,19,2026-06-22,assembly
2163,HYD-200,Supplier E,TX,2163,167,2026-05-12,22,2026-05-28,assembly
2164,FAX-200,Supplier D,TX,2164,214,2026-04-25,8,2026-05-30,field
2165,RAX-200,Supplier D,TX,2165,209,2026-05-02,8,2026-05-30,field
2166,CAB-200,Supplier E,CA,2166,190,2026-05-08,14,2026-06-13,assembly
2167,ECU-200,Supplier A,TX,2167,202,2026-05-01,8,2026-08-10,assembly
2168,TIR-200,Supplier B,TX,2168,182,2026-04-25,9,2026-08-02,receiving
2169,PTO-200,Supplier C,TX,2169,192,2026-05-15,10,2026-08-23,assembly
2170,FUE-200,Supplier E,IL,2170,192,2026-04-27,8,2026-05-01,field
2171,ENG-300,Supplier B,CA,2171,166,2026-04-28,3,2026-08-24,field
2172,TRN-300,Supplier C,TX,2172,190,2026-04-24,14,2026-06-09,field
2173,HYD-300,Supplier C,CA,2173,180,2026-05-08,7,2026-07-02,assembly
2174,FAX-300,Supplier A,CA,2174,199,2026-05-04,5,2026-07-06,assembly
2175,RAX-300,Supplier B,NY,2175,175,2026-04-21,8,2026-08-19,assembly
2176,CAB-300,Supplier E,TX,2176,190,2026-05-19,4,2026-08-21,assembly
2177,ECU-300,Supplier A,CA,2177,192,2026-04-26,10,2026-07-23,receiving
2178,TIR-300,Supplier D,FL,2178,185,2026-04-25,8,2026-07-02,receiving
2179,PTO-300,Supplier D,TX,2179,180,2026-04-29,10,2026-08-07,assembly
2180,FUE-300,Supplier E,FL,2180,193,2026-05-04,9,2026-06-04,field
2181,ENG-400,Supplier A,NY,2181,141,2026-05-09,8,2026-07-31,receiving
2182,TRN-400,Supplier E,TX,2182,149,2026-05-09,12,2026-06-05,field
2183,HYD-400,Supplier C,CA,2183,125,2026-04-23,7,2026-06-16,assembly
2184,FAX-400,Supplier A,FL,2184,136,2026-04-26,8,2026-08-03,assembly
2185,RAX-400,Supplier B,FL,2185,148,2026-04-27,15,2026-07-14,assembly
2186,CAB-400,Supplier C,IL,2186,144,2026-05-10,5,2026-07-26,field
2187,ECU-400,Supplier A,CA,2187,142,2026-04-25,15,2026-07-20,assembly
2188,TIR-400,Supplier D,NY,2188,140,2026-04-29,8,2026-05-15,assembly
2189,PTO-400,Supplier D,TX,2189,148,2026-05-05,3,2026-07-23,assembly
2190,FUE-400,Supplier A,TX,2190,134,2026-04-29,5,2026-07-09,receiving
2191,ENG-500,Supplier D,TX,2191,164,2026-05-06,9,2026-08-28,assembly
2192,TRN-500,Supplier E,NY,2192,182,2026-05-11,9,2026-08-07,receiving
2193,HYD-500,Supplier A,TX,2193,178,2026-04-24,7,2026-05-17,receiving
2194,FAX-500,Supplier A,FL,2194,172,2026-05-12,12,2026-07-17,field
2195,RAX-500,Supplier B,CA,2195,175,2026-04-24,9,2026-06-16,assembly
2196,CAB-500,Supplier C,TX,2196,170,2026-05-15,13,2026-09-10,assembly
2197,ECU-500,Supplier A,IL,2197,166,2026-04-30,11,2026-08-09,field
2198,TIR-500,Supplier B,IL,2198,176,2026-05-03,9,2026-05-22,receiving
2199,PTO-500,Supplier C,IL,2199,189,2026-04-29,7,2026-07-21,receiving
2200,FUE-500,Supplier E,NY,2200,150,2026-04-28,8,2026-08-24,assembly
2201,ENG-100,Supplier D,TX,2201,161,2026-06-07,9,2026-08-25,assembly
2202,TRN-100,Supplier B,NY,2202,165,2026-05-27,11,2026-09-22,assembly
2203,HYD-100,Supplier C,IL,2203,193,2026-05-27,5,2026-07-08,field
2204,FAX-100,Supplier D,CA,2204,170,2026-05-31,7,2026-07-23,assembly
2205,RAX-100,Supplier D,TX,2205,181,2026-06-18,0,,
2206,CAB-100,Supplier E,IL,2206,177,2026-05-29,4,2026-07-24,assembly
2207,ECU-100,Supplier A,FL,2207,167,2026-05-29,8,2026-08-06,field
2208,TIR-100,Supplier D,IL,2208,168,2026-06-19,0,,
2209,PTO-100,Supplier C,CA,2209,169,2026-05-28,10,2026-08-10,receiving
2210,FUE-100,Supplier A,FL,2210,174,2026-06-03,8,2026-06-25,assembly
2211,ENG-200,Supplier A,CA,2211,137,2026-06-16,8,2026-09-10,assembly
2212,TRN-200,Supplier B,CA,2212,148,2026-05-30,4,2026-08-20,field
2213,HYD-200,Supplier C,FL,2213,165,2026-06-10,0,,
2214,FAX-200,Supplier A,CA,2214,132,2026-05-23,10,2026-07-24,assembly
2215,RAX-200,Supplier B,TX,2215,137,2026-06-02,2,2026-07-01,receiving
2216,CAB-200,Supplier C,TX,2216,145,2026-05-29,8,2026-06-25,receiving
2217,ECU-200,Supplier E,CA,2217,152,2026-05-23,5,2026-06-16,assembly
2218,TIR-200,Supplier B,CA,2218,137,2026-05-27,5,2026-06-09,assembly
2219,PTO-200,Supplier C,IL,2219,146,2026-06-12,0,,
2220,FUE-200,Supplier E,TX,2220,146,2026-05-20,8,2026-08-11,assembly
2221,ENG-300,Supplier A,CA,2221,136,2026-06-20,0,,
2222,TRN-300,Supplier C,IL,2222,141,2026-06-01,0,,
2223,HYD-300,Supplier E,TX,2223,127,2026-06-10,18,2026-08-31,field
2224,FAX-300,Supplier A,TX,2224,146,2026-05-31,5,2026-07-31,field
2225,RAX-300,Supplier D,IL,2225,140,2026-05-30,10,2026-09-13,receiving
2226,CAB-300,Supplier E,NY,2226,129,2026-05-29,9,2026-08-18,receiving
2227,ECU-300,Supplier A,FL,2227,149,2026-06-11,4,2026-08-14,assembly
2228,TIR-300,Supplier B,IL,2228,142,2026-06-05,3,2026-06-14,receiving
2229,PTO-300,Supplier D,IL,2229,133,2026-06-13,9,2026-06-28,field
2230,FUE-300,Supplier E,NY,2230,136,2026-06-17,8,2026-09-05,field
2231,ENG-400,Supplier A,TX,2231,144,2026-06-16,2,2026-06-19,assembly
2232,TRN-400,Supplier C,FL,2232,146,2026-06-05,11,2026-06-14,receiving
2233,HYD-400,Supplier C,CA,2233,135,2026-06-02,10,2026-07-11,assembly
2234,FAX-400,Supplier A,IL,2234,138,2026-06-05,1,2026-06-23,assembly
2235,RAX-400,Supplier D,TX,2235,151,2026-06-12,10,2026-06-21,receiving
2236,CAB-400,Supplier C,NY,2236,139,2026-06-20,8,2026-07-20,assembly
2237,ECU-400,Supplier C,CA,2237,142,2026-05-22,5,2026-07-12,field
2238,TIR-400,Supplier B,IL,2238,131,2026-06-03,8,2026-09-11,field
2239,PTO-400,Supplier D,TX,2239,123,2026-05-20,3,2026-07-15,field
2240,FUE-400,Supplier E,IL,2240,146,2026-06-04,8,2026-09-21,field
2241,ENG-500,Supplier D,TX,2241,109,2026-05-28,9,2026-06-04,receiving
2242,TRN-500,Supplier B,NY,2242,117,2026-06-06,6,2026-07-14,receiving
2243,HYD-500,Supplier A,CA,2243,118,2026-06-18,5,2026-07-26,field
2244,FAX-500,Supplier D,NY,2244,113,2026-05-27,7,2026-09-06,receiving
2245,RAX-500,Supplier D,IL,2245,107,2026-05-29,1,2026-07-17,assembly
2246,CAB-500,Supplier C,FL,2246,116,2026-06-15,6,2026-08-21,receiving
2247,ECU-500,Supplier A,TX,2247,112,2026-05-26,4,2026-08-19,field
2248,TIR-500,Supplier D,TX,2248,116,2026-05-29,7,2026-07-31,receiving
2249,PTO-500,Supplier C,FL,2249,113,2026-06-19,5,2026-07-16,receiving
2250,FUE-500,Supplier E,IL,2250,127,2026-06-09,5,2026-08-20,assembly
2251,ENG-100,Supplier B,FL,2251,110,2026-06-22,0,,
2252,TRN-100,Supplier B,IL,2252,109,2026-06-25,0,,
2253,HYD-100,Supplier A,TX,2253,111,2026-07-02,5,2026-07-04,receiving
2254,FAX-100,Supplier D,NY,2254,106,2026-07-10,8,2026-09-10,receiving
2255,RAX-100,Supplier B,NY,2255,107,2026-06-26,3,2026-09-14,assembly
2256,CAB-100,Supplier E,NY,2256,104,2026-07-20,8,2026-09-01,field
2257,ECU-100,Supplier A,IL,2257,113,2026-07-15,2,2026-09-06,receiving
2258,TIR-100,Supplier B,IL,2258,110,2026-06-29,0,,
2259,PTO-100,Supplier D,IL,2259,106,2026-07-04,7,2026-07-16,receiving
2260,FUE-100,Supplier E,IL,2260,114,2026-07-12,6,2026-07-31,assembly
2261,ENG-200,Supplier A,TX,2261,128,2026-07-05,0,,
2262,TRN-200,Supplier E,TX,2262,129,2026-07-06,0,,
2263,HYD-200,Supplier C,NY,2263,129,2026-07-17,8,2026-08-02,field
2264,FAX-200,Supplier D,NY,2264,141,2026-07-18,9,2026-09-15,assembly
2265,RAX-200,Supplier D,CA,2265,123,2026-07-07,4,2026-09-21,field
2266,CAB-200,Supplier E,IL,2266,125,2026-06-23,8,2026-07-25,assembly
2267,ECU-200,Supplier A,NY,2267,123,2026-07-06,7,2026-07-29,assembly
2268,TIR-200,Supplier B,IL,2268,142,2026-07-10,0,,
2269,PTO-200,Supplier C,IL,2269,123,2026-07-14,5,2026-09-10,receiving
2270,FUE-200,Supplier E,TX,2270,127,2026-06-25,7,2026-06-27,assembly
2271,ENG-300,Supplier A,NY,2271,132,2026-06-29,12,2026-08-21,assembly
2272,TRN-300,Supplier C,CA,2272,136,2026-07-18,0,,
2273,HYD-300,Supplier C,IL,2273,147,2026-07-15,7,2026-07-23,field
2274,FAX-300,Supplier A,CA,2274,135,2026-07-15,10,2026-08-21,field
2275,RAX-300,Supplier B,CA,2275,144,2026-07-06,0,,
2276,CAB-300,Supplier E,FL,2276,137,2026-07-12,3,2026-09-19,receiving
2277,ECU-300,Supplier A,CA,2277,161,2026-07-15,11,2026-08-31,assembly
2278,TIR-300,Supplier B,NY,2278,136,2026-06-25,0,,
2279,PTO-300,Supplier C,NY,2279,135,2026-06-18,0,,
2280,FUE-300,Supplier E,TX,2280,142,2026-07-04,0,,
2281,ENG-400,Supplier B,CA,2281,201,2026-06-29,7,2026-07-27,receiving
2282,TRN-400,Supplier B,TX,2282,198,2026-06-25,19,2026-07-04,assembly
2283,HYD-400,Supplier E,TX,2283,196,2026-07-11,28,2026-08-27,assembly
2284,FAX-400,Supplier A,NY,2284,198,2026-07-12,0,,
2285,RAX-400,Supplier B,FL,2285,203,2026-06-21,17,2026-09-15,assembly
2286,CAB-400,Supplier C,FL,2286,187,2026-06-23,0,,
2287,ECU-400,Supplier C,FL,2287,217,2026-07-23,0,,
2288,TIR-400,Supplier D,CA,2288,229,2026-07-12,0,,
2289,PTO-400,Supplier D,FL,2289,215,2026-07-07,0,,
2290,FUE-400,Supplier A,TX,2290,214,2026-07-15,0,,
2291,ENG-500,Supplier D,IL,2291,129,2026-06-30,8,2026-07-12,assembly
2292,TRN-500,Supplier B,TX,2292,145,2026-06-22,0,,
2293,HYD-500,Supplier C,FL,2293,141,2026-07-18,6,2026-08-14,receiving
2294,FAX-500,Supplier D,CA,2294,152,2026-07-17,8,2026-07-26,assembly
2295,RAX-500,Supplier B,NY,2295,138,2026-06-20,0,,
2296,CAB-500,Supplier E,NY,2296,156,2026-07-18,0,,
2297,ECU-500,Supplier C,NY,2297,135,2026-07-11,0,,
2298,TIR-500,Supplier B,IL,2298,146,2026-07-05,0,,
2299,PTO-500,Supplier D,TX,2299,139,2026-07-21,8,2026-08-11,field
2300,FUE-500,Supplier A,FL,2300,138,2026-07-15,0,,
2301,ENG-100,Supplier A,FL,2301,149,2026-08-05,6,2026-09-16,assembly
2302,TRN-100,Supplier B,FL,2302,124,2026-07-24,3,2026-09-12,assembly
2303,HYD-100,Supplier C,CA,2303,145,2026-08-07,7,2026-09-16,assembly
2304,FAX-100,Supplier D,CA,2304,129,2026-08-11,3,2026-08-20,assembly
2305,RAX-100,Supplier B,CA,2305,138,2026-08-04,6,2026-09-18,field
2306,CAB-100,Supplier C,TX,2306,140,2026-08-01,0,,
2307,ECU-100,Supplier A,IL,2307,128,2026-07-23,0,,
2308,TIR-100,Supplier B,NY,2308,143,2026-07-26,4,2026-08-25,receiving
2309,PTO-100,Supplier D,TX,2309,133,2026-08-16,0,,
2310,FUE-100,Supplier B,IL,2310,154,2026-07-24,8,2026-08-31,field
2311,ENG-200,Supplier A,NY,2311,98,2026-08-20,0,,
2312,TRN-200,Supplier C,NY,2312,107,2026-07-30,0,,
2313,HYD-200,Supplier E,FL,2313,93,2026-07-28,0,,
2314,FAX-200,Supplier D,NY,2314,96,2026-08-09,6,2026-08-13,receiving
2315,RAX-200,Supplier D,CA,2315,101,2026-08-14,0,,
2316,CAB-200,Supplier E,CA,2316,96,2026-08-02,5,2026-09-01,receiving
2317,ECU-200,Supplier A,TX,2317,107,2026-08-19,9,2026-09-12,field
2318,TIR-200,Supplier B,CA,2318,97,2026-07-20,4,2026-08-28,field
2319,PTO-200,Supplier D,TX,2319,102,2026-08-16,7,2026-09-11,field
2320,FUE-200,Supplier E,FL,2320,104,2026-08-18,10,2026-09-13,field
2321,ENG-300,Supplier A,CA,2321,116,2026-08-11,8,2026-09-05,assembly
2322,TRN-300,Supplier C,FL,2322,131,2026-08-17,0,,
2323,HYD-300,Supplier E,FL,2323,125,2026-08-13,0,,
2324,FAX-300,Supplier A,CA,2324,117,2026-07-31,6,2026-08-09,assembly
2325,RAX-300,Supplier D,CA,2325,117,2026-08-01,0,,
2326,CAB-300,Supplier C,TX,2326,123,2026-08-10,0,,
2327,ECU-300,Supplier A,TX,2327,133,2026-07-25,7,2026-08-13,receiving
2328,TIR-300,Supplier D,FL,2328,127,2026-07-20,0,,
2329,PTO-300,Supplier C,IL,2329,117,2026-08-05,0,,
2330,FUE-300,Supplier B,TX,2330,118,2026-08-07,8,2026-09-03,field
2331,ENG-400,Supplier A,TX,2331,123,2026-08-16,0,,
2332,TRN-400,Supplier B,CA,2332,122,2026-08-03,0,,
2333,HYD-400,Supplier E,IL,2333,120,2026-08-09,12,2026-09-20,receiving
2334,FAX-400,Supplier D,IL,2334,116,2026-08-08,0,,
2335,RAX-400,Supplier D,IL,2335,127,2026-08-19,7,2026-08-23,assembly
2336,CAB-400,Supplier C,TX,2336,120,2026-08-08,5,2026-08-08,assembly
2337,ECU-400,Supplier A,NY,2337,122,2026-08-03,7,2026-08-19,assembly
2338,TIR-400,Supplier D,TX,2338,120,2026-08-03,0,,
2339,PTO-400,Supplier C,FL,2339,127,2026-07-29,8,2026-09-18,field
2340,FUE-400,Supplier B,NY,2340,116,2026-07-29,5,2026-08-30,field
2341,ENG-500,Supplier D,NY,2341,91,2026-08-01,4,2026-09-02,assembly
2342,TRN-500,Supplier E,NY,2342,81,2026-08-02,0,,
2343,HYD-500,Supplier E,NY,2343,98,2026-08-10,0,,
2344,FAX-500,Supplier D,CA,2344,88,2026-08-22,0,,
2345,RAX-500,Supplier D,IL,2345,86,2026-07-28,4,2026-08-14,assembly
2346,CAB-500,Supplier E,FL,2346,89,2026-08-06,2,2026-09-19,assembly
2347,ECU-500,Supplier A,CA,2347,91,2026-08-06,3,2026-08-22,assembly
2348,TIR-500,Supplier B,IL,2348,81,2026-08-06,0,,
2349,PTO-500,Supplier D,FL,2349,84,2026-07-24,0,,
2350,FUE-500,Supplier E,TX,2350,87,2026-07-27,0,,
2351,ENG-100,Supplier A,NY,2351,117,2026-09-03,0,,
2352,TRN-100,Supplier B,CA,2352,111,2026-09-04,0,,
2353,HYD-100,Supplier E,IL,2353,119,2026-09-06,0,,
2354,FAX-100,Supplier D,TX,2354,118,2026-09-06,0,,
2355,RAX-100,Supplier D,FL,2355,101,2026-09-04,0,,
2356,CAB-100,Supplier C,FL,2356,108,2026-08-29,0,,
2357,ECU-100,Supplier C,CA,2357,108,2026-09-17,0,,
2358,TIR-100,Supplier D,TX,2358,116,2026-09-17,0,,
2359,PTO-100,Supplier C,IL,2359,119,2026-09-15,0,,
2360,FUE-100,Supplier E,IL,2360,111,2026-09-15,0,,
2361,ENG-200,Supplier A,NY,2361,195,2026-09-08,0,,
2362,TRN-200,Supplier B,FL,2362,192,2026-09-03,0,,
2363,HYD-200,Supplier E,CA,2363,195,2026-09-21,0,,
2364,FAX-200,Supplier D,TX,2364,225,2026-08-23,0,,
2365,RAX-200,Supplier D,IL,2365,191,2026-09-14,0,,
2366,CAB-200,Supplier C,CA,2366,190,2026-08-23,0,,
2367,ECU-200,Supplier A,IL,2367,187,2026-09-04,0,,
2368,TIR-200,Supplier B,TX,2368,200,2026-08-25,0,,
2369,PTO-200,Supplier C,FL,2369,226,2026-09-12,0,,
2370,FUE-200,Supplier A,FL,2370,197,2026-08-28,0,,
2371,ENG-300,Supplier B,FL,2371,114,2026-09-01,0,,
2372,TRN-300,Supplier B,IL,2372,118,2026-08-30,0,,
2373,HYD-300,Supplier C,NY,2373,121,2026-08-26,0,,
2374,FAX-300,Supplier A,FL,2374,110,2026-09-18,0,,
2375,RAX-300,Supplier B,CA,2375,121,2026-08-25,0,,
2376,CAB-300,Supplier E,IL,2376,110,2026-09-07,0,,
2377,ECU-300,Supplier A,TX,2377,115,2026-09-04,0,,
2378,TIR-300,Supplier D,FL,2378,112,2026-09-09,0,,
2379,PTO-300,Supplier C,CA,2379,127,2026-09-15,0,,
2380,FUE-300,Supplier E,IL,2380,114,2026-08-28,0,,
2381,ENG-400,Supplier A,FL,2381,184,2026-09-10,0,,
2382,TRN-400,Supplier C,CA,2382,164,2026-09-07,0,,
2383,HYD-400,Supplier A,FL,2383,177,2026-09-11,10,2026-09-12,receiving
2384,FAX-400,Supplier A,FL,2384,195,2026-08-30,14,2026-09-08,assembly
2385,RAX-400,Supplier B,TX,2385,178,2026-09-11,0,,
2386,CAB-400,Supplier C,FL,2386,197,2026-09-21,0,,
2387,ECU-400,Supplier A,TX,2387,189,2026-08-24,0,,
2388,TIR-400,Supplier B,TX,2388,203,2026-09-01,11,2026-09-22,assembly
2389,PTO-400,Supplier C,IL,2389,182,2026-09-04,0,,
2390,FUE-400,Supplier E,NY,2390,182,2026-08-19,0,,
2391,ENG-500,Supplier A,NY,2391,160,2026-09-11,8,2026-09-14,field
2392,TRN-500,Supplier C,NY,2392,137,2026-08-26,0,,
2393,HYD-500,Supplier C,NY,2393,140,2026-08-27,7,2026-08-29,field
2394,FAX-500,Supplier D,CA,2394,150,2026-09-03,0,,
2395,RAX-500,Supplier B,CA,2395,140,2026-09-02,0,,
2396,CAB-500,Supplier E,CA,2396,137,2026-08-28,0,,
2397,ECU-500,Supplier A,CA,2397,132,2026-08-29,0,,
2398,TIR-500,Supplier D,NY,2398,138,2026-09-18,0,,
2399,PTO-500,Supplier D,NY,2399,131,2026-09-15,0,,
2400,FUE-500,Supplier A,NY,2400,144,2026-09-12,0,,
2401,ENG-200,Supplier B,NY,2411,162,2026-09-20,0,,
2402,HYD-200,Supplier C,FL,2413,170,2026-09-21,0,,
2403,RAX-200,Supplier B,IL,2415,156,2026-09-16,0,,
2404,PTO-300,Supplier C,CA,2429,155,2026-09-19,0,,
2405,TIR-400,Supplier B,NY,2438,178,2026-09-20,0,,
2406,ENG-500,Supplier A,IL,2441,144,2026-09-19,0,,
2407,HYD-500,Supplier A,TX,2443,165,2026-09-19,0,,
