id,sku,supplier,warehouse,quantity,unit_price,date_ordered,promised_date,fulfilled_date,status
1,ENG-100,Supplier B,FL,135,4793.6,2022-08-14,2022-09-21,2022-09-30,fulfilled
2,TRN-100,Supplier C,FL,127,2772,2022-08-23,2022-09-25,2022-10-12,fulfilled
3,HYD-100,Supplier E,TX,113,950.6,2022-08-31,2022-09-24,2022-10-09,fulfilled
4,FAX-100,Supplier A,CA,127,1120,2022-08-20,2022-09-17,2022-09-27,fulfilled
5,RAX-100,Supplier D,FL,127,1330,2022-08-30,2022-09-24,2022-09-26,fulfilled
6,CAB-100,Supplier C,TX,133,1940.4,2022-08-22,2022-09-22,2022-10-12,fulfilled
7,ECU-100,Supplier A,NY,115,420,2022-09-08,2022-09-26,2022-10-16,fulfilled
8,TIR-100,Supplier B,CA,127,749,2022-09-12,2022-09-26,2022-09-30,fulfilled
9,PTO-100,Supplier D,NY,133,532,2022-08-27,2022-09-20,2022-10-18,fulfilled
10,FUE-100,Supplier E,FL,120,325.92,2022-09-01,2022-09-17,2022-09-18,fulfilled
11,ENG-200,Supplier A,TX,115,9280,2022-08-19,2022-09-23,2022-10-17,fulfilled
12,TRN-200,Supplier B,IL,137,6206,2022-08-18,2022-09-17,2022-09-22,fulfilled
13,HYD-200,Supplier E,NY,135,1969.1,2022-08-30,2022-09-23,2022-10-20,fulfilled
14,FAX-200,Supplier A,CA,121,2320,2022-08-20,2022-09-17,2022-10-15,fulfilled
15,RAX-200,Supplier B,CA,122,3103,2022-08-28,2022-09-25,2022-09-30,fulfilled
16,CAB-200,Supplier E,IL,113,3938.2,2022-08-29,2022-09-26,2022-10-15,fulfilled
17,ECU-200,Supplier A,IL,121,870,2022-09-08,2022-09-26,2022-09-30,fulfilled
18,TIR-200,Supplier D,FL,132,1377.5,2022-09-05,2022-09-22,2022-10-09,fulfilled
19,PTO-200,Supplier C,IL,141,1148.4,2022-08-28,2022-09-18,2022-10-11,fulfilled
20,FUE-200,Supplier E,NY,129,675.12,2022-09-05,2022-09-21,2022-10-07,fulfilled
21,ENG-300,Supplier D,CA,94,22040,2022-08-14,2022-09-24,2022-10-15,fulfilled
22,TRN-300,Supplier C,CA,87,14355,2022-08-22,2022-09-24,2022-10-04,fulfilled
23,HYD-300,Supplier E,CA,83,4922.75,2022-09-01,2022-09-25,2022-09-29,fulfilled
24,FAX-300,Supplier A,TX,91,5800,2022-08-29,2022-09-26,2022-09-26,fulfilled
25,RAX-300,Supplier B,NY,89,7757.5,2022-08-21,2022-09-18,2022-09-23,fulfilled
26,CAB-300,Supplier C,IL,90,10048.5,2022-08-20,2022-09-20,2022-10-10,fulfilled
27,ECU-300,Supplier C,TX,97,2153.25,2022-08-31,2022-09-21,2022-10-16,fulfilled
28,TIR-300,Supplier B,FL,89,3878.75,2022-09-07,2022-09-21,2022-10-08,fulfilled
29,PTO-300,Supplier C,TX,89,2871,2022-09-04,2022-09-25,2022-10-17,fulfilled
30,FUE-300,Supplier A,TX,76,1740,2022-08-28,2022-09-16,2022-09-30,fulfilled
31,ENG-400,Supplier A,TX,117,42400,2022-08-14,2022-09-18,2022-09-29,fulfilled
32,TRN-400,Supplier B,TX,107,28355,2022-08-27,2022-09-26,2022-09-30,fulfilled
33,HYD-400,Supplier E,TX,111,8996.75,2022-08-29,2022-09-22,2022-10-15,fulfilled
34,FAX-400,Supplier D,TX,108,10070,2022-08-27,2022-09-21,2022-09-22,fulfilled
35,RAX-400,Supplier B,CA,104,14177.5,2022-08-28,2022-09-25,2022-10-08,fulfilled
36,CAB-400,Supplier C,IL,132,18364.5,2022-08-17,2022-09-17,2022-10-06,fulfilled
37,ECU-400,Supplier A,TX,110,3975,2022-09-03,2022-09-21,2022-10-13,fulfilled
38,TIR-400,Supplier D,FL,109,6293.75,2022-09-08,2022-09-25,2022-10-11,fulfilled
39,PTO-400,Supplier C,TX,125,5247,2022-08-28,2022-09-18,2022-09-20,fulfilled
40,FUE-400,Supplier E,CA,112,3084.6,2022-09-02,2022-09-18,2022-10-17,fulfilled
41,ENG-500,Supplier A,NY,121,76800,2022-08-19,2022-09-23,2022-10-15,fulfilled
42,TRN-500,Supplier C,FL,122,47520,2022-08-14,2022-09-16,2022-10-04,fulfilled
43,HYD-500,Supplier E,TX,123,16296,2022-08-31,2022-09-24,2022-10-15,fulfilled
44,FAX-500,Supplier A,TX,125,19200,2022-08-20,2022-09-17,2022-09-19,fulfilled
45,RAX-500,Supplier B,TX,117,25680,2022-08-20,2022-09-17,2022-09-19,fulfilled
46,CAB-500,Supplier C,IL,116,33264,2022-08-20,2022-09-20,2022-10-19,fulfilled
47,ECU-500,Supplier A,NY,125,7200,2022-09-05,2022-09-23,2022-10-13,fulfilled
48,TIR-500,Supplier D,NY,122,11400,2022-09-07,2022-09-24,2022-10-06,fulfilled
49,PTO-500,Supplier D,FL,123,9120,2022-08-25,2022-09-18,2022-09-21,fulfilled
50,FUE-500,Supplier A,NY,128,5760,2022-08-31,2022-09-19,2022-10-02,fulfilled
51,ENG-100,Supplier A,CA,69,4480,2022-09-14,2022-10-19,2022-11-08,fulfilled
52,TRN-100,Supplier B,NY,66,2996,2022-09-26,2022-10-26,2022-10-26,fulfilled
53,HYD-100,Supplier C,NY,74,970.2,2022-09-30,2022-10-21,2022-10-23,fulfilled
54,FAX-100,Supplier A,NY,75,1120,2022-09-28,2022-10-26,2022-10-29,fulfilled
55,RAX-100,Supplier D,FL,78,1330,2022-09-23,2022-10-18,2022-11-16,fulfilled
56,CAB-100,Supplier E,IL,69,1901.2,2022-09-28,2022-10-26,2022-11-06,fulfilled
57,ECU-100,Supplier A,IL,84,420,2022-10-07,2022-10-25,2022-11-19,fulfilled
58,TIR-100,Supplier D,TX,77,665,2022-10-10,2022-10-27,2022-10-30,fulfilled
59,PTO-100,Supplier D,CA,80,532,2022-09-25,2022-10-19,2022-10-31,fulfilled
60,FUE-100,Supplier E,TX,77,325.92,2022-10-08,2022-10-24,2022-11-11,fulfilled
61,ENG-200,Supplier A,TX,117,9280,2022-09-14,2022-10-19,2022-11-10,fulfilled
62,TRN-200,Supplier C,IL,106,5742,2022-09-18,2022-10-21,2022-10-29,fulfilled
63,HYD-200,Supplier E,IL,100,1969.1,2022-10-02,2022-10-26,2022-11-21,fulfilled
64,FAX-200,Supplier A,NY,112,2320,2022-09-22,2022-10-20,2022-10-21,fulfilled
65,RAX-200,Supplier D,CA,110,2755,2022-09-22,2022-10-17,2022-11-02,fulfilled
66,CAB-200,Supplier C,TX,107,4019.4,2022-09-24,2022-10-25,2022-11-16,fulfilled
67,ECU-200,Supplier A,TX,120,870,2022-09-30,2022-10-18,2022-10-21,fulfilled
68,TIR-200,Supplier B,CA,103,1551.5,2022-10-06,2022-10-20,2022-10-31,fulfilled
69,PTO-200,Supplier D,TX,101,1102,2022-09-28,2022-10-22,2022-11-14,fulfilled
70,FUE-200,Supplier B,CA,103,744.72,2022-09-25,2022-10-17,2022-10-17,fulfilled
71,ENG-300,Supplier A,NY,65,23200,2022-09-17,2022-10-22,2022-10-23,fulfilled
72,TRN-300,Supplier B,IL,64,15515,2022-09-25,2022-10-25,2022-10-29,fulfilled
73,HYD-300,Supplier A,IL,67,5075,2022-09-20,2022-10-17,2022-11-06,fulfilled
74,FAX-300,Supplier A,IL,73,5800,2022-09-23,2022-10-21,2022-10-25,fulfilled
75,RAX-300,Supplier D,IL,68,6887.5,2022-09-28,2022-10-23,2022-11-04,fulfilled
76,CAB-300,Supplier E,NY,73,9845.5,2022-09-29,2022-10-27,2022-11-22,fulfilled
77,ECU-300,Supplier A,FL,72,2175,2022-10-02,2022-10-20,2022-11-12,fulfilled
78,TIR-300,Supplier D,IL,65,3443.75,2022-10-02,2022-10-19,2022-11-16,fulfilled
79,PTO-300,Supplier C,TX,66,2871,2022-09-28,2022-10-19,2022-11-09,fulfilled
80,FUE-300,Supplier E,TX,71,1687.8,2022-10-06,2022-10-22,2022-11-19,fulfilled
81,ENG-400,Supplier A,NY,101,42400,2022-09-16,2022-10-21,2022-10-24,fulfilled
82,TRN-400,Supplier C,TX,118,26235,2022-09-20,2022-10-23,2022-10-27,fulfilled
83,HYD-400,Supplier E,TX,108,8996.75,2022-09-23,2022-10-17,2022-10-28,fulfilled
84,FAX-400,Supplier D,FL,125,10070,2022-09-22,2022-10-17,2022-11-11,fulfilled
85,RAX-400,Supplier D,TX,109,12587.5,2022-10-01,2022-10-26,2022-12-03,fulfilled
86,CAB-400,Supplier E,CA,109,17993.5,2022-09-27,2022-10-25,2022-11-10,fulfilled
87,ECU-400,Supplier C,FL,111,3935.25,2022-10-03,2022-10-24,2022-11-22,fulfilled
88,TIR-400,Supplier D,CA,106,6293.75,2022-10-08,2022-10-25,2022-11-29,fulfilled
89,PTO-400,Supplier C,NY,104,5247,2022-10-06,2022-10-27,2022-10-30,fulfilled
90,FUE-400,Supplier A,TX,103,3180,2022-10-01,2022-10-20,2022-10-23,fulfilled
91,ENG-500,Supplier A,IL,96,76800,2022-09-13,2022-10-18,2022-10-22,fulfilled
92,TRN-500,Supplier C,NY,85,47520,2022-09-19,2022-10-22,2022-11-07,fulfilled
93,HYD-500,Supplier E,NY,99,16296,2022-09-27,2022-10-21,2022-11-03,fulfilled
94,FAX-500,Supplier D,IL,87,18240,2022-09-24,2022-10-19,2022-10-25,fulfilled
95,RAX-500,Supplier D,FL,96,22800,2022-09-30,2022-10-25,2022-11-13,fulfilled
96,CAB-500,Supplier E,NY,93,32592,2022-09-23,2022-10-21,2022-11-11,fulfilled
97,ECU-500,Supplier A,CA,92,7200,2022-09-29,2022-10-17,2022-11-08,fulfilled
98,TIR-500,Supplier B,CA,89,12840,2022-10-11,2022-10-25,2022-11-05,fulfilled
99,PTO-500,Supplier D,FL,88,9120,2022-09-30,2022-10-24,2022-11-05,fulfilled
100,FUE-500,Supplier A,TX,86,5760,2022-09-29,2022-10-18,2022-10-22,fulfilled
101,ENG-100,Supplier D,TX,89,4256,2022-10-14,2022-11-24,2022-11-30,fulfilled
102,TRN-100,Supplier B,IL,85,2996,2022-10-25,2022-11-24,2022-11-24,fulfilled
103,HYD-100,Supplier E,FL,82,950.6,2022-10-26,2022-11-19,2022-12-10,fulfilled
104,FAX-100,Supplier D,IL,84,1064,2022-10-28,2022-11-22,2022-12-30,fulfilled
105,RAX-100,Supplier D,NY,77,1330,2022-10-24,2022-11-18,2022-11-24,fulfilled
106,CAB-100,Supplier C,TX,82,1940.4,2022-10-18,2022-11-18,2022-12-03,fulfilled
107,ECU-100,Supplier C,NY,90,415.8,2022-11-04,2022-11-25,2022-11-30,fulfilled
108,TIR-100,Supplier D,IL,75,665,2022-11-09,2022-11-26,2022-12-18,fulfilled
109,PTO-100,Supplier D,CA,82,532,2022-10-25,2022-11-18,2022-12-12,fulfilled
110,FUE-100,Supplier E,CA,87,325.92,2022-11-06,2022-11-22,2022-12-17,fulfilled
111,ENG-200,Supplier B,IL,84,9929.6,2022-10-13,2022-11-20,2022-11-20,fulfilled
112,TRN-200,Supplier E,NY,85,5626,2022-10-13,2022-11-18,2022-12-15,fulfilled
113,HYD-200,Supplier E,FL,85,1969.1,2022-10-27,2022-11-20,2022-12-04,fulfilled
114,FAX-200,Supplier D,CA,81,2204,2022-11-01,2022-11-26,2022-11-27,fulfilled
115,RAX-200,Supplier B,NY,81,3103,2022-10-25,2022-11-22,2022-12-01,fulfilled
116,CAB-200,Supplier E,CA,85,3938.2,2022-10-19,2022-11-16,2022-12-01,fulfilled
117,ECU-200,Supplier C,TX,76,861.3,2022-11-01,2022-11-22,2022-12-01,fulfilled
118,TIR-200,Supplier B,FL,88,1551.5,2022-11-10,2022-11-24,2022-12-08,fulfilled
119,PTO-200,Supplier D,FL,88,1102,2022-10-31,2022-11-24,2022-12-05,fulfilled
120,FUE-200,Supplier A,IL,90,696,2022-11-02,2022-11-21,2022-11-22,fulfilled
121,ENG-300,Supplier A,TX,79,23200,2022-10-13,2022-11-17,2022-12-14,fulfilled
122,TRN-300,Supplier B,NY,90,15515,2022-10-27,2022-11-26,2022-11-26,fulfilled
123,HYD-300,Supplier E,IL,87,4922.75,2022-10-25,2022-11-18,2022-12-06,fulfilled
124,FAX-300,Supplier D,CA,78,5510,2022-10-24,2022-11-18,2022-12-24,fulfilled
125,RAX-300,Supplier B,TX,83,7757.5,2022-10-19,2022-11-16,2022-11-27,fulfilled
126,CAB-300,Supplier E,NY,90,9845.5,2022-10-21,2022-11-18,2022-11-21,fulfilled
127,ECU-300,Supplier A,IL,94,2175,2022-11-03,2022-11-21,2022-11-22,fulfilled
128,TIR-300,Supplier B,TX,82,3878.75,2022-11-12,2022-11-26,2022-12-04,fulfilled
129,PTO-300,Supplier C,CA,86,2871,2022-11-01,2022-11-22,2022-11-22,fulfilled
130,FUE-300,Supplier A,CA,86,1740,2022-10-30,2022-11-18,2022-11-20,fulfilled
131,ENG-400,Supplier B,IL,69,45368,2022-10-19,2022-11-26,2022-12-03,fulfilled
132,TRN-400,Supplier B,FL,68,28355,2022-10-20,2022-11-19,2022-12-02,fulfilled
133,HYD-400,Supplier C,NY,71,9182.25,2022-10-29,2022-11-19,2022-11-28,fulfilled
134,FAX-400,Supplier A,FL,64,10600,2022-10-22,2022-11-19,2022-12-06,fulfilled
135,RAX-400,Supplier B,TX,65,14177.5,2022-10-22,2022-11-19,2022-11-27,fulfilled
136,CAB-400,Supplier C,TX,58,18364.5,2022-10-25,2022-11-25,2022-12-08,fulfilled
137,ECU-400,Supplier A,FL,64,3975,2022-11-07,2022-11-25,2022-12-12,fulfilled
138,TIR-400,Supplier B,CA,56,7088.75,2022-11-10,2022-11-24,2022-12-11,fulfilled
139,PTO-400,Supplier C,TX,60,5247,2022-11-01,2022-11-22,2022-12-12,fulfilled
140,FUE-400,Supplier A,TX,67,3180,2022-10-31,2022-11-19,2022-12-12,fulfilled
141,ENG-500,Supplier D,TX,105,72960,2022-10-15,2022-11-25,2022-12-30,fulfilled
142,TRN-500,Supplier C,FL,84,47520,2022-10-16,2022-11-18,2022-12-06,fulfilled
143,HYD-500,Supplier C,TX,103,16632,2022-10-28,2022-11-18,2022-12-14,fulfilled
144,FAX-500,Supplier D,CA,98,18240,2022-10-27,2022-11-21,2022-11-29,fulfilled
145,RAX-500,Supplier D,NY,94,22800,2022-11-01,2022-11-26,2022-12-21,fulfilled
146,CAB-500,Supplier E,FL,98,32592,2022-10-21,2022-11-18,2022-12-11,fulfilled
147,ECU-500,Supplier E,IL,88,6984,2022-10-31,2022-11-24,2022-12-19,fulfilled
148,TIR-500,Supplier D,TX,92,11400,2022-10-30,2022-11-16,2022-11-29,fulfilled
149,PTO-500,Supplier C,IL,87,9504,2022-10-26,2022-11-16,2022-11-22,fulfilled
150,FUE-500,Supplier A,FL,88,5760,2022-11-04,2022-11-23,2022-12-17,fulfilled
151,ENG-100,Supplier B,TX,127,4793.6,2022-11-14,2022-12-22,2022-12-30,fulfilled
152,TRN-100,Supplier B,NY,131,2996,2022-11-23,2022-12-23,2022-12-28,fulfilled
153,HYD-100,Supplier A,NY,137,980,2022-11-29,2022-12-26,2023-01-10,fulfilled
154,FAX-100,Supplier D,TX,130,1064,2022-12-02,2022-12-27,2022-12-31,fulfilled
155,RAX-100,Supplier D,FL,142,1330,2022-12-02,2022-12-27,2023-02-06,fulfilled
156,CAB-100,Supplier C,IL,128,1940.4,2022-11-26,2022-12-27,2023-01-08,fulfilled
157,ECU-100,Supplier E,NY,128,407.4,2022-12-03,2022-12-27,2023-01-02,fulfilled
158,TIR-100,Supplier D,IL,140,665,2022-12-03,2022-12-20,2023-01-16,fulfilled
159,PTO-100,Supplier C,FL,127,554.4,2022-12-04,2022-12-25,2023-01-16,fulfilled
160,FUE-100,Supplier E,NY,119,325.92,2022-12-10,2022-12-26,2022-12-29,fulfilled
161,ENG-200,Supplier A,TX,89,9280,2022-11-12,2022-12-17,2023-01-01,fulfilled
162,TRN-200,Supplier C,NY,88,5742,2022-11-24,2022-12-27,2023-01-01,fulfilled
163,HYD-200,Supplier C,TX,95,2009.7,2022-12-03,2022-12-24,2022-12-26,fulfilled
164,FAX-200,Supplier D,CA,91,2204,2022-11-23,2022-12-18,2022-12-28,fulfilled
165,RAX-200,Supplier D,TX,89,2755,2022-11-24,2022-12-19,2023-01-24,fulfilled
166,CAB-200,Supplier E,TX,99,3938.2,2022-11-21,2022-12-19,2023-01-09,fulfilled
167,ECU-200,Supplier A,CA,108,870,2022-12-09,2022-12-27,2023-01-02,fulfilled
168,TIR-200,Supplier D,NY,91,1377.5,2022-12-08,2022-12-25,2023-02-04,fulfilled
169,PTO-200,Supplier C,IL,92,1148.4,2022-11-27,2022-12-18,2023-01-11,fulfilled
170,FUE-200,Supplier E,FL,92,675.12,2022-12-08,2022-12-24,2023-01-04,fulfilled
171,ENG-300,Supplier B,CA,92,24824,2022-11-10,2022-12-18,2022-12-29,fulfilled
172,TRN-300,Supplier C,IL,89,14355,2022-11-16,2022-12-19,2023-01-09,fulfilled
173,HYD-300,Supplier C,IL,93,5024.25,2022-11-29,2022-12-20,2023-01-14,fulfilled
174,FAX-300,Supplier D,CA,93,5510,2022-11-22,2022-12-17,2023-01-04,fulfilled
175,RAX-300,Supplier B,TX,100,7757.5,2022-11-21,2022-12-19,2023-01-04,fulfilled
176,CAB-300,Supplier C,CA,85,10048.5,2022-11-16,2022-12-17,2022-12-25,fulfilled
177,ECU-300,Supplier A,TX,92,2175,2022-12-04,2022-12-22,2023-01-17,fulfilled
178,TIR-300,Supplier D,NY,83,3443.75,2022-12-03,2022-12-20,2023-01-24,fulfilled
179,PTO-300,Supplier C,NY,106,2871,2022-12-04,2022-12-25,2023-01-03,fulfilled
180,FUE-300,Supplier E,FL,93,1687.8,2022-12-07,2022-12-23,2023-01-09,fulfilled
181,ENG-400,Supplier B,IL,100,45368,2022-11-10,2022-12-18,2022-12-31,fulfilled
182,TRN-400,Supplier E,TX,91,25705,2022-11-21,2022-12-27,2023-01-18,fulfilled
183,HYD-400,Supplier A,TX,91,9275,2022-11-27,2022-12-24,2023-01-10,fulfilled
184,FAX-400,Supplier A,NY,90,10600,2022-11-27,2022-12-25,2023-01-12,fulfilled
185,RAX-400,Supplier B,NY,99,14177.5,2022-11-19,2022-12-17,2023-01-02,fulfilled
186,CAB-400,Supplier C,NY,95,18364.5,2022-11-21,2022-12-22,2022-12-22,fulfilled
187,ECU-400,Supplier A,IL,96,3975,2022-12-07,2022-12-25,2023-01-06,fulfilled
188,TIR-400,Supplier D,TX,92,6293.75,2022-12-10,2022-12-27,2023-01-24,fulfilled
189,PTO-400,Supplier C,FL,95,5247,2022-12-03,2022-12-24,2022-12-28,fulfilled
190,FUE-400,Supplier A,NY,94,3180,2022-12-06,2022-12-25,2023-01-18,fulfilled
191,ENG-500,Supplier A,TX,159,76800,2022-11-12,2022-12-17,2022-12-19,fulfilled
192,TRN-500,Supplier B,FL,157,51360,2022-11-25,2022-12-25,2023-01-06,fulfilled
193,HYD-500,Supplier A,FL,146,16800,2022-11-28,2022-12-25,2023-01-16,fulfilled
194,FAX-500,Supplier A,TX,154,19200,2022-11-20,2022-12-18,2023-01-05,fulfilled
195,RAX-500,Supplier D,TX,141,22800,2022-11-22,2022-12-17,2022-12-18,fulfilled
196,CAB-500,Supplier E,CA,152,32592,2022-11-20,2022-12-18,2022-12-19,fulfilled
197,ECU-500,Supplier C,FL,146,7128,2022-12-06,2022-12-27,2023-01-23,fulfilled
198,TIR-500,Supplier B,IL,145,12840,2022-12-11,2022-12-25,2022-12-25,fulfilled
199,PTO-500,Supplier D,FL,138,9120,2022-11-26,2022-12-20,2023-01-02,fulfilled
200,FUE-500,Supplier E,CA,152,5587.2,2022-12-02,2022-12-18,2023-01-14,fulfilled
201,ENG-100,Supplier B,NY,120,4793.6,2022-12-19,2023-01-26,2023-02-07,fulfilled
202,TRN-100,Supplier B,NY,125,2996,2022-12-19,2023-01-18,2023-01-29,fulfilled
203,HYD-100,Supplier E,CA,119,950.6,2023-01-03,2023-01-27,2023-02-23,fulfilled
204,FAX-100,Supplier D,CA,120,1064,2022-12-26,2023-01-20,2023-02-21,fulfilled
205,RAX-100,Supplier D,FL,128,1330,2022-12-26,2023-01-20,2023-02-23,fulfilled
206,CAB-100,Supplier E,TX,119,1901.2,2022-12-20,2023-01-17,2023-02-15,fulfilled
207,ECU-100,Supplier E,CA,120,407.4,2023-01-02,2023-01-26,2023-01-31,fulfilled
208,TIR-100,Supplier B,FL,120,749,2023-01-09,2023-01-23,2023-02-02,fulfilled
209,PTO-100,Supplier C,IL,122,554.4,2023-01-05,2023-01-26,2023-02-17,fulfilled
210,FUE-100,Supplier E,FL,118,325.92,2023-01-02,2023-01-18,2023-01-25,fulfilled
211,ENG-200,Supplier B,NY,82,9929.6,2022-12-15,2023-01-22,2023-02-03,fulfilled
212,TRN-200,Supplier B,CA,87,6206,2022-12-26,2023-01-25,2023-01-25,fulfilled
213,HYD-200,Supplier C,FL,91,2009.7,2023-01-03,2023-01-24,2023-02-01,fulfilled
214,FAX-200,Supplier A,TX,88,2320,2022-12-24,2023-01-21,2023-01-27,fulfilled
215,RAX-200,Supplier B,NY,87,3103,2022-12-22,2023-01-19,2023-02-05,fulfilled
216,CAB-200,Supplier C,NY,79,4019.4,2022-12-25,2023-01-25,2023-02-09,fulfilled
217,ECU-200,Supplier E,IL,79,843.9,2022-12-26,2023-01-19,2023-01-31,fulfilled
218,TIR-200,Supplier D,NY,93,1377.5,2023-01-09,2023-01-26,2023-01-27,fulfilled
219,PTO-200,Supplier C,TX,84,1148.4,2023-01-04,2023-01-25,2023-02-22,fulfilled
220,FUE-200,Supplier A,IL,83,696,2022-12-31,2023-01-19,2023-02-02,fulfilled
221,ENG-300,Supplier B,IL,77,24824,2022-12-14,2023-01-21,2023-02-02,fulfilled
222,TRN-300,Supplier B,TX,71,15515,2022-12-25,2023-01-24,2023-02-05,fulfilled
223,HYD-300,Supplier C,CA,81,5024.25,2023-01-04,2023-01-25,2023-01-25,fulfilled
224,FAX-300,Supplier A,NY,77,5800,2022-12-21,2023-01-18,2023-02-13,fulfilled
225,RAX-300,Supplier B,IL,66,7757.5,2022-12-24,2023-01-21,2023-01-28,fulfilled
226,CAB-300,Supplier E,IL,82,9845.5,2022-12-28,2023-01-25,2023-02-05,fulfilled
227,ECU-300,Supplier C,FL,75,2153.25,2022-12-27,2023-01-17,2023-02-07,fulfilled
228,TIR-300,Supplier B,FL,74,3878.75,2023-01-13,2023-01-27,2023-02-13,fulfilled
229,PTO-300,Supplier C,TX,74,2871,2023-01-04,2023-01-25,2023-02-19,fulfilled
230,FUE-300,Supplier E,FL,71,1687.8,2023-01-07,2023-01-23,2023-01-31,fulfilled
231,ENG-400,Supplier A,FL,81,42400,2022-12-18,2023-01-22,2023-01-27,fulfilled
232,TRN-400,Supplier B,CA,83,28355,2022-12-18,2023-01-17,2023-01-19,fulfilled
233,HYD-400,Supplier C,CA,90,9182.25,2023-01-02,2023-01-23,2023-02-14,fulfilled
234,FAX-400,Supplier A,CA,89,10600,2022-12-26,2023-01-23,2023-02-01,fulfilled
235,RAX-400,Supplier D,TX,90,12587.5,2022-12-29,2023-01-23,2023-01-26,fulfilled
236,CAB-400,Supplier C,IL,84,18364.5,2022-12-18,2023-01-18,2023-02-02,fulfilled
237,ECU-400,Supplier A,CA,85,3975,2022-12-30,2023-01-17,2023-01-17,fulfilled
238,TIR-400,Supplier D,FL,89,6293.75,2023-01-09,2023-01-26,2023-02-12,fulfilled
239,PTO-400,Supplier C,IL,93,5247,2023-01-04,2023-01-25,2023-01-27,fulfilled
240,FUE-400,Supplier E,TX,84,3084.6,2023-01-02,2023-01-18,2023-02-07,fulfilled
241,ENG-500,Supplier D,CA,126,72960,2022-12-13,2023-01-23,2023-02-26,fulfilled
242,TRN-500,Supplier B,NY,127,51360,2022-12-28,2023-01-27,2023-02-13,fulfilled
243,HYD-500,Supplier C,FL,139,16632,2023-01-06,2023-01-27,2023-02-02,fulfilled
244,FAX-500,Supplier D,FL,128,18240,2022-12-29,2023-01-23,2023-03-03,fulfilled
245,RAX-500,Supplier B,IL,130,25680,2022-12-29,2023-01-26,2023-02-05,fulfilled
246,CAB-500,Supplier E,TX,135,32592,2022-12-22,2023-01-19,2023-02-12,fulfilled
247,ECU-500,Supplier A,CA,121,7200,2022-12-31,2023-01-18,2023-01-31,fulfilled
248,TIR-500,Supplier B,IL,128,12840,2023-01-08,2023-01-22,2023-02-01,fulfilled
249,PTO-500,Supplier D,NY,136,9120,2022-12-31,2023-01-24,2023-02-25,fulfilled
250,FUE-500,Supplier E,IL,127,5587.2,2023-01-11,2023-01-27,2023-02-06,fulfilled
251,ENG-100,Supplier A,CA,165,4480,2023-01-11,2023-02-15,2023-02-21,fulfilled
252,TRN-100,Supplier C,IL,179,2772,2023-01-22,2023-02-24,2023-03-10,fulfilled
253,HYD-100,Supplier E,TX,179,950.6,2023-01-27,2023-02-20,2023-03-12,fulfilled
254,FAX-100,Supplier A,TX,192,1120,2023-01-18,2023-02-15,2023-02-15,fulfilled
255,RAX-100,Supplier B,TX,176,1498,2023-01-22,2023-02-19,2023-02-19,fulfilled
256,CAB-100,Supplier C,FL,183,1940.4,2023-01-19,2023-02-19,2023-02-23,fulfilled
257,ECU-100,Supplier A,FL,175,420,2023-01-27,2023-02-14,2023-02-17,fulfilled
258,TIR-100,Supplier D,CA,177,665,2023-01-31,2023-02-17,2023-03-13,fulfilled
259,PTO-100,Supplier C,CA,190,554.4,2023-01-28,2023-02-18,2023-03-12,fulfilled
260,FUE-100,Supplier A,IL,173,336,2023-01-29,2023-02-17,2023-03-11,fulfilled
261,ENG-200,Supplier D,FL,190,8816,2023-01-11,2023-02-21,2023-03-22,fulfilled
262,TRN-200,Supplier B,CA,195,6206,2023-01-22,2023-02-21,2023-03-06,fulfilled
263,HYD-200,Supplier C,TX,171,2009.7,2023-01-31,2023-02-21,2023-03-16,fulfilled
264,FAX-200,Supplier D,IL,175,2204,2023-01-21,2023-02-15,2023-02-26,fulfilled
265,RAX-200,Supplier B,NY,183,3103,2023-01-22,2023-02-19,2023-02-25,fulfilled
266,CAB-200,Supplier C,NY,185,4019.4,2023-01-18,2023-02-18,2023-03-02,fulfilled
267,ECU-200,Supplier A,IL,169,870,2023-02-01,2023-02-19,2023-03-01,fulfilled
268,TIR-200,Supplier B,IL,171,1551.5,2023-02-05,2023-02-19,2023-03-07,fulfilled
269,PTO-200,Supplier C,IL,179,1148.4,2023-02-01,2023-02-22,2023-03-15,fulfilled
270,FUE-200,Supplier E,FL,179,675.12,2023-01-31,2023-02-16,2023-03-04,fulfilled
271,ENG-300,Supplier B,NY,82,24824,2023-01-08,2023-02-15,2023-03-04,fulfilled
272,TRN-300,Supplier C,FL,76,14355,2023-01-20,2023-02-22,2023-02-25,fulfilled
273,HYD-300,Supplier E,NY,87,4922.75,2023-01-31,2023-02-24,2023-03-16,fulfilled
274,FAX-300,Supplier D,CA,86,5510,2023-01-30,2023-02-24,2023-03-07,fulfilled
275,RAX-300,Supplier B,NY,88,7757.5,2023-01-24,2023-02-21,2023-03-02,fulfilled
276,CAB-300,Supplier E,FL,79,9845.5,2023-01-20,2023-02-17,2023-02-25,fulfilled
277,ECU-300,Supplier E,IL,91,2109.75,2023-01-31,2023-02-24,2023-03-12,fulfilled
278,TIR-300,Supplier D,IL,90,3443.75,2023-02-03,2023-02-20,2023-03-04,fulfilled
279,PTO-300,Supplier C,NY,83,2871,2023-01-30,2023-02-20,2023-02-22,fulfilled
280,FUE-300,Supplier A,NY,86,1740,2023-02-05,2023-02-24,2023-03-07,fulfilled
281,ENG-400,Supplier A,TX,129,42400,2023-01-11,2023-02-15,2023-02-24,fulfilled
282,TRN-400,Supplier B,IL,146,28355,2023-01-18,2023-02-17,2023-03-03,fulfilled
283,HYD-400,Supplier A,CA,145,9275,2023-01-25,2023-02-21,2023-03-14,fulfilled
284,FAX-400,Supplier A,CA,137,10600,2023-01-24,2023-02-21,2023-02-28,fulfilled
285,RAX-400,Supplier B,FL,141,14177.5,2023-01-22,2023-02-19,2023-03-07,fulfilled
286,CAB-400,Supplier E,NY,148,17993.5,2023-01-22,2023-02-19,2023-02-24,fulfilled
287,ECU-400,Supplier A,CA,135,3975,2023-02-05,2023-02-23,2023-03-16,fulfilled
288,TIR-400,Supplier B,IL,133,7088.75,2023-02-10,2023-02-24,2023-03-05,fulfilled
289,PTO-400,Supplier D,NY,127,5035,2023-01-24,2023-02-17,2023-03-14,fulfilled
290,FUE-400,Supplier A,NY,144,3180,2023-01-31,2023-02-19,2023-02-21,fulfilled
291,ENG-500,Supplier B,TX,148,82176,2023-01-13,2023-02-20,2023-03-09,fulfilled
292,TRN-500,Supplier E,IL,156,46560,2023-01-09,2023-02-14,2023-02-15,fulfilled
293,HYD-500,Supplier C,CA,158,16632,2023-01-24,2023-02-14,2023-02-22,fulfilled
294,FAX-500,Supplier A,IL,183,19200,2023-01-23,2023-02-20,2023-03-18,fulfilled
295,RAX-500,Supplier B,CA,175,25680,2023-01-25,2023-02-22,2023-03-01,fulfilled
296,CAB-500,Supplier C,NY,182,33264,2023-01-17,2023-02-17,2023-02-25,fulfilled
297,ECU-500,Supplier A,CA,174,7200,2023-02-03,2023-02-21,2023-03-21,fulfilled
298,TIR-500,Supplier B,FL,163,12840,2023-01-31,2023-02-14,2023-02-22,fulfilled
299,PTO-500,Supplier C,IL,173,9504,2023-01-24,2023-02-14,2023-03-07,fulfilled
300,FUE-500,Supplier E,CA,174,5587.2,2023-02-04,2023-02-20,2023-03-06,fulfilled
301,ENG-100,Supplier B,CA,190,4793.6,2023-02-11,2023-03-21,2023-03-25,fulfilled
302,TRN-100,Supplier B,IL,152,2996,2023-02-16,2023-03-18,2023-03-22,fulfilled
303,HYD-100,Supplier E,NY,196,950.6,2023-03-03,2023-03-27,2023-04-13,fulfilled
304,FAX-100,Supplier D,CA,176,1064,2023-03-01,2023-03-26,2023-04-21,fulfilled
305,RAX-100,Supplier D,CA,175,1330,2023-02-23,2023-03-20,2023-03-30,fulfilled
306,CAB-100,Supplier C,FL,174,1940.4,2023-02-21,2023-03-24,2023-04-13,fulfilled
307,ECU-100,Supplier A,NY,171,420,2023-03-03,2023-03-21,2023-04-15,fulfilled
308,TIR-100,Supplier D,TX,176,665,2023-03-07,2023-03-24,2023-04-04,fulfilled
309,PTO-100,Supplier C,CA,163,554.4,2023-02-25,2023-03-18,2023-04-08,fulfilled
310,FUE-100,Supplier E,CA,158,325.92,2023-03-06,2023-03-22,2023-03-24,fulfilled
311,ENG-200,Supplier A,IL,165,9280,2023-02-17,2023-03-24,2023-04-05,fulfilled
312,TRN-200,Supplier C,CA,151,5742,2023-02-19,2023-03-24,2023-04-09,fulfilled
313,HYD-200,Supplier C,IL,155,2009.7,2023-03-01,2023-03-22,2023-04-12,fulfilled
314,FAX-200,Supplier D,FL,158,2204,2023-02-25,2023-03-22,2023-04-20,fulfilled
315,RAX-200,Supplier B,CA,159,3103,2023-02-23,2023-03-23,2023-04-06,fulfilled
316,CAB-200,Supplier C,FL,152,4019.4,2023-02-17,2023-03-20,2023-03-22,fulfilled
317,ECU-200,Supplier A,IL,175,870,2023-02-28,2023-03-18,2023-03-28,fulfilled
318,TIR-200,Supplier D,FL,158,1377.5,2023-03-05,2023-03-22,2023-04-20,fulfilled
319,PTO-200,Supplier C,IL,175,1148.4,2023-03-05,2023-03-26,2023-03-27,fulfilled
320,FUE-200,Supplier A,TX,166,696,2023-02-27,2023-03-18,2023-03-30,fulfilled
321,ENG-300,Supplier A,NY,172,23200,2023-02-11,2023-03-18,2023-04-12,fulfilled
322,TRN-300,Supplier B,NY,156,15515,2023-02-23,2023-03-25,2023-04-10,fulfilled
323,HYD-300,Supplier C,NY,151,5024.25,2023-03-02,2023-03-23,2023-04-04,fulfilled
324,FAX-300,Supplier D,FL,176,5510,2023-02-23,2023-03-20,2023-03-26,fulfilled
325,RAX-300,Supplier D,FL,149,6887.5,2023-02-27,2023-03-24,2023-04-18,fulfilled
326,CAB-300,Supplier E,IL,152,9845.5,2023-02-24,2023-03-24,2023-04-15,fulfilled
327,ECU-300,Supplier E,FL,161,2109.75,2023-02-28,2023-03-24,2023-04-20,fulfilled
328,TIR-300,Supplier B,IL,154,3878.75,2023-03-06,2023-03-20,2023-03-29,fulfilled
329,PTO-300,Supplier C,NY,173,2871,2023-03-04,2023-03-25,2023-04-08,fulfilled
330,FUE-300,Supplier A,CA,169,1740,2023-03-04,2023-03-23,2023-03-31,fulfilled
331,ENG-400,Supplier A,NY,138,42400,2023-02-17,2023-03-24,2023-04-02,fulfilled
332,TRN-400,Supplier B,FL,147,28355,2023-02-16,2023-03-18,2023-03-29,fulfilled
333,HYD-400,Supplier C,NY,149,9182.25,2023-03-02,2023-03-23,2023-03-30,fulfilled
334,FAX-400,Supplier A,NY,145,10600,2023-02-24,2023-03-24,2023-04-21,fulfilled
335,RAX-400,Supplier D,CA,168,12587.5,2023-02-25,2023-03-22,2023-04-19,fulfilled
336,CAB-400,Supplier E,IL,153,17993.5,2023-02-23,2023-03-23,2023-04-13,fulfilled
337,ECU-400,Supplier C,IL,153,3935.25,2023-03-01,2023-03-22,2023-04-13,fulfilled
338,TIR-400,Supplier D,CA,146,6293.75,2023-03-03,2023-03-20,2023-04-11,fulfilled
339,PTO-400,Supplier C,FL,159,5247,2023-03-02,2023-03-23,2023-03-30,fulfilled
340,FUE-400,Supplier B,CA,153,3402.6,2023-02-28,2023-03-22,2023-04-04,fulfilled
341,ENG-500,Supplier B,FL,149,82176,2023-02-12,2023-03-22,2023-03-29,fulfilled
342,TRN-500,Supplier C,CA,163,47520,2023-02-15,2023-03-20,2023-03-29,fulfilled
343,HYD-500,Supplier E,IL,148,16296,2023-02-26,2023-03-22,2023-04-18,fulfilled
344,FAX-500,Supplier A,TX,165,19200,2023-02-27,2023-03-27,2023-03-29,fulfilled
345,RAX-500,Supplier D,FL,163,22800,2023-02-22,2023-03-19,2023-03-29,fulfilled
346,CAB-500,Supplier E,IL,173,32592,2023-02-24,2023-03-24,2023-04-03,fulfilled
347,ECU-500,Supplier C,TX,152,7128,2023-03-05,2023-03-26,2023-04-15,fulfilled
348,TIR-500,Supplier D,NY,161,11400,2023-03-05,2023-03-22,2023-04-15,fulfilled
349,PTO-500,Supplier C,TX,152,9504,2023-03-04,2023-03-25,2023-04-08,fulfilled
350,FUE-500,Supplier B,FL,163,6163.2,2023-03-01,2023-03-23,2023-04-02,fulfilled
351,ENG-100,Supplier B,IL,133,4793.6,2023-03-09,2023-04-16,2023-04-23,fulfilled
352,TRN-100,Supplier E,IL,148,2716,2023-03-13,2023-04-18,2023-04-29,fulfilled
353,HYD-100,Supplier A,NY,135,980,2023-03-25,2023-04-21,2023-04-24,fulfilled
354,FAX-100,Supplier D,IL,145,1064,2023-04-01,2023-04-26,2023-05-17,fulfilled
355,RAX-100,Supplier D,FL,143,1330,2023-03-23,2023-04-17,2023-04-25,fulfilled
356,CAB-100,Supplier E,NY,144,1901.2,2023-03-26,2023-04-23,2023-04-29,fulfilled
357,ECU-100,Supplier A,IL,142,420,2023-04-07,2023-04-25,2023-04-30,fulfilled
358,TIR-100,Supplier B,FL,142,749,2023-04-07,2023-04-21,2023-05-07,fulfilled
359,PTO-100,Supplier C,TX,140,554.4,2023-04-04,2023-04-25,2023-05-24,fulfilled
360,FUE-100,Supplier B,NY,151,359.52,2023-03-26,2023-04-17,2023-04-28,fulfilled
361,ENG-200,Supplier B,NY,118,9929.6,2023-03-09,2023-04-16,2023-04-24,fulfilled
362,TRN-200,Supplier C,NY,131,5742,2023-03-14,2023-04-16,2023-05-11,fulfilled
363,HYD-200,Supplier C,NY,113,2009.7,2023-04-03,2023-04-24,2023-05-23,fulfilled
364,FAX-200,Supplier A,FL,123,2320,2023-03-28,2023-04-25,2023-05-24,fulfilled
365,RAX-200,Supplier B,TX,125,3103,2023-03-23,2023-04-20,2023-04-21,fulfilled
366,CAB-200,Supplier C,FL,133,4019.4,2023-03-25,2023-04-25,2023-04-29,fulfilled
367,ECU-200,Supplier C,CA,114,861.3,2023-03-28,2023-04-18,2023-05-17,fulfilled
368,TIR-200,Supplier D,FL,117,1377.5,2023-04-01,2023-04-18,2023-05-17,fulfilled
369,PTO-200,Supplier D,NY,129,1102,2023-03-29,2023-04-22,2023-05-01,fulfilled
370,FUE-200,Supplier E,TX,129,675.12,2023-04-02,2023-04-18,2023-05-09,fulfilled
371,ENG-300,Supplier D,IL,154,22040,2023-03-13,2023-04-23,2023-05-04,fulfilled
372,TRN-300,Supplier E,TX,183,14065,2023-03-18,2023-04-23,2023-05-08,fulfilled
373,HYD-300,Supplier E,CA,154,4922.75,2023-03-27,2023-04-20,2023-04-22,fulfilled
374,FAX-300,Supplier D,CA,171,5510,2023-03-29,2023-04-23,2023-05-20,fulfilled
375,RAX-300,Supplier B,FL,190,7757.5,2023-03-21,2023-04-18,2023-04-24,fulfilled
376,CAB-300,Supplier E,NY,166,9845.5,2023-03-29,2023-04-26,2023-05-09,fulfilled
377,ECU-300,Supplier A,TX,170,2175,2023-03-29,2023-04-16,2023-05-01,fulfilled
378,TIR-300,Supplier B,CA,181,3878.75,2023-04-08,2023-04-22,2023-04-30,fulfilled
379,PTO-300,Supplier D,TX,194,2755,2023-03-31,2023-04-24,2023-04-27,fulfilled
380,FUE-300,Supplier E,TX,174,1687.8,2023-04-01,2023-04-17,2023-04-17,fulfilled
381,ENG-400,Supplier B,CA,129,45368,2023-03-18,2023-04-25,2023-05-06,fulfilled
382,TRN-400,Supplier B,CA,133,28355,2023-03-25,2023-04-24,2023-05-02,fulfilled
383,HYD-400,Supplier E,FL,131,8996.75,2023-03-31,2023-04-24,2023-05-20,fulfilled
384,FAX-400,Supplier A,CA,130,10600,2023-03-27,2023-04-24,2023-05-09,fulfilled
385,RAX-400,Supplier D,NY,123,12587.5,2023-03-28,2023-04-22,2023-04-24,fulfilled
386,CAB-400,Supplier C,NY,120,18364.5,2023-03-23,2023-04-23,2023-05-18,fulfilled
387,ECU-400,Supplier C,FL,134,3935.25,2023-04-05,2023-04-26,2023-05-09,fulfilled
388,TIR-400,Supplier D,NY,136,6293.75,2023-03-30,2023-04-16,2023-04-25,fulfilled
389,PTO-400,Supplier D,FL,118,5035,2023-04-01,2023-04-25,2023-05-16,fulfilled
390,FUE-400,Supplier A,CA,117,3180,2023-04-04,2023-04-23,2023-04-27,fulfilled
391,ENG-500,Supplier D,NY,162,72960,2023-03-15,2023-04-25,2023-05-02,fulfilled
392,TRN-500,Supplier B,TX,157,51360,2023-03-23,2023-04-22,2023-05-04,fulfilled
393,HYD-500,Supplier C,IL,154,16632,2023-04-04,2023-04-25,2023-05-18,fulfilled
394,FAX-500,Supplier D,CA,164,18240,2023-03-22,2023-04-16,2023-05-10,fulfilled
395,RAX-500,Supplier D,IL,169,22800,2023-03-30,2023-04-24,2023-05-11,fulfilled
396,CAB-500,Supplier E,CA,158,32592,2023-03-23,2023-04-20,2023-04-25,fulfilled
397,ECU-500,Supplier E,FL,160,6984,2023-03-24,2023-04-17,2023-04-27,fulfilled
398,TIR-500,Supplier B,NY,144,12840,2023-04-05,2023-04-19,2023-05-01,fulfilled
399,PTO-500,Supplier C,NY,151,9504,2023-04-02,2023-04-23,2023-05-17,fulfilled
400,FUE-500,Supplier A,IL,172,5760,2023-04-06,2023-04-25,2023-05-18,fulfilled
401,ENG-100,Supplier B,CA,96,4793.6,2023-04-11,2023-05-19,2023-06-05,fulfilled
402,TRN-100,Supplier C,FL,90,2772,2023-04-19,2023-05-22,2023-06-03,fulfilled
403,HYD-100,Supplier A,CA,94,980,2023-04-22,2023-05-19,2023-06-04,fulfilled
404,FAX-100,Supplier A,IL,98,1120,2023-04-26,2023-05-24,2023-06-14,fulfilled
405,RAX-100,Supplier D,CA,93,1330,2023-04-22,2023-05-17,2023-05-25,fulfilled
406,CAB-100,Supplier C,IL,97,1940.4,2023-04-23,2023-05-24,2023-06-02,fulfilled
407,ECU-100,Supplier A,IL,89,420,2023-05-02,2023-05-20,2023-06-15,fulfilled
408,TIR-100,Supplier B,FL,100,749,2023-05-09,2023-05-23,2023-06-02,fulfilled
409,PTO-100,Supplier D,NY,94,532,2023-04-23,2023-05-17,2023-05-25,fulfilled
410,FUE-100,Supplier E,NY,99,325.92,2023-05-05,2023-05-21,2023-06-12,fulfilled
411,ENG-200,Supplier A,CA,125,9280,2023-04-12,2023-05-17,2023-05-17,fulfilled
412,TRN-200,Supplier B,IL,137,6206,2023-04-23,2023-05-23,2023-06-03,fulfilled
413,HYD-200,Supplier C,FL,124,2009.7,2023-05-04,2023-05-25,2023-06-04,fulfilled
414,FAX-200,Supplier A,IL,119,2320,2023-04-27,2023-05-25,2023-06-21,fulfilled
415,RAX-200,Supplier D,NY,124,2755,2023-04-25,2023-05-20,2023-06-12,fulfilled
416,CAB-200,Supplier C,CA,131,4019.4,2023-04-24,2023-05-25,2023-06-02,fulfilled
417,ECU-200,Supplier C,TX,126,861.3,2023-04-30,2023-05-21,2023-06-19,fulfilled
418,TIR-200,Supplier D,IL,125,1377.5,2023-05-05,2023-05-22,2023-06-05,fulfilled
419,PTO-200,Supplier C,IL,140,1148.4,2023-04-26,2023-05-17,2023-06-01,fulfilled
420,FUE-200,Supplier E,NY,135,675.12,2023-05-07,2023-05-23,2023-05-30,fulfilled
421,ENG-300,Supplier D,NY,114,22040,2023-04-11,2023-05-22,2023-06-18,fulfilled
422,TRN-300,Supplier B,NY,105,15515,2023-04-21,2023-05-21,2023-06-01,fulfilled
423,HYD-300,Supplier C,FL,104,5024.25,2023-04-28,2023-05-19,2023-06-17,fulfilled
424,FAX-300,Supplier A,IL,111,5800,2023-04-23,2023-05-21,2023-06-19,fulfilled
425,RAX-300,Supplier B,IL,107,7757.5,2023-04-26,2023-05-24,2023-05-27,fulfilled
426,CAB-300,Supplier E,CA,112,9845.5,2023-04-22,2023-05-20,2023-05-24,fulfilled
427,ECU-300,Supplier A,TX,96,2175,2023-04-29,2023-05-17,2023-05-30,fulfilled
428,TIR-300,Supplier B,CA,114,3878.75,2023-05-04,2023-05-18,2023-06-03,fulfilled
429,PTO-300,Supplier C,CA,120,2871,2023-04-30,2023-05-21,2023-05-29,fulfilled
430,FUE-300,Supplier E,FL,115,1687.8,2023-05-03,2023-05-19,2023-06-01,fulfilled
431,ENG-400,Supplier B,FL,83,45368,2023-04-12,2023-05-20,2023-05-28,fulfilled
432,TRN-400,Supplier E,IL,92,25705,2023-04-14,2023-05-20,2023-06-17,fulfilled
433,HYD-400,Supplier C,FL,92,9182.25,2023-05-04,2023-05-25,2023-06-09,fulfilled
434,FAX-400,Supplier D,IL,93,10070,2023-04-22,2023-05-17,2023-05-27,fulfilled
435,RAX-400,Supplier B,FL,88,14177.5,2023-04-29,2023-05-27,2023-05-31,fulfilled
436,CAB-400,Supplier E,TX,88,17993.5,2023-04-29,2023-05-27,2023-06-09,fulfilled
437,ECU-400,Supplier A,NY,94,3975,2023-05-03,2023-05-21,2023-06-06,fulfilled
438,TIR-400,Supplier B,FL,91,7088.75,2023-05-06,2023-05-20,2023-05-24,fulfilled
439,PTO-400,Supplier D,FL,93,5035,2023-04-28,2023-05-22,2023-06-18,fulfilled
440,FUE-400,Supplier B,CA,88,3402.6,2023-04-30,2023-05-22,2023-05-26,fulfilled
441,ENG-500,Supplier A,CA,87,76800,2023-04-21,2023-05-26,2023-05-26,fulfilled
442,TRN-500,Supplier B,CA,76,51360,2023-04-20,2023-05-20,2023-06-05,fulfilled
443,HYD-500,Supplier A,TX,94,16800,2023-04-24,2023-05-21,2023-06-11,fulfilled
444,FAX-500,Supplier A,CA,88,19200,2023-04-26,2023-05-24,2023-05-26,fulfilled
445,RAX-500,Supplier D,TX,96,22800,2023-05-01,2023-05-26,2023-06-23,fulfilled
446,CAB-500,Supplier E,NY,75,32592,2023-04-28,2023-05-26,2023-06-09,fulfilled
447,ECU-500,Supplier A,CA,90,7200,2023-05-05,2023-05-23,2023-06-04,fulfilled
448,TIR-500,Supplier B,TX,88,12840,2023-05-12,2023-05-26,2023-06-08,fulfilled
449,PTO-500,Supplier D,IL,89,9120,2023-04-25,2023-05-19,2023-05-30,fulfilled
450,FUE-500,Supplier A,NY,81,5760,2023-05-03,2023-05-22,2023-06-20,fulfilled
451,ENG-100,Supplier B,IL,87,4793.6,2023-05-16,2023-06-23,2023-07-07,fulfilled
452,TRN-100,Supplier B,NY,83,2996,2023-05-24,2023-06-23,2023-07-01,fulfilled
453,HYD-100,Supplier C,NY,92,970.2,2023-06-01,2023-06-22,2023-07-21,fulfilled
454,FAX-100,Supplier A,TX,97,1120,2023-05-23,2023-06-20,2023-07-17,fulfilled
455,RAX-100,Supplier B,FL,94,1498,2023-05-24,2023-06-21,2023-07-02,fulfilled
456,CAB-100,Supplier E,CA,95,1901.2,2023-05-19,2023-06-16,2023-07-15,fulfilled
457,ECU-100,Supplier A,CA,93,420,2023-05-30,2023-06-17,2023-07-08,fulfilled
458,TIR-100,Supplier D,CA,97,665,2023-06-04,2023-06-21,2023-06-28,fulfilled
459,PTO-100,Supplier D,NY,93,532,2023-05-29,2023-06-22,2023-07-04,fulfilled
460,FUE-100,Supplier A,IL,88,336,2023-05-30,2023-06-18,2023-07-15,fulfilled
461,ENG-200,Supplier A,NY,79,9280,2023-05-17,2023-06-21,2023-07-11,fulfilled
462,TRN-200,Supplier C,FL,84,5742,2023-05-22,2023-06-24,2023-07-03,fulfilled
463,HYD-200,Supplier A,IL,80,2030,2023-05-25,2023-06-21,2023-06-21,fulfilled
464,FAX-200,Supplier D,NY,81,2204,2023-06-01,2023-06-26,2023-07-03,fulfilled
465,RAX-200,Supplier B,FL,88,3103,2023-05-19,2023-06-16,2023-06-20,fulfilled
466,CAB-200,Supplier C,TX,75,4019.4,2023-05-17,2023-06-17,2023-07-05,fulfilled
467,ECU-200,Supplier C,IL,77,861.3,2023-05-28,2023-06-18,2023-06-21,fulfilled
468,TIR-200,Supplier B,IL,76,1551.5,2023-06-12,2023-06-26,2023-07-09,fulfilled
469,PTO-200,Supplier D,NY,73,1102,2023-05-30,2023-06-23,2023-07-20,fulfilled
470,FUE-200,Supplier E,FL,78,675.12,2023-06-08,2023-06-24,2023-07-03,fulfilled
471,ENG-300,Supplier A,CA,75,23200,2023-05-16,2023-06-20,2023-06-27,fulfilled
472,TRN-300,Supplier B,IL,70,15515,2023-05-26,2023-06-25,2023-07-06,fulfilled
473,HYD-300,Supplier A,FL,78,5075,2023-05-23,2023-06-19,2023-07-05,fulfilled
474,FAX-300,Supplier D,IL,74,5510,2023-05-25,2023-06-19,2023-06-23,fulfilled
475,RAX-300,Supplier B,IL,74,7757.5,2023-05-29,2023-06-26,2023-07-01,fulfilled
476,CAB-300,Supplier E,CA,67,9845.5,2023-05-26,2023-06-23,2023-07-21,fulfilled
477,ECU-300,Supplier A,FL,66,2175,2023-05-30,2023-06-17,2023-07-08,fulfilled
478,TIR-300,Supplier D,IL,72,3443.75,2023-06-02,2023-06-19,2023-07-01,fulfilled
479,PTO-300,Supplier C,IL,78,2871,2023-05-30,2023-06-20,2023-06-20,fulfilled
480,FUE-300,Supplier A,TX,78,1740,2023-05-31,2023-06-19,2023-07-04,fulfilled
481,ENG-400,Supplier B,CA,99,45368,2023-05-16,2023-06-23,2023-07-09,fulfilled
482,TRN-400,Supplier C,IL,89,26235,2023-05-21,2023-06-23,2023-07-08,fulfilled
483,HYD-400,Supplier E,TX,98,8996.75,2023-05-31,2023-06-24,2023-07-10,fulfilled
484,FAX-400,Supplier D,FL,104,10070,2023-05-31,2023-06-25,2023-06-28,fulfilled
485,RAX-400,Supplier D,NY,102,12587.5,2023-05-24,2023-06-18,2023-06-27,fulfilled
486,CAB-400,Supplier E,TX,105,17993.5,2023-05-29,2023-06-26,2023-07-09,fulfilled
487,ECU-400,Supplier A,FL,94,3975,2023-06-03,2023-06-21,2023-07-07,fulfilled
488,TIR-400,Supplier D,IL,103,6293.75,2023-06-07,2023-06-24,2023-07-01,fulfilled
489,PTO-400,Supplier C,FL,101,5247,2023-06-05,2023-06-26,2023-07-05,fulfilled
490,FUE-400,Supplier E,FL,111,3084.6,2023-06-06,2023-06-22,2023-07-10,fulfilled
491,ENG-500,Supplier D,CA,97,72960,2023-05-11,2023-06-21,2023-07-13,fulfilled
492,TRN-500,Supplier B,FL,101,51360,2023-05-23,2023-06-22,2023-06-30,fulfilled
493,HYD-500,Supplier C,TX,104,16632,2023-05-28,2023-06-18,2023-07-06,fulfilled
494,FAX-500,Supplier D,IL,109,18240,2023-05-24,2023-06-18,2023-06-29,fulfilled
495,RAX-500,Supplier B,NY,103,25680,2023-05-27,2023-06-24,2023-07-05,fulfilled
496,CAB-500,Supplier C,IL,104,33264,2023-05-20,2023-06-20,2023-07-05,fulfilled
497,ECU-500,Supplier A,FL,103,7200,2023-06-05,2023-06-23,2023-07-08,fulfilled
498,TIR-500,Supplier D,CA,101,11400,2023-06-07,2023-06-24,2023-07-18,fulfilled
499,PTO-500,Supplier C,IL,105,9504,2023-05-27,2023-06-17,2023-07-07,fulfilled
500,FUE-500,Supplier A,TX,102,5760,2023-05-30,2023-06-18,2023-07-13,fulfilled
501,ENG-100,Supplier D,NY,140,4256,2023-06-08,2023-07-19,2023-08-02,fulfilled
502,TRN-100,Supplier B,TX,165,2996,2023-06-23,2023-07-23,2023-07-31,fulfilled
503,HYD-100,Supplier C,TX,142,970.2,2023-06-30,2023-07-21,2023-08-18,fulfilled
504,FAX-100,Supplier A,NY,140,1120,2023-06-29,2023-07-27,2023-08-07,fulfilled
505,RAX-100,Supplier B,FL,137,1498,2023-06-20,2023-07-18,2023-07-25,fulfilled
506,CAB-100,Supplier E,CA,141,1901.2,2023-06-29,2023-07-27,2023-08-15,fulfilled
507,ECU-100,Supplier C,TX,141,415.8,2023-06-29,2023-07-20,2023-08-16,fulfilled
508,TIR-100,Supplier D,FL,146,665,2023-07-05,2023-07-22,2023-08-18,fulfilled
509,PTO-100,Supplier C,TX,138,554.4,2023-06-28,2023-07-19,2023-08-06,fulfilled
510,FUE-100,Supplier E,TX,141,325.92,2023-07-07,2023-07-23,2023-08-14,fulfilled
511,ENG-200,Supplier A,IL,72,9280,2023-06-15,2023-07-20,2023-08-01,fulfilled
512,TRN-200,Supplier E,NY,68,5626,2023-06-11,2023-07-17,2023-08-03,fulfilled
513,HYD-200,Supplier C,TX,74,2009.7,2023-06-29,2023-07-20,2023-08-06,fulfilled
514,FAX-200,Supplier D,CA,77,2204,2023-06-28,2023-07-23,2023-08-16,fulfilled
515,RAX-200,Supplier D,TX,75,2755,2023-06-24,2023-07-19,2023-08-05,fulfilled
516,CAB-200,Supplier C,CA,72,4019.4,2023-06-24,2023-07-25,2023-08-03,fulfilled
517,ECU-200,Supplier C,TX,73,861.3,2023-07-04,2023-07-25,2023-08-21,fulfilled
518,TIR-200,Supplier B,CA,70,1551.5,2023-07-10,2023-07-24,2023-08-09,fulfilled
519,PTO-200,Supplier C,IL,83,1148.4,2023-07-02,2023-07-23,2023-08-14,fulfilled
520,FUE-200,Supplier E,IL,77,675.12,2023-07-10,2023-07-26,2023-08-11,fulfilled
521,ENG-300,Supplier B,CA,77,24824,2023-06-10,2023-07-18,2023-07-22,fulfilled
522,TRN-300,Supplier C,IL,84,14355,2023-06-23,2023-07-26,2023-08-14,fulfilled
523,HYD-300,Supplier E,CA,83,4922.75,2023-07-03,2023-07-27,2023-08-02,fulfilled
524,FAX-300,Supplier A,CA,84,5800,2023-06-23,2023-07-21,2023-08-13,fulfilled
525,RAX-300,Supplier D,FL,76,6887.5,2023-06-24,2023-07-19,2023-07-25,fulfilled
526,CAB-300,Supplier E,CA,87,9845.5,2023-06-27,2023-07-25,2023-08-09,fulfilled
527,ECU-300,Supplier E,TX,87,2109.75,2023-06-26,2023-07-20,2023-07-25,fulfilled
528,TIR-300,Supplier B,FL,84,3878.75,2023-07-04,2023-07-18,2023-07-25,fulfilled
529,PTO-300,Supplier C,TX,78,2871,2023-06-29,2023-07-20,2023-08-10,fulfilled
530,FUE-300,Supplier A,CA,85,1740,2023-06-29,2023-07-18,2023-08-10,fulfilled
531,ENG-400,Supplier B,NY,101,45368,2023-06-09,2023-07-17,2023-07-18,fulfilled
532,TRN-400,Supplier B,IL,98,28355,2023-06-26,2023-07-26,2023-08-02,fulfilled
533,HYD-400,Supplier C,TX,91,9182.25,2023-07-04,2023-07-25,2023-08-04,fulfilled
534,FAX-400,Supplier A,CA,110,10600,2023-06-22,2023-07-20,2023-08-10,fulfilled
535,RAX-400,Supplier B,IL,103,14177.5,2023-06-29,2023-07-27,2023-08-09,fulfilled
536,CAB-400,Supplier E,NY,105,17993.5,2023-06-19,2023-07-17,2023-08-04,fulfilled
537,ECU-400,Supplier A,CA,103,3975,2023-06-29,2023-07-17,2023-07-29,fulfilled
538,TIR-400,Supplier B,NY,100,7088.75,2023-07-05,2023-07-19,2023-08-05,fulfilled
539,PTO-400,Supplier D,CA,99,5035,2023-07-01,2023-07-25,2023-08-21,fulfilled
540,FUE-400,Supplier E,TX,106,3084.6,2023-07-04,2023-07-20,2023-08-15,fulfilled
541,ENG-500,Supplier B,TX,125,82176,2023-06-19,2023-07-27,2023-08-01,fulfilled
542,TRN-500,Supplier E,FL,114,46560,2023-06-21,2023-07-27,2023-07-30,fulfilled
543,HYD-500,Supplier A,IL,141,16800,2023-06-20,2023-07-17,2023-08-12,fulfilled
544,FAX-500,Supplier D,FL,139,18240,2023-06-25,2023-07-20,2023-08-10,fulfilled
545,RAX-500,Supplier D,FL,144,22800,2023-06-30,2023-07-25,2023-07-29,fulfilled
546,CAB-500,Supplier E,TX,134,32592,2023-06-29,2023-07-27,2023-08-24,fulfilled
547,ECU-500,Supplier A,CA,140,7200,2023-07-07,2023-07-25,2023-07-25,fulfilled
548,TIR-500,Supplier D,CA,131,11400,2023-07-07,2023-07-24,2023-08-20,fulfilled
549,PTO-500,Supplier C,CA,133,9504,2023-07-06,2023-07-27,2023-08-09,fulfilled
550,FUE-500,Supplier A,TX,120,5760,2023-07-03,2023-07-22,2023-08-20,fulfilled
551,ENG-100,Supplier A,NY,99,4480,2023-07-21,2023-08-25,2023-09-20,fulfilled
552,TRN-100,Supplier B,NY,107,2996,2023-07-22,2023-08-21,2023-08-25,fulfilled
553,HYD-100,Supplier C,CA,99,970.2,2023-08-04,2023-08-25,2023-09-20,fulfilled
554,FAX-100,Supplier A,NY,120,1120,2023-07-21,2023-08-18,2023-08-18,fulfilled
555,RAX-100,Supplier D,TX,96,1330,2023-07-30,2023-08-24,2023-09-16,fulfilled
556,CAB-100,Supplier C,CA,95,1940.4,2023-07-22,2023-08-22,2023-09-07,fulfilled
557,ECU-100,Supplier E,NY,91,407.4,2023-08-01,2023-08-25,2023-09-03,fulfilled
558,TIR-100,Supplier D,CA,111,665,2023-08-06,2023-08-23,2023-09-02,fulfilled
559,PTO-100,Supplier C,IL,98,554.4,2023-08-04,2023-08-25,2023-09-10,fulfilled
560,FUE-100,Supplier E,FL,111,325.92,2023-08-05,2023-08-21,2023-09-15,fulfilled
561,ENG-200,Supplier A,IL,94,9280,2023-07-21,2023-08-25,2023-09-05,fulfilled
562,TRN-200,Supplier B,CA,96,6206,2023-07-28,2023-08-27,2023-09-01,fulfilled
563,HYD-200,Supplier C,NY,83,2009.7,2023-08-06,2023-08-27,2023-09-23,fulfilled
564,FAX-200,Supplier D,TX,94,2204,2023-07-24,2023-08-18,2023-08-31,fulfilled
565,RAX-200,Supplier B,FL,93,3103,2023-07-30,2023-08-27,2023-08-28,fulfilled
566,CAB-200,Supplier E,IL,90,3938.2,2023-07-20,2023-08-17,2023-09-05,fulfilled
567,ECU-200,Supplier C,CA,97,861.3,2023-07-31,2023-08-21,2023-08-31,fulfilled
568,TIR-200,Supplier B,CA,100,1551.5,2023-08-03,2023-08-17,2023-09-02,fulfilled
569,PTO-200,Supplier D,TX,89,1102,2023-07-28,2023-08-21,2023-08-24,fulfilled
570,FUE-200,Supplier E,CA,100,675.12,2023-08-06,2023-08-22,2023-08-22,fulfilled
571,ENG-300,Supplier D,IL,128,22040,2023-07-17,2023-08-27,2023-09-21,fulfilled
572,TRN-300,Supplier B,TX,127,15515,2023-07-19,2023-08-18,2023-08-22,fulfilled
573,HYD-300,Supplier C,FL,116,5024.25,2023-07-30,2023-08-20,2023-09-14,fulfilled
574,FAX-300,Supplier D,FL,107,5510,2023-07-30,2023-08-24,2023-09-20,fulfilled
575,RAX-300,Supplier D,TX,123,6887.5,2023-07-31,2023-08-25,2023-08-27,fulfilled
576,CAB-300,Supplier E,TX,125,9845.5,2023-07-30,2023-08-27,2023-09-02,fulfilled
577,ECU-300,Supplier A,NY,126,2175,2023-07-30,2023-08-17,2023-08-17,fulfilled
578,TIR-300,Supplier D,IL,113,3443.75,2023-08-03,2023-08-20,2023-08-30,fulfilled
579,PTO-300,Supplier C,TX,119,2871,2023-07-29,2023-08-19,2023-08-29,fulfilled
580,FUE-300,Supplier B,NY,123,1861.8,2023-08-01,2023-08-23,2023-08-28,fulfilled
581,ENG-400,Supplier A,TX,126,42400,2023-07-17,2023-08-21,2023-09-05,fulfilled
582,TRN-400,Supplier B,CA,130,28355,2023-07-27,2023-08-26,2023-08-29,fulfilled
583,HYD-400,Supplier C,IL,137,9182.25,2023-07-29,2023-08-19,2023-08-24,fulfilled
584,FAX-400,Supplier D,FL,121,10070,2023-07-25,2023-08-19,2023-09-08,fulfilled
585,RAX-400,Supplier D,TX,117,12587.5,2023-07-25,2023-08-19,2023-08-21,fulfilled
586,CAB-400,Supplier E,FL,119,17993.5,2023-07-24,2023-08-21,2023-09-16,fulfilled
587,ECU-400,Supplier A,IL,128,3975,2023-07-30,2023-08-17,2023-09-14,fulfilled
588,TIR-400,Supplier D,NY,130,6293.75,2023-08-02,2023-08-19,2023-08-25,fulfilled
589,PTO-400,Supplier D,FL,145,5035,2023-07-26,2023-08-19,2023-08-22,fulfilled
590,FUE-400,Supplier E,TX,128,3084.6,2023-08-10,2023-08-26,2023-08-27,fulfilled
591,ENG-500,Supplier A,TX,127,76800,2023-07-14,2023-08-18,2023-08-31,fulfilled
592,TRN-500,Supplier B,NY,133,51360,2023-07-25,2023-08-24,2023-08-26,fulfilled
593,HYD-500,Supplier E,CA,121,16296,2023-08-02,2023-08-26,2023-09-10,fulfilled
594,FAX-500,Supplier A,TX,133,19200,2023-07-22,2023-08-19,2023-09-16,fulfilled
595,RAX-500,Supplier B,IL,124,25680,2023-07-21,2023-08-18,2023-08-19,fulfilled
596,CAB-500,Supplier C,CA,136,33264,2023-07-27,2023-08-27,2023-09-18,fulfilled
597,ECU-500,Supplier C,IL,122,7128,2023-07-27,2023-08-17,2023-08-19,fulfilled
598,TIR-500,Supplier D,TX,140,11400,2023-08-04,2023-08-21,2023-09-16,fulfilled
599,PTO-500,Supplier C,FL,135,9504,2023-08-02,2023-08-23,2023-09-15,fulfilled
600,FUE-500,Supplier E,TX,125,5587.2,2023-08-08,2023-08-24,2023-09-17,fulfilled
601,ENG-100,Supplier A,TX,150,4480,2023-08-15,2023-09-19,2023-10-16,fulfilled
602,TRN-100,Supplier B,FL,145,2996,2023-08-22,2023-09-21,2023-10-07,fulfilled
603,HYD-100,Supplier C,CA,148,970.2,2023-08-30,2023-09-20,2023-10-10,fulfilled
604,FAX-100,Supplier D,NY,149,1064,2023-08-31,2023-09-25,2023-10-11,fulfilled
605,RAX-100,Supplier D,FL,155,1330,2023-08-24,2023-09-18,2023-10-04,fulfilled
606,CAB-100,Supplier C,FL,147,1940.4,2023-08-26,2023-09-26,2023-10-16,fulfilled
607,ECU-100,Supplier A,CA,160,420,2023-09-02,2023-09-20,2023-10-02,fulfilled
608,TIR-100,Supplier B,CA,160,749,2023-09-07,2023-09-21,2023-09-25,fulfilled
609,PTO-100,Supplier D,CA,156,532,2023-09-02,2023-09-26,2023-10-08,fulfilled
610,FUE-100,Supplier E,FL,153,325.92,2023-09-10,2023-09-26,2023-10-19,fulfilled
611,ENG-200,Supplier B,TX,164,9929.6,2023-08-19,2023-09-26,2023-09-28,fulfilled
612,TRN-200,Supplier B,TX,151,6206,2023-08-24,2023-09-23,2023-10-04,fulfilled
613,HYD-200,Supplier E,IL,154,1969.1,2023-08-27,2023-09-20,2023-09-21,fulfilled
614,FAX-200,Supplier D,TX,166,2204,2023-08-27,2023-09-21,2023-10-09,fulfilled
615,RAX-200,Supplier B,NY,147,3103,2023-08-29,2023-09-26,2023-10-13,fulfilled
616,CAB-200,Supplier E,CA,158,3938.2,2023-08-27,2023-09-24,2023-09-30,fulfilled
617,ECU-200,Supplier A,TX,147,870,2023-09-06,2023-09-24,2023-10-19,fulfilled
618,TIR-200,Supplier B,NY,158,1551.5,2023-09-11,2023-09-25,2023-10-04,fulfilled
619,PTO-200,Supplier D,IL,157,1102,2023-09-01,2023-09-25,2023-10-20,fulfilled
620,FUE-200,Supplier A,NY,144,696,2023-09-04,2023-09-23,2023-10-20,fulfilled
621,ENG-300,Supplier A,TX,157,23200,2023-08-12,2023-09-16,2023-10-09,fulfilled
622,TRN-300,Supplier B,TX,173,15515,2023-08-20,2023-09-19,2023-09-24,fulfilled
623,HYD-300,Supplier C,NY,168,5024.25,2023-09-04,2023-09-25,2023-10-19,fulfilled
624,FAX-300,Supplier D,CA,174,5510,2023-08-24,2023-09-18,2023-10-04,fulfilled
625,RAX-300,Supplier B,FL,177,7757.5,2023-08-27,2023-09-24,2023-10-03,fulfilled
626,CAB-300,Supplier E,CA,160,9845.5,2023-08-28,2023-09-25,2023-09-25,fulfilled
627,ECU-300,Supplier C,IL,156,2153.25,2023-09-02,2023-09-23,2023-10-05,fulfilled
628,TIR-300,Supplier D,CA,162,3443.75,2023-09-01,2023-09-18,2023-09-22,fulfilled
629,PTO-300,Supplier C,FL,194,2871,2023-08-31,2023-09-21,2023-10-16,fulfilled
630,FUE-300,Supplier A,CA,173,1740,2023-08-29,2023-09-17,2023-10-02,fulfilled
631,ENG-400,Supplier D,NY,105,40280,2023-08-08,2023-09-18,2023-10-15,fulfilled
632,TRN-400,Supplier B,FL,118,28355,2023-08-22,2023-09-21,2023-09-26,fulfilled
633,HYD-400,Supplier C,IL,117,9182.25,2023-09-02,2023-09-23,2023-10-05,fulfilled
634,FAX-400,Supplier A,FL,102,10600,2023-08-25,2023-09-22,2023-09-25,fulfilled
635,RAX-400,Supplier B,TX,112,14177.5,2023-08-29,2023-09-26,2023-10-04,fulfilled
636,CAB-400,Supplier C,IL,119,18364.5,2023-08-24,2023-09-24,2023-10-12,fulfilled
637,ECU-400,Supplier A,NY,102,3975,2023-09-02,2023-09-20,2023-10-08,fulfilled
638,TIR-400,Supplier B,CA,119,7088.75,2023-09-08,2023-09-22,2023-09-24,fulfilled
639,PTO-400,Supplier C,FL,104,5247,2023-08-26,2023-09-16,2023-10-11,fulfilled
640,FUE-400,Supplier A,FL,103,3180,2023-09-04,2023-09-23,2023-10-15,fulfilled
641,ENG-500,Supplier B,CA,151,82176,2023-08-09,2023-09-16,2023-10-03,fulfilled
642,TRN-500,Supplier E,TX,134,46560,2023-08-19,2023-09-24,2023-09-25,fulfilled
643,HYD-500,Supplier A,CA,132,16800,2023-08-21,2023-09-17,2023-09-29,fulfilled
644,FAX-500,Supplier D,CA,138,18240,2023-08-31,2023-09-25,2023-10-24,fulfilled
645,RAX-500,Supplier D,CA,141,22800,2023-08-22,2023-09-16,2023-09-22,fulfilled
646,CAB-500,Supplier C,IL,140,33264,2023-08-22,2023-09-22,2023-10-17,fulfilled
647,ECU-500,Supplier A,CA,133,7200,2023-09-03,2023-09-21,2023-10-13,fulfilled
648,TIR-500,Supplier B,TX,135,12840,2023-09-08,2023-09-22,2023-10-03,fulfilled
649,PTO-500,Supplier C,CA,136,9504,2023-08-26,2023-09-16,2023-09-28,fulfilled
650,FUE-500,Supplier A,FL,118,5760,2023-08-31,2023-09-19,2023-09-22,fulfilled
651,ENG-100,Supplier B,CA,88,4793.6,2023-09-17,2023-10-25,2023-11-03,fulfilled
652,TRN-100,Supplier E,CA,98,2716,2023-09-11,2023-10-17,2023-10-17,fulfilled
653,HYD-100,Supplier C,IL,100,970.2,2023-10-06,2023-10-27,2023-11-15,fulfilled
654,FAX-100,Supplier A,CA,96,1120,2023-09-27,2023-10-25,2023-11-16,fulfilled
655,RAX-100,Supplier D,IL,92,1330,2023-09-26,2023-10-21,2023-11-14,fulfilled
656,CAB-100,Supplier E,TX,106,1901.2,2023-09-28,2023-10-26,2023-10-29,fulfilled
657,ECU-100,Supplier C,NY,116,415.8,2023-10-04,2023-10-25,2023-11-17,fulfilled
658,TIR-100,Supplier B,NY,96,749,2023-10-09,2023-10-23,2023-10-30,fulfilled
659,PTO-100,Supplier D,FL,103,532,2023-10-02,2023-10-26,2023-12-06,fulfilled
660,FUE-100,Supplier E,IL,103,325.92,2023-10-02,2023-10-18,2023-11-07,fulfilled
661,ENG-200,Supplier B,CA,129,9929.6,2023-09-18,2023-10-26,2023-11-06,fulfilled
662,TRN-200,Supplier B,TX,130,6206,2023-09-23,2023-10-23,2023-11-03,fulfilled
663,HYD-200,Supplier E,IL,138,1969.1,2023-09-23,2023-10-17,2023-11-14,fulfilled
664,FAX-200,Supplier A,NY,131,2320,2023-09-19,2023-10-17,2023-11-08,fulfilled
665,RAX-200,Supplier D,IL,128,2755,2023-09-22,2023-10-17,2023-11-14,fulfilled
666,CAB-200,Supplier E,TX,115,3938.2,2023-09-21,2023-10-19,2023-10-23,fulfilled
667,ECU-200,Supplier A,CA,130,870,2023-10-03,2023-10-21,2023-11-05,fulfilled
668,TIR-200,Supplier D,IL,133,1377.5,2023-10-04,2023-10-21,2023-11-10,fulfilled
669,PTO-200,Supplier C,TX,134,1148.4,2023-10-01,2023-10-22,2023-11-09,fulfilled
670,FUE-200,Supplier B,IL,123,744.72,2023-09-30,2023-10-22,2023-10-23,fulfilled
671,ENG-300,Supplier A,CA,78,23200,2023-09-16,2023-10-21,2023-11-13,fulfilled
672,TRN-300,Supplier E,CA,74,14065,2023-09-19,2023-10-25,2023-10-30,fulfilled
673,HYD-300,Supplier E,IL,79,4922.75,2023-09-24,2023-10-18,2023-11-03,fulfilled
674,FAX-300,Supplier A,FL,75,5800,2023-09-27,2023-10-25,2023-11-22,fulfilled
675,RAX-300,Supplier B,FL,78,7757.5,2023-09-20,2023-10-18,2023-10-28,fulfilled
676,CAB-300,Supplier C,TX,72,10048.5,2023-09-25,2023-10-26,2023-11-09,fulfilled
677,ECU-300,Supplier C,CA,70,2153.25,2023-10-05,2023-10-26,2023-10-30,fulfilled
678,TIR-300,Supplier B,FL,78,3878.75,2023-10-07,2023-10-21,2023-10-26,fulfilled
679,PTO-300,Supplier C,IL,80,2871,2023-10-04,2023-10-25,2023-11-12,fulfilled
680,FUE-300,Supplier E,NY,81,1687.8,2023-10-06,2023-10-22,2023-11-12,fulfilled
681,ENG-400,Supplier B,TX,106,45368,2023-09-18,2023-10-26,2023-11-06,fulfilled
682,TRN-400,Supplier C,NY,101,26235,2023-09-24,2023-10-27,2023-11-18,fulfilled
683,HYD-400,Supplier A,IL,97,9275,2023-09-28,2023-10-25,2023-11-09,fulfilled
684,FAX-400,Supplier D,IL,99,10070,2023-10-02,2023-10-27,2023-11-03,fulfilled
685,RAX-400,Supplier B,NY,98,14177.5,2023-09-20,2023-10-18,2023-10-20,fulfilled
686,CAB-400,Supplier E,TX,97,17993.5,2023-09-21,2023-10-19,2023-11-05,fulfilled
687,ECU-400,Supplier A,FL,96,3975,2023-10-02,2023-10-20,2023-11-08,fulfilled
688,TIR-400,Supplier B,TX,84,7088.75,2023-10-04,2023-10-18,2023-10-23,fulfilled
689,PTO-400,Supplier C,CA,98,5247,2023-09-29,2023-10-20,2023-11-05,fulfilled
690,FUE-400,Supplier A,CA,98,3180,2023-10-03,2023-10-22,2023-11-05,fulfilled
691,ENG-500,Supplier A,NY,65,76800,2023-09-17,2023-10-22,2023-11-09,fulfilled
692,TRN-500,Supplier B,TX,67,51360,2023-09-20,2023-10-20,2023-10-31,fulfilled
693,HYD-500,Supplier C,TX,63,16632,2023-09-30,2023-10-21,2023-11-13,fulfilled
694,FAX-500,Supplier A,FL,65,19200,2023-09-21,2023-10-19,2023-10-27,fulfilled
695,RAX-500,Supplier D,IL,67,22800,2023-09-27,2023-10-22,2023-11-02,fulfilled
696,CAB-500,Supplier E,IL,57,32592,2023-09-19,2023-10-17,2023-11-14,fulfilled
697,ECU-500,Supplier C,TX,69,7128,2023-09-30,2023-10-21,2023-11-14,fulfilled
698,TIR-500,Supplier D,IL,73,11400,2023-10-09,2023-10-26,2023-11-22,fulfilled
699,PTO-500,Supplier C,IL,65,9504,2023-10-05,2023-10-26,2023-11-15,fulfilled
700,FUE-500,Supplier A,NY,66,5760,2023-10-04,2023-10-23,2023-11-14,fulfilled
701,ENG-100,Supplier A,CA,90,4480,2023-10-12,2023-11-16,2023-12-03,fulfilled
702,TRN-100,Supplier B,CA,86,2996,2023-10-22,2023-11-21,2023-11-26,fulfilled
703,HYD-100,Supplier A,CA,89,980,2023-10-26,2023-11-22,2023-12-11,fulfilled
704,FAX-100,Supplier A,IL,90,1120,2023-10-21,2023-11-18,2023-12-02,fulfilled
705,RAX-100,Supplier D,CA,88,1330,2023-10-26,2023-11-20,2023-12-31,fulfilled
706,CAB-100,Supplier E,IL,87,1901.2,2023-10-29,2023-11-26,2023-12-16,fulfilled
707,ECU-100,Supplier A,FL,94,420,2023-11-07,2023-11-25,2023-12-14,fulfilled
708,TIR-100,Supplier D,TX,91,665,2023-11-03,2023-11-20,2023-11-27,fulfilled
709,PTO-100,Supplier C,CA,82,554.4,2023-10-31,2023-11-21,2023-11-21,fulfilled
710,FUE-100,Supplier B,IL,96,359.52,2023-10-27,2023-11-18,2023-12-05,fulfilled
711,ENG-200,Supplier A,CA,104,9280,2023-10-18,2023-11-22,2023-11-30,fulfilled
712,TRN-200,Supplier B,FL,117,6206,2023-10-22,2023-11-21,2023-11-29,fulfilled
713,HYD-200,Supplier A,IL,101,2030,2023-10-28,2023-11-24,2023-12-12,fulfilled
714,FAX-200,Supplier D,FL,99,2204,2023-10-31,2023-11-25,2023-12-16,fulfilled
715,RAX-200,Supplier D,IL,108,2755,2023-10-27,2023-11-21,2023-11-21,fulfilled
716,CAB-200,Supplier E,CA,105,3938.2,2023-10-19,2023-11-16,2023-12-03,fulfilled
717,ECU-200,Supplier A,IL,102,870,2023-11-08,2023-11-26,2023-12-25,fulfilled
718,TIR-200,Supplier B,FL,98,1551.5,2023-11-06,2023-11-20,2023-12-07,fulfilled
719,PTO-200,Supplier C,NY,107,1148.4,2023-10-29,2023-11-19,2023-12-05,fulfilled
720,FUE-200,Supplier A,FL,110,696,2023-11-02,2023-11-21,2023-12-18,fulfilled
721,ENG-300,Supplier A,NY,84,23200,2023-10-20,2023-11-24,2023-12-02,fulfilled
722,TRN-300,Supplier E,CA,85,14065,2023-10-11,2023-11-16,2023-12-07,fulfilled
723,HYD-300,Supplier A,TX,81,5075,2023-10-22,2023-11-18,2023-12-13,fulfilled
724,FAX-300,Supplier A,FL,94,5800,2023-10-28,2023-11-25,2023-12-14,fulfilled
725,RAX-300,Supplier B,CA,85,7757.5,2023-10-25,2023-11-22,2023-11-27,fulfilled
726,CAB-300,Supplier E,CA,82,9845.5,2023-10-29,2023-11-26,2023-12-05,fulfilled
727,ECU-300,Supplier C,CA,84,2153.25,2023-10-30,2023-11-20,2023-12-09,fulfilled
728,TIR-300,Supplier D,NY,83,3443.75,2023-11-04,2023-11-21,2023-12-23,fulfilled
729,PTO-300,Supplier C,FL,79,2871,2023-11-05,2023-11-26,2023-12-04,fulfilled
730,FUE-300,Supplier A,NY,86,1740,2023-11-07,2023-11-26,2023-12-11,fulfilled
731,ENG-400,Supplier B,CA,113,45368,2023-10-15,2023-11-22,2023-12-08,fulfilled
732,TRN-400,Supplier E,CA,117,25705,2023-10-20,2023-11-25,2023-12-15,fulfilled
733,HYD-400,Supplier E,CA,105,8996.75,2023-10-25,2023-11-18,2023-12-10,fulfilled
734,FAX-400,Supplier D,CA,124,10070,2023-10-26,2023-11-20,2023-12-12,fulfilled
735,RAX-400,Supplier B,NY,119,14177.5,2023-10-24,2023-11-21,2023-11-25,fulfilled
736,CAB-400,Supplier C,TX,124,18364.5,2023-10-18,2023-11-18,2023-12-07,fulfilled
737,ECU-400,Supplier A,IL,124,3975,2023-11-06,2023-11-24,2023-12-23,fulfilled
738,TIR-400,Supplier B,CA,118,7088.75,2023-11-06,2023-11-20,2023-12-01,fulfilled
739,PTO-400,Supplier D,IL,113,5035,2023-10-25,2023-11-18,2023-12-17,fulfilled
740,FUE-400,Supplier B,TX,115,3402.6,2023-10-26,2023-11-17,2023-11-21,fulfilled
741,ENG-500,Supplier B,TX,87,82176,2023-10-10,2023-11-17,2023-11-21,fulfilled
742,TRN-500,Supplier E,IL,95,46560,2023-10-13,2023-11-18,2023-11-23,fulfilled
743,HYD-500,Supplier C,FL,108,16632,2023-10-29,2023-11-19,2023-11-28,fulfilled
744,FAX-500,Supplier D,CA,93,18240,2023-11-01,2023-11-26,2023-12-07,fulfilled
745,RAX-500,Supplier B,NY,95,25680,2023-10-24,2023-11-21,2023-12-08,fulfilled
746,CAB-500,Supplier E,NY,98,32592,2023-10-23,2023-11-20,2023-11-20,fulfilled
747,ECU-500,Supplier C,FL,96,7128,2023-11-02,2023-11-23,2023-12-05,fulfilled
748,TIR-500,Supplier B,CA,104,12840,2023-11-06,2023-11-20,2023-12-04,fulfilled
749,PTO-500,Supplier D,TX,94,9120,2023-10-27,2023-11-20,2023-11-27,fulfilled
750,FUE-500,Supplier B,NY,89,6163.2,2023-10-27,2023-11-18,2023-11-23,fulfilled
751,ENG-100,Supplier B,NY,105,4793.6,2023-11-11,2023-12-19,2024-01-04,fulfilled
752,TRN-100,Supplier B,IL,102,2996,2023-11-17,2023-12-17,2024-01-02,fulfilled
753,HYD-100,Supplier A,FL,99,980,2023-11-24,2023-12-21,2024-01-05,fulfilled
754,FAX-100,Supplier D,CA,106,1064,2023-12-01,2023-12-26,2024-01-13,fulfilled
755,RAX-100,Supplier D,CA,96,1330,2023-11-30,2023-12-25,2023-12-29,fulfilled
756,CAB-100,Supplier E,NY,103,1901.2,2023-11-20,2023-12-18,2024-01-09,fulfilled
757,ECU-100,Supplier C,IL,106,415.8,2023-11-29,2023-12-20,2024-01-02,fulfilled
758,TIR-100,Supplier B,FL,94,749,2023-12-04,2023-12-18,2023-12-25,fulfilled
759,PTO-100,Supplier C,IL,101,554.4,2023-11-29,2023-12-20,2024-01-04,fulfilled
760,FUE-100,Supplier A,FL,103,336,2023-12-05,2023-12-24,2024-01-07,fulfilled
761,ENG-200,Supplier A,CA,114,9280,2023-11-12,2023-12-17,2024-01-01,fulfilled
762,TRN-200,Supplier B,IL,110,6206,2023-11-27,2023-12-27,2024-01-01,fulfilled
763,HYD-200,Supplier A,TX,119,2030,2023-11-30,2023-12-27,2024-01-20,fulfilled
764,FAX-200,Supplier D,NY,118,2204,2023-11-28,2023-12-23,2023-12-29,fulfilled
765,RAX-200,Supplier B,CA,110,3103,2023-11-22,2023-12-20,2024-01-05,fulfilled
766,CAB-200,Supplier C,TX,120,4019.4,2023-11-25,2023-12-26,2024-01-13,fulfilled
767,ECU-200,Supplier A,FL,113,870,2023-12-07,2023-12-25,2024-01-08,fulfilled
768,TIR-200,Supplier B,FL,113,1551.5,2023-12-03,2023-12-17,2023-12-27,fulfilled
769,PTO-200,Supplier C,IL,116,1148.4,2023-12-06,2023-12-27,2024-01-19,fulfilled
770,FUE-200,Supplier B,FL,117,744.72,2023-12-05,2023-12-27,2024-01-13,fulfilled
771,ENG-300,Supplier A,CA,88,23200,2023-11-18,2023-12-23,2024-01-02,fulfilled
772,TRN-300,Supplier B,CA,83,15515,2023-11-26,2023-12-26,2024-01-06,fulfilled
773,HYD-300,Supplier E,CA,81,4922.75,2023-11-23,2023-12-17,2023-12-20,fulfilled
774,FAX-300,Supplier A,FL,83,5800,2023-11-27,2023-12-25,2024-01-11,fulfilled
775,RAX-300,Supplier D,TX,86,6887.5,2023-11-27,2023-12-22,2024-01-05,fulfilled
776,CAB-300,Supplier E,NY,87,9845.5,2023-11-19,2023-12-17,2024-01-10,fulfilled
777,ECU-300,Supplier C,IL,80,2153.25,2023-12-02,2023-12-23,2023-12-26,fulfilled
778,TIR-300,Supplier B,TX,78,3878.75,2023-12-06,2023-12-20,2024-01-03,fulfilled
779,PTO-300,Supplier C,IL,68,2871,2023-11-28,2023-12-19,2024-01-05,fulfilled
780,FUE-300,Supplier E,CA,91,1687.8,2023-12-05,2023-12-21,2024-01-08,fulfilled
781,ENG-400,Supplier B,CA,96,45368,2023-11-14,2023-12-22,2024-01-08,fulfilled
782,TRN-400,Supplier B,FL,112,28355,2023-11-21,2023-12-21,2024-01-06,fulfilled
783,HYD-400,Supplier C,FL,106,9182.25,2023-12-05,2023-12-26,2023-12-30,fulfilled
784,FAX-400,Supplier D,FL,110,10070,2023-11-30,2023-12-25,2024-01-07,fulfilled
785,RAX-400,Supplier B,IL,111,14177.5,2023-11-24,2023-12-22,2023-12-27,fulfilled
786,CAB-400,Supplier E,IL,107,17993.5,2023-11-23,2023-12-21,2024-01-03,fulfilled
787,ECU-400,Supplier A,IL,106,3975,2023-12-04,2023-12-22,2023-12-28,fulfilled
788,TIR-400,Supplier B,TX,102,7088.75,2023-12-08,2023-12-22,2024-01-08,fulfilled
789,PTO-400,Supplier C,TX,108,5247,2023-11-30,2023-12-21,2023-12-30,fulfilled
790,FUE-400,Supplier E,IL,109,3084.6,2023-12-06,2023-12-22,2024-01-14,fulfilled
791,ENG-500,Supplier D,CA,110,72960,2023-11-06,2023-12-17,2023-12-23,fulfilled
792,TRN-500,Supplier C,IL,127,47520,2023-11-24,2023-12-27,2024-01-04,fulfilled
793,HYD-500,Supplier A,CA,127,16800,2023-11-21,2023-12-18,2024-01-16,fulfilled
794,FAX-500,Supplier D,CA,120,18240,2023-12-01,2023-12-26,2024-01-27,fulfilled
795,RAX-500,Supplier B,NY,120,25680,2023-11-28,2023-12-26,2024-01-02,fulfilled
796,CAB-500,Supplier E,CA,120,32592,2023-11-26,2023-12-24,2024-01-08,fulfilled
797,ECU-500,Supplier A,NY,118,7200,2023-11-30,2023-12-18,2024-01-02,fulfilled
798,TIR-500,Supplier B,NY,126,12840,2023-12-10,2023-12-24,2024-01-10,fulfilled
799,PTO-500,Supplier C,FL,133,9504,2023-11-28,2023-12-19,2023-12-26,fulfilled
800,FUE-500,Supplier E,FL,109,5587.2,2023-12-03,2023-12-19,2023-12-19,fulfilled
801,ENG-100,Supplier B,CA,79,4793.6,2023-12-12,2024-01-19,2024-02-01,fulfilled
802,TRN-100,Supplier C,CA,85,2772,2023-12-24,2024-01-26,2024-02-06,fulfilled
803,HYD-100,Supplier C,TX,81,970.2,2024-01-04,2024-01-25,2024-02-17,fulfilled
804,FAX-100,Supplier A,CA,82,1120,2023-12-27,2024-01-24,2024-02-01,fulfilled
805,RAX-100,Supplier D,CA,85,1330,2023-12-23,2024-01-17,2024-01-24,fulfilled
806,CAB-100,Supplier E,IL,92,1901.2,2023-12-22,2024-01-19,2024-02-07,fulfilled
807,ECU-100,Supplier A,CA,87,420,2024-01-01,2024-01-19,2024-01-23,fulfilled
808,TIR-100,Supplier B,IL,83,749,2024-01-04,2024-01-18,2024-01-25,fulfilled
809,PTO-100,Supplier C,IL,94,554.4,2024-01-03,2024-01-24,2024-02-06,fulfilled
810,FUE-100,Supplier E,FL,87,325.92,2024-01-01,2024-01-17,2024-01-19,fulfilled
811,ENG-200,Supplier A,IL,149,9280,2023-12-15,2024-01-19,2024-01-25,fulfilled
812,TRN-200,Supplier B,IL,152,6206,2023-12-23,2024-01-22,2024-01-26,fulfilled
813,HYD-200,Supplier C,FL,138,2009.7,2023-12-28,2024-01-18,2024-02-12,fulfilled
814,FAX-200,Supplier D,IL,133,2204,2024-01-01,2024-01-26,2024-02-04,fulfilled
815,RAX-200,Supplier D,IL,135,2755,2023-12-24,2024-01-18,2024-01-29,fulfilled
816,CAB-200,Supplier E,TX,138,3938.2,2023-12-22,2024-01-19,2024-02-08,fulfilled
817,ECU-200,Supplier A,FL,135,870,2024-01-03,2024-01-21,2024-02-04,fulfilled
818,TIR-200,Supplier B,NY,137,1551.5,2024-01-03,2024-01-17,2024-01-27,fulfilled
819,PTO-200,Supplier D,TX,131,1102,2023-12-30,2024-01-23,2024-02-03,fulfilled
820,FUE-200,Supplier E,CA,136,675.12,2024-01-10,2024-01-26,2024-01-29,fulfilled
821,ENG-300,Supplier B,IL,115,24824,2023-12-19,2024-01-26,2024-01-28,fulfilled
822,TRN-300,Supplier B,NY,119,15515,2023-12-20,2024-01-19,2024-01-21,fulfilled
823,HYD-300,Supplier C,TX,107,5024.25,2024-01-02,2024-01-23,2024-02-13,fulfilled
824,FAX-300,Supplier D,NY,114,5510,2023-12-27,2024-01-21,2024-01-29,fulfilled
825,RAX-300,Supplier D,TX,114,6887.5,2023-12-23,2024-01-17,2024-02-07,fulfilled
826,CAB-300,Supplier E,FL,117,9845.5,2023-12-20,2024-01-17,2024-01-21,fulfilled
827,ECU-300,Supplier A,FL,122,2175,2024-01-04,2024-01-22,2024-01-22,fulfilled
828,TIR-300,Supplier B,IL,114,3878.75,2024-01-04,2024-01-18,2024-02-01,fulfilled
829,PTO-300,Supplier C,FL,118,2871,2023-12-28,2024-01-18,2024-02-05,fulfilled
830,FUE-300,Supplier E,TX,104,1687.8,2024-01-09,2024-01-25,2024-02-23,fulfilled
831,ENG-400,Supplier A,FL,110,42400,2023-12-22,2024-01-26,2024-02-12,fulfilled
832,TRN-400,Supplier B,NY,114,28355,2023-12-28,2024-01-27,2024-02-12,fulfilled
833,HYD-400,Supplier E,FL,112,8996.75,2023-12-27,2024-01-20,2024-01-23,fulfilled
834,FAX-400,Supplier D,NY,111,10070,2024-01-01,2024-01-26,2024-02-02,fulfilled
835,RAX-400,Supplier D,CA,114,12587.5,2023-12-28,2024-01-22,2024-02-02,fulfilled
836,CAB-400,Supplier C,TX,118,18364.5,2023-12-20,2024-01-20,2024-02-04,fulfilled
837,ECU-400,Supplier A,NY,106,3975,2024-01-02,2024-01-20,2024-02-02,fulfilled
838,TIR-400,Supplier D,FL,105,6293.75,2024-01-08,2024-01-25,2024-01-29,fulfilled
839,PTO-400,Supplier C,IL,111,5247,2023-12-29,2024-01-19,2024-02-03,fulfilled
840,FUE-400,Supplier A,CA,126,3180,2024-01-04,2024-01-23,2024-02-13,fulfilled
841,ENG-500,Supplier A,FL,123,76800,2023-12-23,2024-01-27,2024-02-13,fulfilled
842,TRN-500,Supplier E,TX,117,46560,2023-12-19,2024-01-24,2024-02-11,fulfilled
843,HYD-500,Supplier C,NY,129,16632,2023-12-31,2024-01-21,2024-02-03,fulfilled
844,FAX-500,Supplier A,FL,125,19200,2023-12-25,2024-01-22,2024-02-06,fulfilled
845,RAX-500,Supplier B,NY,133,25680,2023-12-21,2024-01-18,2024-01-19,fulfilled
846,CAB-500,Supplier E,TX,122,32592,2023-12-23,2024-01-20,2024-02-07,fulfilled
847,ECU-500,Supplier A,TX,119,7200,2024-01-08,2024-01-26,2024-02-08,fulfilled
848,TIR-500,Supplier B,CA,136,12840,2024-01-11,2024-01-25,2024-02-09,fulfilled
849,PTO-500,Supplier D,IL,129,9120,2024-01-02,2024-01-26,2024-01-30,fulfilled
850,FUE-500,Supplier B,CA,128,6163.2,2024-01-05,2024-01-27,2024-02-10,fulfilled
851,ENG-100,Supplier A,IL,136,4480,2024-01-18,2024-02-22,2024-03-18,fulfilled
852,TRN-100,Supplier E,IL,143,2716,2024-01-20,2024-02-25,2024-03-16,fulfilled
853,HYD-100,Supplier E,IL,147,950.6,2024-01-26,2024-02-19,2024-03-04,fulfilled
854,FAX-100,Supplier A,IL,134,1120,2024-01-24,2024-02-21,2024-03-11,fulfilled
855,RAX-100,Supplier D,FL,125,1330,2024-01-25,2024-02-19,2024-03-06,fulfilled
856,CAB-100,Supplier C,IL,139,1940.4,2024-01-24,2024-02-24,2024-03-17,fulfilled
857,ECU-100,Supplier C,TX,152,415.8,2024-01-25,2024-02-15,2024-02-23,fulfilled
858,TIR-100,Supplier B,NY,145,749,2024-02-08,2024-02-22,2024-03-06,fulfilled
859,PTO-100,Supplier C,IL,138,554.4,2024-01-28,2024-02-18,2024-03-17,fulfilled
860,FUE-100,Supplier E,IL,174,325.92,2024-02-01,2024-02-17,2024-02-19,fulfilled
861,ENG-200,Supplier B,IL,145,9929.6,2024-01-13,2024-02-20,2024-03-02,fulfilled
862,TRN-200,Supplier C,FL,174,5742,2024-01-19,2024-02-21,2024-03-11,fulfilled
863,HYD-200,Supplier C,NY,155,2009.7,2024-01-28,2024-02-18,2024-03-15,fulfilled
864,FAX-200,Supplier D,FL,162,2204,2024-01-24,2024-02-18,2024-02-28,fulfilled
865,RAX-200,Supplier B,CA,162,3103,2024-01-22,2024-02-19,2024-03-04,fulfilled
866,CAB-200,Supplier E,TX,158,3938.2,2024-01-22,2024-02-19,2024-03-02,fulfilled
867,ECU-200,Supplier C,IL,158,861.3,2024-01-28,2024-02-18,2024-03-10,fulfilled
868,TIR-200,Supplier B,IL,150,1551.5,2024-02-06,2024-02-20,2024-03-07,fulfilled
869,PTO-200,Supplier C,CA,155,1148.4,2024-01-27,2024-02-17,2024-03-07,fulfilled
870,FUE-200,Supplier A,FL,145,696,2024-02-06,2024-02-25,2024-03-21,fulfilled
871,ENG-300,Supplier A,FL,169,23200,2024-01-18,2024-02-22,2024-03-09,fulfilled
872,TRN-300,Supplier B,CA,193,15515,2024-01-16,2024-02-15,2024-03-01,fulfilled
873,HYD-300,Supplier C,CA,179,5024.25,2024-02-01,2024-02-22,2024-02-29,fulfilled
874,FAX-300,Supplier A,CA,190,5800,2024-01-21,2024-02-18,2024-02-26,fulfilled
875,RAX-300,Supplier D,NY,166,6887.5,2024-01-23,2024-02-17,2024-03-08,fulfilled
876,CAB-300,Supplier E,FL,201,9845.5,2024-01-20,2024-02-17,2024-03-05,fulfilled
877,ECU-300,Supplier C,FL,181,2153.25,2024-02-02,2024-02-23,2024-02-24,fulfilled
878,TIR-300,Supplier B,CA,191,3878.75,2024-02-07,2024-02-21,2024-02-23,fulfilled
879,PTO-300,Supplier C,CA,182,2871,2024-01-31,2024-02-21,2024-03-10,fulfilled
880,FUE-300,Supplier E,NY,190,1687.8,2024-02-07,2024-02-23,2024-03-02,fulfilled
881,ENG-400,Supplier A,NY,159,42400,2024-01-15,2024-02-19,2024-02-25,fulfilled
882,TRN-400,Supplier B,TX,151,28355,2024-01-25,2024-02-24,2024-03-05,fulfilled
883,HYD-400,Supplier C,CA,146,9182.25,2024-01-25,2024-02-15,2024-02-24,fulfilled
884,FAX-400,Supplier D,IL,177,10070,2024-01-21,2024-02-15,2024-02-19,fulfilled
885,RAX-400,Supplier D,CA,149,12587.5,2024-01-26,2024-02-20,2024-02-21,fulfilled
886,CAB-400,Supplier C,TX,145,18364.5,2024-01-17,2024-02-17,2024-02-17,fulfilled
887,ECU-400,Supplier C,NY,170,3935.25,2024-01-26,2024-02-16,2024-03-05,fulfilled
888,TIR-400,Supplier D,TX,151,6293.75,2024-01-30,2024-02-16,2024-03-02,fulfilled
889,PTO-400,Supplier D,CA,141,5035,2024-01-26,2024-02-19,2024-03-07,fulfilled
890,FUE-400,Supplier E,IL,156,3084.6,2024-02-07,2024-02-23,2024-03-18,fulfilled
891,ENG-500,Supplier A,NY,190,76800,2024-01-12,2024-02-16,2024-03-03,fulfilled
892,TRN-500,Supplier B,TX,192,51360,2024-01-20,2024-02-19,2024-02-22,fulfilled
893,HYD-500,Supplier C,FL,190,16632,2024-01-25,2024-02-15,2024-03-07,fulfilled
894,FAX-500,Supplier D,NY,191,18240,2024-01-28,2024-02-22,2024-02-22,fulfilled
895,RAX-500,Supplier B,TX,201,25680,2024-01-23,2024-02-20,2024-03-05,fulfilled
896,CAB-500,Supplier C,FL,179,33264,2024-01-17,2024-02-17,2024-03-17,fulfilled
897,ECU-500,Supplier A,IL,194,7200,2024-02-06,2024-02-24,2024-02-24,fulfilled
898,TIR-500,Supplier D,FL,192,11400,2024-02-05,2024-02-22,2024-03-11,fulfilled
899,PTO-500,Supplier C,IL,200,9504,2024-01-29,2024-02-19,2024-03-18,fulfilled
900,FUE-500,Supplier A,NY,197,5760,2024-02-04,2024-02-23,2024-03-05,fulfilled
901,ENG-100,Supplier D,IL,196,4256,2024-02-07,2024-03-19,2024-04-13,fulfilled
902,TRN-100,Supplier E,NY,201,2716,2024-02-14,2024-03-21,2024-04-14,fulfilled
903,HYD-100,Supplier E,TX,189,950.6,2024-02-26,2024-03-21,2024-03-31,fulfilled
904,FAX-100,Supplier D,CA,203,1064,2024-02-24,2024-03-20,2024-04-13,fulfilled
905,RAX-100,Supplier D,NY,188,1330,2024-02-28,2024-03-24,2024-04-14,fulfilled
906,CAB-100,Supplier C,IL,200,1940.4,2024-02-19,2024-03-21,2024-04-10,fulfilled
907,ECU-100,Supplier C,NY,215,415.8,2024-02-26,2024-03-18,2024-03-19,fulfilled
908,TIR-100,Supplier B,CA,212,749,2024-03-05,2024-03-19,2024-03-22,fulfilled
909,PTO-100,Supplier D,IL,183,532,2024-02-24,2024-03-19,2024-04-07,fulfilled
910,FUE-100,Supplier A,NY,196,336,2024-02-29,2024-03-19,2024-04-06,fulfilled
911,ENG-200,Supplier A,IL,179,9280,2024-02-21,2024-03-27,2024-03-29,fulfilled
912,TRN-200,Supplier B,NY,178,6206,2024-02-21,2024-03-22,2024-03-26,fulfilled
913,HYD-200,Supplier E,CA,181,1969.1,2024-02-22,2024-03-17,2024-04-02,fulfilled
914,FAX-200,Supplier D,NY,192,2204,2024-03-01,2024-03-26,2024-04-08,fulfilled
915,RAX-200,Supplier B,IL,186,3103,2024-02-27,2024-03-26,2024-03-30,fulfilled
916,CAB-200,Supplier C,CA,188,4019.4,2024-02-16,2024-03-18,2024-03-27,fulfilled
917,ECU-200,Supplier A,FL,178,870,2024-03-02,2024-03-20,2024-04-16,fulfilled
918,TIR-200,Supplier B,TX,184,1551.5,2024-03-13,2024-03-27,2024-04-07,fulfilled
919,PTO-200,Supplier D,CA,165,1102,2024-02-22,2024-03-17,2024-04-08,fulfilled
920,FUE-200,Supplier E,IL,188,675.12,2024-03-10,2024-03-26,2024-03-26,fulfilled
921,ENG-300,Supplier A,TX,163,23200,2024-02-13,2024-03-19,2024-04-05,fulfilled
922,TRN-300,Supplier B,IL,150,15515,2024-02-19,2024-03-20,2024-03-30,fulfilled
923,HYD-300,Supplier E,NY,163,4922.75,2024-02-24,2024-03-19,2024-04-02,fulfilled
924,FAX-300,Supplier D,TX,168,5510,2024-02-28,2024-03-24,2024-04-13,fulfilled
925,RAX-300,Supplier B,TX,152,7757.5,2024-02-18,2024-03-17,2024-03-24,fulfilled
926,CAB-300,Supplier E,IL,152,9845.5,2024-02-20,2024-03-19,2024-04-12,fulfilled
927,ECU-300,Supplier C,TX,158,2153.25,2024-03-03,2024-03-24,2024-04-07,fulfilled
928,TIR-300,Supplier D,NY,156,3443.75,2024-03-02,2024-03-19,2024-04-16,fulfilled
929,PTO-300,Supplier C,IL,144,2871,2024-02-26,2024-03-18,2024-04-13,fulfilled
930,FUE-300,Supplier E,IL,152,1687.8,2024-03-07,2024-03-23,2024-04-17,fulfilled
931,ENG-400,Supplier B,FL,210,45368,2024-02-12,2024-03-21,2024-03-31,fulfilled
932,TRN-400,Supplier E,TX,207,25705,2024-02-17,2024-03-24,2024-04-03,fulfilled
933,HYD-400,Supplier E,IL,203,8996.75,2024-02-23,2024-03-18,2024-03-20,fulfilled
934,FAX-400,Supplier A,CA,200,10600,2024-02-28,2024-03-27,2024-04-08,fulfilled
935,RAX-400,Supplier D,NY,210,12587.5,2024-02-28,2024-03-24,2024-03-25,fulfilled
936,CAB-400,Supplier C,CA,190,18364.5,2024-02-16,2024-03-18,2024-04-15,fulfilled
937,ECU-400,Supplier E,CA,204,3855.75,2024-03-01,2024-03-25,2024-03-25,fulfilled
938,TIR-400,Supplier B,CA,188,7088.75,2024-03-06,2024-03-20,2024-04-05,fulfilled
939,PTO-400,Supplier C,IL,216,5247,2024-02-29,2024-03-21,2024-03-21,fulfilled
940,FUE-400,Supplier E,IL,231,3084.6,2024-03-05,2024-03-21,2024-04-17,fulfilled
941,ENG-500,Supplier A,FL,175,76800,2024-02-15,2024-03-21,2024-04-10,fulfilled
942,TRN-500,Supplier E,IL,169,46560,2024-02-19,2024-03-26,2024-04-06,fulfilled
943,HYD-500,Supplier A,CA,187,16800,2024-02-29,2024-03-27,2024-03-27,fulfilled
944,FAX-500,Supplier A,TX,184,19200,2024-02-21,2024-03-20,2024-03-24,fulfilled
945,RAX-500,Supplier B,TX,170,25680,2024-02-28,2024-03-27,2024-04-03,fulfilled
946,CAB-500,Supplier E,IL,168,32592,2024-02-20,2024-03-19,2024-03-31,fulfilled
947,ECU-500,Supplier A,IL,192,7200,2024-03-02,2024-03-20,2024-04-07,fulfilled
948,TIR-500,Supplier D,CA,183,11400,2024-03-09,2024-03-26,2024-04-03,fulfilled
949,PTO-500,Supplier C,IL,185,9504,2024-02-27,2024-03-19,2024-04-13,fulfilled
950,FUE-500,Supplier E,NY,193,5587.2,2024-03-05,2024-03-21,2024-04-14,fulfilled
951,ENG-100,Supplier B,FL,159,4793.6,2024-03-14,2024-04-21,2024-05-05,fulfilled
952,TRN-100,Supplier B,CA,137,2996,2024-03-19,2024-04-18,2024-04-26,fulfilled
953,HYD-100,Supplier A,NY,166,980,2024-03-23,2024-04-19,2024-05-07,fulfilled
954,FAX-100,Supplier D,TX,149,1064,2024-03-26,2024-04-20,2024-05-11,fulfilled
955,RAX-100,Supplier D,FL,145,1330,2024-03-23,2024-04-17,2024-05-12,fulfilled
956,CAB-100,Supplier E,NY,157,1901.2,2024-03-22,2024-04-19,2024-05-16,fulfilled
957,ECU-100,Supplier C,IL,152,415.8,2024-04-01,2024-04-22,2024-05-11,fulfilled
958,TIR-100,Supplier B,CA,149,749,2024-04-05,2024-04-19,2024-05-02,fulfilled
959,PTO-100,Supplier C,FL,155,554.4,2024-03-27,2024-04-17,2024-05-01,fulfilled
960,FUE-100,Supplier E,CA,169,325.92,2024-04-10,2024-04-26,2024-05-11,fulfilled
961,ENG-200,Supplier B,CA,141,9929.6,2024-03-14,2024-04-21,2024-05-02,fulfilled
962,TRN-200,Supplier B,IL,124,6206,2024-03-17,2024-04-16,2024-05-03,fulfilled
963,HYD-200,Supplier E,CA,135,1969.1,2024-03-28,2024-04-21,2024-04-23,fulfilled
964,FAX-200,Supplier A,IL,129,2320,2024-03-26,2024-04-23,2024-05-09,fulfilled
965,RAX-200,Supplier B,FL,144,3103,2024-03-23,2024-04-20,2024-04-22,fulfilled
966,CAB-200,Supplier C,CA,137,4019.4,2024-03-26,2024-04-26,2024-05-23,fulfilled
967,ECU-200,Supplier C,TX,140,861.3,2024-03-29,2024-04-19,2024-04-25,fulfilled
968,TIR-200,Supplier B,NY,142,1551.5,2024-04-08,2024-04-22,2024-04-25,fulfilled
969,PTO-200,Supplier C,CA,134,1148.4,2024-04-05,2024-04-26,2024-05-08,fulfilled
970,FUE-200,Supplier A,NY,151,696,2024-04-06,2024-04-25,2024-05-14,fulfilled
971,ENG-300,Supplier B,TX,198,24824,2024-03-19,2024-04-26,2024-05-10,fulfilled
972,TRN-300,Supplier B,CA,188,15515,2024-03-24,2024-04-23,2024-05-10,fulfilled
973,HYD-300,Supplier C,TX,190,5024.25,2024-03-27,2024-04-17,2024-04-22,fulfilled
974,FAX-300,Supplier D,CA,193,5510,2024-03-24,2024-04-18,2024-05-13,fulfilled
975,RAX-300,Supplier D,IL,206,6887.5,2024-03-30,2024-04-24,2024-05-11,fulfilled
976,CAB-300,Supplier C,IL,204,10048.5,2024-03-18,2024-04-18,2024-05-02,fulfilled
977,ECU-300,Supplier A,IL,189,2175,2024-04-04,2024-04-22,2024-05-06,fulfilled
978,TIR-300,Supplier D,FL,204,3443.75,2024-03-31,2024-04-17,2024-04-21,fulfilled
979,PTO-300,Supplier C,FL,219,2871,2024-03-26,2024-04-16,2024-04-19,fulfilled
980,FUE-300,Supplier B,NY,172,1861.8,2024-03-25,2024-04-16,2024-04-24,fulfilled
981,ENG-400,Supplier A,TX,213,42400,2024-03-15,2024-04-19,2024-05-16,fulfilled
982,TRN-400,Supplier B,NY,217,28355,2024-03-24,2024-04-23,2024-05-10,fulfilled
983,HYD-400,Supplier A,NY,215,9275,2024-03-28,2024-04-24,2024-05-17,fulfilled
984,FAX-400,Supplier A,NY,229,10600,2024-03-26,2024-04-23,2024-05-14,fulfilled
985,RAX-400,Supplier B,CA,198,14177.5,2024-03-21,2024-04-18,2024-05-02,fulfilled
986,CAB-400,Supplier C,CA,228,18364.5,2024-03-23,2024-04-23,2024-04-23,fulfilled
987,ECU-400,Supplier A,FL,213,3975,2024-03-31,2024-04-18,2024-05-06,fulfilled
988,TIR-400,Supplier B,FL,204,7088.75,2024-04-10,2024-04-24,2024-05-07,fulfilled
989,PTO-400,Supplier D,CA,185,5035,2024-03-30,2024-04-23,2024-05-07,fulfilled
990,FUE-400,Supplier E,TX,230,3084.6,2024-04-04,2024-04-20,2024-05-05,fulfilled
991,ENG-500,Supplier A,FL,150,76800,2024-03-13,2024-04-17,2024-05-05,fulfilled
992,TRN-500,Supplier B,NY,144,51360,2024-03-25,2024-04-24,2024-05-01,fulfilled
993,HYD-500,Supplier E,IL,146,16296,2024-03-24,2024-04-17,2024-04-26,fulfilled
994,FAX-500,Supplier A,FL,142,19200,2024-03-26,2024-04-23,2024-04-24,fulfilled
995,RAX-500,Supplier D,NY,142,22800,2024-03-29,2024-04-23,2024-05-03,fulfilled
996,CAB-500,Supplier C,FL,141,33264,2024-03-17,2024-04-17,2024-04-20,fulfilled
997,ECU-500,Supplier E,NY,132,6984,2024-04-02,2024-04-26,2024-05-14,fulfilled
998,TIR-500,Supplier B,NY,149,12840,2024-04-12,2024-04-26,2024-05-10,fulfilled
999,PTO-500,Supplier D,IL,135,9120,2024-03-26,2024-04-19,2024-05-13,fulfilled
1000,FUE-500,Supplier E,FL,135,5587.2,2024-04-03,2024-04-19,2024-04-21,fulfilled
1001,ENG-100,Supplier A,TX,88,4480,2024-04-20,2024-05-25,2024-06-20,fulfilled
1002,TRN-100,Supplier B,CA,85,2996,2024-04-18,2024-05-18,2024-06-04,fulfilled
1003,HYD-100,Supplier C,TX,92,970.2,2024-05-01,2024-05-22,2024-05-24,fulfilled
1004,FAX-100,Supplier D,CA,96,1064,2024-04-27,2024-05-22,2024-06-18,fulfilled
1005,RAX-100,Supplier D,CA,92,1330,2024-05-02,2024-05-27,2024-06-18,fulfilled
1006,CAB-100,Supplier C,FL,85,1940.4,2024-04-16,2024-05-17,2024-05-27,fulfilled
1007,ECU-100,Supplier A,IL,84,420,2024-04-29,2024-05-17,2024-06-12,fulfilled
1008,TIR-100,Supplier B,IL,95,749,2024-05-12,2024-05-26,2024-05-28,fulfilled
1009,PTO-100,Supplier C,IL,88,554.4,2024-04-27,2024-05-18,2024-05-24,fulfilled
1010,FUE-100,Supplier B,TX,92,359.52,2024-04-26,2024-05-18,2024-05-29,fulfilled
1011,ENG-200,Supplier A,TX,117,9280,2024-04-19,2024-05-24,2024-06-06,fulfilled
1012,TRN-200,Supplier C,IL,136,5742,2024-04-23,2024-05-26,2024-06-18,fulfilled
1013,HYD-200,Supplier C,CA,116,2009.7,2024-04-27,2024-05-18,2024-06-14,fulfilled
1014,FAX-200,Supplier A,TX,125,2320,2024-04-27,2024-05-25,2024-06-08,fulfilled
1015,RAX-200,Supplier D,CA,126,2755,2024-04-26,2024-05-21,2024-06-03,fulfilled
1016,CAB-200,Supplier E,NY,115,3938.2,2024-04-26,2024-05-24,2024-06-03,fulfilled
1017,ECU-200,Supplier A,TX,117,870,2024-05-08,2024-05-26,2024-06-15,fulfilled
1018,TIR-200,Supplier B,TX,107,1551.5,2024-05-10,2024-05-24,2024-05-31,fulfilled
1019,PTO-200,Supplier C,FL,110,1148.4,2024-05-01,2024-05-22,2024-06-10,fulfilled
1020,FUE-200,Supplier E,IL,109,675.12,2024-05-08,2024-05-24,2024-06-21,fulfilled
1021,ENG-300,Supplier B,CA,123,24824,2024-04-16,2024-05-24,2024-05-25,fulfilled
1022,TRN-300,Supplier C,TX,119,14355,2024-04-21,2024-05-24,2024-06-03,fulfilled
1023,HYD-300,Supplier C,CA,107,5024.25,2024-05-05,2024-05-26,2024-06-07,fulfilled
1024,FAX-300,Supplier D,CA,113,5510,2024-04-27,2024-05-22,2024-06-16,fulfilled
1025,RAX-300,Supplier D,FL,113,6887.5,2024-04-30,2024-05-25,2024-06-22,fulfilled
1026,CAB-300,Supplier C,TX,115,10048.5,2024-04-23,2024-05-24,2024-05-31,fulfilled
1027,ECU-300,Supplier A,FL,117,2175,2024-04-30,2024-05-18,2024-05-31,fulfilled
1028,TIR-300,Supplier D,FL,117,3443.75,2024-05-02,2024-05-19,2024-06-12,fulfilled
1029,PTO-300,Supplier C,TX,116,2871,2024-05-01,2024-05-22,2024-06-05,fulfilled
1030,FUE-300,Supplier E,NY,101,1687.8,2024-05-08,2024-05-24,2024-06-01,fulfilled
1031,ENG-400,Supplier B,IL,82,45368,2024-04-16,2024-05-24,2024-05-27,fulfilled
1032,TRN-400,Supplier C,NY,97,26235,2024-04-20,2024-05-23,2024-05-30,fulfilled
1033,HYD-400,Supplier C,TX,84,9182.25,2024-05-05,2024-05-26,2024-06-24,fulfilled
1034,FAX-400,Supplier D,IL,88,10070,2024-04-23,2024-05-18,2024-05-25,fulfilled
1035,RAX-400,Supplier B,NY,80,14177.5,2024-04-23,2024-05-21,2024-06-02,fulfilled
1036,CAB-400,Supplier E,NY,89,17993.5,2024-04-19,2024-05-17,2024-05-27,fulfilled
1037,ECU-400,Supplier A,IL,84,3975,2024-05-01,2024-05-19,2024-06-12,fulfilled
1038,TIR-400,Supplier D,FL,82,6293.75,2024-05-10,2024-05-27,2024-06-10,fulfilled
1039,PTO-400,Supplier C,NY,82,5247,2024-04-26,2024-05-17,2024-05-26,fulfilled
1040,FUE-400,Supplier E,IL,83,3084.6,2024-05-05,2024-05-21,2024-06-12,fulfilled
1041,ENG-500,Supplier B,CA,131,82176,2024-04-14,2024-05-22,2024-06-05,fulfilled
1042,TRN-500,Supplier B,NY,142,51360,2024-04-19,2024-05-19,2024-05-22,fulfilled
1043,HYD-500,Supplier C,IL,140,16632,2024-04-28,2024-05-19,2024-05-21,fulfilled
1044,FAX-500,Supplier D,FL,145,18240,2024-04-23,2024-05-18,2024-05-23,fulfilled
1045,RAX-500,Supplier D,NY,137,22800,2024-04-27,2024-05-22,2024-06-13,fulfilled
1046,CAB-500,Supplier E,NY,148,32592,2024-04-28,2024-05-26,2024-06-13,fulfilled
1047,ECU-500,Supplier A,TX,142,7200,2024-05-08,2024-05-26,2024-06-15,fulfilled
1048,TIR-500,Supplier B,IL,136,12840,2024-05-13,2024-05-27,2024-06-07,fulfilled
1049,PTO-500,Supplier C,NY,135,9504,2024-05-05,2024-05-26,2024-06-07,fulfilled
1050,FUE-500,Supplier E,CA,139,5587.2,2024-05-04,2024-05-20,2024-06-07,fulfilled
1051,ENG-100,Supplier A,TX,107,4480,2024-05-17,2024-06-21,2024-07-19,fulfilled
1052,TRN-100,Supplier B,NY,110,2996,2024-05-24,2024-06-23,2024-07-04,fulfilled
1053,HYD-100,Supplier C,IL,111,970.2,2024-06-05,2024-06-26,2024-07-15,fulfilled
1054,FAX-100,Supplier D,TX,118,1064,2024-05-24,2024-06-18,2024-06-30,fulfilled
1055,RAX-100,Supplier D,NY,106,1330,2024-05-26,2024-06-20,2024-07-16,fulfilled
1056,CAB-100,Supplier E,CA,106,1901.2,2024-05-29,2024-06-26,2024-07-22,fulfilled
1057,ECU-100,Supplier A,FL,106,420,2024-05-29,2024-06-16,2024-07-10,fulfilled
1058,TIR-100,Supplier B,IL,118,749,2024-06-05,2024-06-19,2024-06-23,fulfilled
1059,PTO-100,Supplier C,IL,117,554.4,2024-06-03,2024-06-24,2024-06-30,fulfilled
1060,FUE-100,Supplier E,IL,108,325.92,2024-06-01,2024-06-17,2024-07-10,fulfilled
1061,ENG-200,Supplier B,CA,126,9929.6,2024-05-16,2024-06-23,2024-06-30,fulfilled
1062,TRN-200,Supplier B,IL,127,6206,2024-05-22,2024-06-21,2024-07-06,fulfilled
1063,HYD-200,Supplier E,CA,126,1969.1,2024-06-01,2024-06-25,2024-07-15,fulfilled
1064,FAX-200,Supplier A,CA,124,2320,2024-05-19,2024-06-16,2024-06-26,fulfilled
1065,RAX-200,Supplier D,CA,128,2755,2024-05-23,2024-06-17,2024-07-10,fulfilled
1066,CAB-200,Supplier E,TX,136,3938.2,2024-05-28,2024-06-25,2024-07-12,fulfilled
1067,ECU-200,Supplier A,CA,125,870,2024-06-06,2024-06-24,2024-07-02,fulfilled
1068,TIR-200,Supplier B,NY,126,1551.5,2024-06-04,2024-06-18,2024-07-04,fulfilled
1069,PTO-200,Supplier C,CA,127,1148.4,2024-05-29,2024-06-19,2024-06-23,fulfilled
1070,FUE-200,Supplier A,NY,120,696,2024-05-28,2024-06-16,2024-07-14,fulfilled
1071,ENG-300,Supplier A,FL,127,23200,2024-05-17,2024-06-21,2024-07-06,fulfilled
1072,TRN-300,Supplier B,CA,127,15515,2024-05-18,2024-06-17,2024-06-28,fulfilled
1073,HYD-300,Supplier E,IL,130,4922.75,2024-06-01,2024-06-25,2024-06-28,fulfilled
1074,FAX-300,Supplier D,IL,127,5510,2024-05-31,2024-06-25,2024-07-04,fulfilled
1075,RAX-300,Supplier B,IL,142,7757.5,2024-05-20,2024-06-17,2024-07-01,fulfilled
1076,CAB-300,Supplier E,IL,131,9845.5,2024-05-27,2024-06-24,2024-07-18,fulfilled
1077,ECU-300,Supplier C,TX,136,2153.25,2024-06-01,2024-06-22,2024-06-25,fulfilled
1078,TIR-300,Supplier D,NY,132,3443.75,2024-05-31,2024-06-17,2024-07-01,fulfilled
1079,PTO-300,Supplier D,NY,138,2755,2024-05-31,2024-06-24,2024-06-24,fulfilled
1080,FUE-300,Supplier E,NY,122,1687.8,2024-06-08,2024-06-24,2024-07-10,fulfilled
1081,ENG-400,Supplier A,CA,100,42400,2024-05-20,2024-06-24,2024-07-19,fulfilled
1082,TRN-400,Supplier E,FL,113,25705,2024-05-21,2024-06-26,2024-06-26,fulfilled
1083,HYD-400,Supplier C,NY,116,9182.25,2024-05-26,2024-06-16,2024-07-04,fulfilled
1084,FAX-400,Supplier D,FL,100,10070,2024-05-25,2024-06-19,2024-07-13,fulfilled
1085,RAX-400,Supplier D,FL,108,12587.5,2024-05-22,2024-06-16,2024-07-04,fulfilled
1086,CAB-400,Supplier C,IL,114,18364.5,2024-05-16,2024-06-16,2024-06-17,fulfilled
1087,ECU-400,Supplier A,TX,102,3975,2024-06-07,2024-06-25,2024-07-09,fulfilled
1088,TIR-400,Supplier B,IL,115,7088.75,2024-06-08,2024-06-22,2024-06-23,fulfilled
1089,PTO-400,Supplier D,NY,105,5035,2024-05-25,2024-06-18,2024-07-14,fulfilled
1090,FUE-400,Supplier E,NY,110,3084.6,2024-06-01,2024-06-17,2024-06-26,fulfilled
1091,ENG-500,Supplier A,NY,90,76800,2024-05-13,2024-06-17,2024-07-15,fulfilled
1092,TRN-500,Supplier C,TX,93,47520,2024-05-17,2024-06-19,2024-06-23,fulfilled
1093,HYD-500,Supplier C,NY,90,16632,2024-06-04,2024-06-25,2024-06-28,fulfilled
1094,FAX-500,Supplier A,IL,94,19200,2024-05-25,2024-06-22,2024-07-04,fulfilled
1095,RAX-500,Supplier D,CA,92,22800,2024-05-28,2024-06-22,2024-06-23,fulfilled
1096,CAB-500,Supplier C,NY,97,33264,2024-05-18,2024-06-18,2024-06-20,fulfilled
1097,ECU-500,Supplier C,NY,94,7128,2024-05-27,2024-06-17,2024-07-03,fulfilled
1098,TIR-500,Supplier B,NY,101,12840,2024-06-11,2024-06-25,2024-06-27,fulfilled
1099,PTO-500,Supplier C,TX,85,9504,2024-05-29,2024-06-19,2024-07-11,fulfilled
1100,FUE-500,Supplier A,TX,93,5760,2024-06-06,2024-06-25,2024-06-29,fulfilled
1101,ENG-100,Supplier B,IL,103,4793.6,2024-06-14,2024-07-22,2024-07-26,fulfilled
1102,TRN-100,Supplier C,FL,95,2772,2024-06-18,2024-07-21,2024-08-17,fulfilled
1103,HYD-100,Supplier E,CA,99,950.6,2024-06-24,2024-07-18,2024-07-20,fulfilled
1104,FAX-100,Supplier D,IL,105,1064,2024-07-01,2024-07-26,2024-08-24,fulfilled
1105,RAX-100,Supplier D,CA,115,1330,2024-06-23,2024-07-18,2024-08-14,fulfilled
1106,CAB-100,Supplier C,TX,105,1940.4,2024-06-17,2024-07-18,2024-07-27,fulfilled
1107,ECU-100,Supplier C,IL,107,415.8,2024-07-04,2024-07-25,2024-08-08,fulfilled
1108,TIR-100,Supplier B,NY,104,749,2024-07-05,2024-07-19,2024-07-29,fulfilled
1109,PTO-100,Supplier D,TX,109,532,2024-06-25,2024-07-19,2024-08-16,fulfilled
1110,FUE-100,Supplier A,CA,108,336,2024-07-01,2024-07-20,2024-08-03,fulfilled
1111,ENG-200,Supplier B,CA,128,9929.6,2024-06-17,2024-07-25,2024-07-27,fulfilled
1112,TRN-200,Supplier B,FL,122,6206,2024-06-22,2024-07-22,2024-07-24,fulfilled
1113,HYD-200,Supplier C,FL,116,2009.7,2024-07-06,2024-07-27,2024-08-12,fulfilled
1114,FAX-200,Supplier D,FL,103,2204,2024-06-29,2024-07-24,2024-08-04,fulfilled
1115,RAX-200,Supplier B,NY,110,3103,2024-06-29,2024-07-27,2024-08-04,fulfilled
1116,CAB-200,Supplier C,FL,110,4019.4,2024-06-23,2024-07-24,2024-08-21,fulfilled
1117,ECU-200,Supplier C,NY,109,861.3,2024-06-28,2024-07-19,2024-07-24,fulfilled
1118,TIR-200,Supplier D,TX,114,1377.5,2024-07-09,2024-07-26,2024-08-21,fulfilled
1119,PTO-200,Supplier C,IL,119,1148.4,2024-06-27,2024-07-18,2024-07-21,fulfilled
1120,FUE-200,Supplier A,IL,112,696,2024-07-07,2024-07-26,2024-08-02,fulfilled
1121,ENG-300,Supplier A,NY,160,23200,2024-06-19,2024-07-24,2024-08-09,fulfilled
1122,TRN-300,Supplier C,TX,143,14355,2024-06-22,2024-07-25,2024-07-28,fulfilled
1123,HYD-300,Supplier E,FL,134,4922.75,2024-07-01,2024-07-25,2024-08-04,fulfilled
1124,FAX-300,Supplier A,NY,157,5800,2024-06-20,2024-07-18,2024-07-22,fulfilled
1125,RAX-300,Supplier D,NY,143,6887.5,2024-07-02,2024-07-27,2024-07-31,fulfilled
1126,CAB-300,Supplier C,TX,154,10048.5,2024-06-23,2024-07-24,2024-08-14,fulfilled
1127,ECU-300,Supplier A,IL,153,2175,2024-07-05,2024-07-23,2024-07-28,fulfilled
1128,TIR-300,Supplier B,NY,139,3878.75,2024-07-13,2024-07-27,2024-08-11,fulfilled
1129,PTO-300,Supplier C,IL,143,2871,2024-07-01,2024-07-22,2024-08-06,fulfilled
1130,FUE-300,Supplier A,TX,154,1740,2024-06-29,2024-07-18,2024-08-03,fulfilled
1131,ENG-400,Supplier B,NY,164,45368,2024-06-15,2024-07-23,2024-08-01,fulfilled
1132,TRN-400,Supplier E,CA,172,25705,2024-06-14,2024-07-20,2024-08-11,fulfilled
1133,HYD-400,Supplier E,TX,153,8996.75,2024-06-27,2024-07-21,2024-07-30,fulfilled
1134,FAX-400,Supplier A,CA,157,10600,2024-06-25,2024-07-23,2024-08-06,fulfilled
1135,RAX-400,Supplier B,CA,165,14177.5,2024-06-28,2024-07-26,2024-07-28,fulfilled
1136,CAB-400,Supplier E,FL,179,17993.5,2024-06-27,2024-07-25,2024-08-22,fulfilled
1137,ECU-400,Supplier C,FL,173,3935.25,2024-07-02,2024-07-23,2024-07-28,fulfilled
1138,TIR-400,Supplier B,FL,158,7088.75,2024-07-06,2024-07-20,2024-07-28,fulfilled
1139,PTO-400,Supplier C,TX,172,5247,2024-06-27,2024-07-18,2024-07-19,fulfilled
1140,FUE-400,Supplier E,CA,178,3084.6,2024-07-04,2024-07-20,2024-08-14,fulfilled
1141,ENG-500,Supplier B,NY,134,82176,2024-06-11,2024-07-19,2024-07-23,fulfilled
1142,TRN-500,Supplier C,FL,145,47520,2024-06-23,2024-07-26,2024-08-10,fulfilled
1143,HYD-500,Supplier A,NY,145,16800,2024-06-22,2024-07-19,2024-07-23,fulfilled
1144,FAX-500,Supplier D,CA,161,18240,2024-07-02,2024-07-27,2024-07-30,fulfilled
1145,RAX-500,Supplier B,NY,136,25680,2024-06-29,2024-07-27,2024-08-09,fulfilled
1146,CAB-500,Supplier E,NY,143,32592,2024-06-27,2024-07-25,2024-08-08,fulfilled
1147,ECU-500,Supplier A,NY,137,7200,2024-07-08,2024-07-26,2024-08-17,fulfilled
1148,TIR-500,Supplier B,IL,161,12840,2024-07-11,2024-07-25,2024-07-28,fulfilled
1149,PTO-500,Supplier C,TX,168,9504,2024-07-06,2024-07-27,2024-07-30,fulfilled
1150,FUE-500,Supplier E,NY,157,5587.2,2024-07-07,2024-07-23,2024-08-05,fulfilled
1151,ENG-100,Supplier D,CA,135,4256,2024-07-07,2024-08-17,2024-08-24,fulfilled
1152,TRN-100,Supplier B,FL,134,2996,2024-07-24,2024-08-23,2024-08-25,fulfilled
1153,HYD-100,Supplier C,FL,137,970.2,2024-08-02,2024-08-23,2024-09-08,fulfilled
1154,FAX-100,Supplier A,NY,127,1120,2024-07-30,2024-08-27,2024-08-28,fulfilled
1155,RAX-100,Supplier D,CA,132,1330,2024-07-30,2024-08-24,2024-09-01,fulfilled
1156,CAB-100,Supplier C,TX,131,1940.4,2024-07-25,2024-08-25,2024-09-08,fulfilled
1157,ECU-100,Supplier C,TX,124,415.8,2024-07-30,2024-08-20,2024-08-26,fulfilled
1158,TIR-100,Supplier D,NY,137,665,2024-08-03,2024-08-20,2024-08-24,fulfilled
1159,PTO-100,Supplier D,IL,123,532,2024-08-01,2024-08-25,2024-09-02,fulfilled
1160,FUE-100,Supplier E,NY,132,325.92,2024-08-11,2024-08-27,2024-09-16,fulfilled
1161,ENG-200,Supplier A,NY,102,9280,2024-07-22,2024-08-26,2024-09-22,fulfilled
1162,TRN-200,Supplier C,CA,105,5742,2024-07-22,2024-08-24,2024-08-29,fulfilled
1163,HYD-200,Supplier C,CA,107,2009.7,2024-07-30,2024-08-20,2024-08-31,fulfilled
1164,FAX-200,Supplier D,FL,104,2204,2024-07-25,2024-08-19,2024-09-17,fulfilled
1165,RAX-200,Supplier D,IL,109,2755,2024-07-23,2024-08-17,2024-09-07,fulfilled
1166,CAB-200,Supplier E,TX,102,3938.2,2024-07-26,2024-08-23,2024-09-21,fulfilled
1167,ECU-200,Supplier A,CA,105,870,2024-08-05,2024-08-23,2024-09-09,fulfilled
1168,TIR-200,Supplier B,TX,108,1551.5,2024-08-03,2024-08-17,2024-08-22,fulfilled
1169,PTO-200,Supplier C,NY,107,1148.4,2024-08-04,2024-08-25,2024-09-09,fulfilled
1170,FUE-200,Supplier E,FL,108,675.12,2024-08-08,2024-08-24,2024-09-20,fulfilled
1171,ENG-300,Supplier A,TX,173,23200,2024-07-14,2024-08-18,2024-08-26,fulfilled
1172,TRN-300,Supplier E,FL,178,14065,2024-07-19,2024-08-24,2024-09-06,fulfilled
1173,HYD-300,Supplier E,NY,210,4922.75,2024-07-27,2024-08-20,2024-09-02,fulfilled
1174,FAX-300,Supplier D,CA,200,5510,2024-07-27,2024-08-21,2024-09-15,fulfilled
1175,RAX-300,Supplier B,TX,202,7757.5,2024-07-22,2024-08-19,2024-09-02,fulfilled
1176,CAB-300,Supplier E,TX,206,9845.5,2024-07-22,2024-08-19,2024-09-02,fulfilled
1177,ECU-300,Supplier C,TX,200,2153.25,2024-07-28,2024-08-18,2024-09-02,fulfilled
1178,TIR-300,Supplier B,NY,190,3878.75,2024-08-09,2024-08-23,2024-08-28,fulfilled
1179,PTO-300,Supplier C,CA,192,2871,2024-08-01,2024-08-22,2024-08-31,fulfilled
1180,FUE-300,Supplier E,NY,184,1687.8,2024-08-03,2024-08-19,2024-08-23,fulfilled
1181,ENG-400,Supplier A,FL,152,42400,2024-07-17,2024-08-21,2024-08-31,fulfilled
1182,TRN-400,Supplier C,CA,158,26235,2024-07-23,2024-08-25,2024-09-10,fulfilled
1183,HYD-400,Supplier E,NY,161,8996.75,2024-08-03,2024-08-27,2024-08-31,fulfilled
1184,FAX-400,Supplier D,CA,176,10070,2024-08-02,2024-08-27,2024-09-08,fulfilled
1185,RAX-400,Supplier D,TX,142,12587.5,2024-07-29,2024-08-23,2024-08-24,fulfilled
1186,CAB-400,Supplier C,TX,160,18364.5,2024-07-24,2024-08-24,2024-08-28,fulfilled
1187,ECU-400,Supplier A,FL,150,3975,2024-08-03,2024-08-21,2024-08-30,fulfilled
1188,TIR-400,Supplier D,IL,148,6293.75,2024-08-10,2024-08-27,2024-09-04,fulfilled
1189,PTO-400,Supplier C,NY,158,5247,2024-07-28,2024-08-18,2024-08-18,fulfilled
1190,FUE-400,Supplier A,IL,154,3180,2024-08-03,2024-08-22,2024-09-01,fulfilled
1191,ENG-500,Supplier B,NY,143,82176,2024-07-13,2024-08-20,2024-08-25,fulfilled
1192,TRN-500,Supplier B,NY,134,51360,2024-07-26,2024-08-25,2024-08-28,fulfilled
1193,HYD-500,Supplier C,IL,134,16632,2024-07-30,2024-08-20,2024-08-31,fulfilled
1194,FAX-500,Supplier A,CA,125,19200,2024-07-27,2024-08-24,2024-08-25,fulfilled
1195,RAX-500,Supplier B,TX,139,25680,2024-07-28,2024-08-25,2024-09-11,fulfilled
1196,CAB-500,Supplier C,NY,127,33264,2024-07-23,2024-08-23,2024-09-06,fulfilled
1197,ECU-500,Supplier E,CA,148,6984,2024-08-03,2024-08-27,2024-09-18,fulfilled
1198,TIR-500,Supplier B,FL,145,12840,2024-08-03,2024-08-17,2024-08-23,fulfilled
1199,PTO-500,Supplier C,IL,141,9504,2024-08-02,2024-08-23,2024-09-21,fulfilled
1200,FUE-500,Supplier B,NY,143,6163.2,2024-07-29,2024-08-20,2024-08-28,fulfilled
1201,ENG-100,Supplier B,CA,140,4793.6,2024-08-15,2024-09-22,2024-09-29,fulfilled
1202,TRN-100,Supplier E,IL,140,2716,2024-08-16,2024-09-21,2024-10-13,fulfilled
1203,HYD-100,Supplier C,CA,141,970.2,2024-08-31,2024-09-21,2024-10-20,fulfilled
1204,FAX-100,Supplier A,NY,154,1120,2024-08-26,2024-09-23,2024-09-30,fulfilled
1205,RAX-100,Supplier D,TX,133,1330,2024-08-24,2024-09-18,2024-09-29,fulfilled
1206,CAB-100,Supplier E,FL,140,1901.2,2024-08-19,2024-09-16,2024-09-27,fulfilled
1207,ECU-100,Supplier C,TX,140,415.8,2024-09-05,2024-09-26,2024-10-13,fulfilled
1208,TIR-100,Supplier B,IL,144,749,2024-09-09,2024-09-23,2024-10-07,fulfilled
1209,PTO-100,Supplier C,TX,132,554.4,2024-08-31,2024-09-21,2024-09-25,fulfilled
1210,FUE-100,Supplier A,FL,139,336,2024-08-28,2024-09-16,2024-09-27,fulfilled
1211,ENG-200,Supplier D,TX,90,8816,2024-08-12,2024-09-22,2024-10-01,fulfilled
1212,TRN-200,Supplier C,CA,94,5742,2024-08-20,2024-09-22,2024-09-24,fulfilled
1213,HYD-200,Supplier C,CA,102,2009.7,2024-09-04,2024-09-25,2024-10-04,fulfilled
1214,FAX-200,Supplier A,NY,91,2320,2024-08-29,2024-09-26,2024-10-13,fulfilled
1215,RAX-200,Supplier B,CA,96,3103,2024-08-19,2024-09-16,2024-09-27,fulfilled
1216,CAB-200,Supplier C,TX,104,4019.4,2024-08-21,2024-09-21,2024-10-13,fulfilled
1217,ECU-200,Supplier C,CA,99,861.3,2024-08-31,2024-09-21,2024-10-15,fulfilled
1218,TIR-200,Supplier B,CA,98,1551.5,2024-09-07,2024-09-21,2024-09-28,fulfilled
1219,PTO-200,Supplier C,TX,102,1148.4,2024-08-28,2024-09-18,2024-10-06,fulfilled
1220,FUE-200,Supplier E,NY,95,675.12,2024-09-08,2024-09-24,2024-10-02,fulfilled
1221,ENG-300,Supplier A,FL,138,23200,2024-08-17,2024-09-21,2024-09-30,fulfilled
1222,TRN-300,Supplier B,FL,131,15515,2024-08-19,2024-09-18,2024-09-27,fulfilled
1223,HYD-300,Supplier E,CA,126,4922.75,2024-08-30,2024-09-23,2024-10-21,fulfilled
1224,FAX-300,Supplier A,IL,123,5800,2024-08-26,2024-09-23,2024-10-15,fulfilled
1225,RAX-300,Supplier B,TX,124,7757.5,2024-08-29,2024-09-26,2024-10-05,fulfilled
1226,CAB-300,Supplier E,NY,147,9845.5,2024-08-20,2024-09-17,2024-10-12,fulfilled
1227,ECU-300,Supplier A,FL,128,2175,2024-09-08,2024-09-26,2024-10-24,fulfilled
1228,TIR-300,Supplier B,CA,120,3878.75,2024-09-03,2024-09-17,2024-09-18,fulfilled
1229,PTO-300,Supplier D,FL,131,2755,2024-08-29,2024-09-22,2024-09-26,fulfilled
1230,FUE-300,Supplier A,FL,134,1740,2024-09-04,2024-09-23,2024-10-03,fulfilled
1231,ENG-400,Supplier A,TX,119,42400,2024-08-14,2024-09-18,2024-10-12,fulfilled
1232,TRN-400,Supplier E,IL,105,25705,2024-08-16,2024-09-21,2024-10-19,fulfilled
1233,HYD-400,Supplier E,IL,116,8996.75,2024-08-24,2024-09-17,2024-09-20,fulfilled
1234,FAX-400,Supplier D,FL,105,10070,2024-08-26,2024-09-20,2024-09-20,fulfilled
1235,RAX-400,Supplier D,CA,116,12587.5,2024-08-27,2024-09-21,2024-09-22,fulfilled
1236,CAB-400,Supplier E,FL,124,17993.5,2024-08-26,2024-09-23,2024-10-03,fulfilled
1237,ECU-400,Supplier C,IL,118,3935.25,2024-09-04,2024-09-25,2024-09-27,fulfilled
1238,TIR-400,Supplier D,IL,107,6293.75,2024-09-06,2024-09-23,2024-10-11,fulfilled
1239,PTO-400,Supplier C,FL,121,5247,2024-08-26,2024-09-16,2024-09-16,fulfilled
1240,FUE-400,Supplier A,FL,109,3180,2024-09-07,2024-09-26,2024-09-27,fulfilled
1241,ENG-500,Supplier A,NY,178,76800,2024-08-20,2024-09-24,2024-10-16,fulfilled
1242,TRN-500,Supplier E,TX,151,46560,2024-08-19,2024-09-24,2024-09-29,fulfilled
1243,HYD-500,Supplier C,CA,168,16632,2024-08-30,2024-09-20,2024-10-01,fulfilled
1244,FAX-500,Supplier A,IL,156,19200,2024-08-21,2024-09-18,2024-09-26,fulfilled
1245,RAX-500,Supplier D,NY,169,22800,2024-08-23,2024-09-17,2024-10-13,fulfilled
1246,CAB-500,Supplier E,IL,166,32592,2024-08-23,2024-09-20,2024-10-10,fulfilled
1247,ECU-500,Supplier C,IL,149,7128,2024-09-05,2024-09-26,2024-10-11,fulfilled
1248,TIR-500,Supplier B,FL,161,12840,2024-09-03,2024-09-17,2024-09-23,fulfilled
1249,PTO-500,Supplier C,TX,164,9504,2024-09-03,2024-09-24,2024-09-27,fulfilled
1250,FUE-500,Supplier E,NY,167,5587.2,2024-09-03,2024-09-19,2024-09-21,fulfilled
1251,ENG-100,Supplier A,TX,120,4480,2024-09-16,2024-10-21,2024-10-28,fulfilled
1252,TRN-100,Supplier B,TX,111,2996,2024-09-19,2024-10-19,2024-10-27,fulfilled
1253,HYD-100,Supplier C,TX,133,970.2,2024-09-28,2024-10-19,2024-10-29,fulfilled
1254,FAX-100,Supplier A,TX,130,1120,2024-09-22,2024-10-20,2024-11-06,fulfilled
1255,RAX-100,Supplier D,IL,115,1330,2024-10-02,2024-10-27,2024-11-03,fulfilled
1256,CAB-100,Supplier E,FL,114,1901.2,2024-09-22,2024-10-20,2024-10-27,fulfilled
1257,ECU-100,Supplier C,IL,113,415.8,2024-10-06,2024-10-27,2024-11-11,fulfilled
1258,TIR-100,Supplier B,FL,116,749,2024-10-13,2024-10-27,2024-11-03,fulfilled
1259,PTO-100,Supplier C,IL,114,554.4,2024-09-27,2024-10-18,2024-10-23,fulfilled
1260,FUE-100,Supplier E,CA,103,325.92,2024-10-05,2024-10-21,2024-10-23,fulfilled
1261,ENG-200,Supplier A,TX,93,9280,2024-09-21,2024-10-26,2024-11-13,fulfilled
1262,TRN-200,Supplier C,TX,87,5742,2024-09-18,2024-10-21,2024-11-16,fulfilled
1263,HYD-200,Supplier C,CA,87,2009.7,2024-09-27,2024-10-18,2024-11-13,fulfilled
1264,FAX-200,Supplier A,CA,93,2320,2024-09-27,2024-10-25,2024-10-28,fulfilled
1265,RAX-200,Supplier B,IL,91,3103,2024-09-28,2024-10-26,2024-11-11,fulfilled
1266,CAB-200,Supplier E,NY,94,3938.2,2024-09-22,2024-10-20,2024-11-14,fulfilled
1267,ECU-200,Supplier C,IL,91,861.3,2024-09-26,2024-10-17,2024-11-12,fulfilled
1268,TIR-200,Supplier D,NY,89,1377.5,2024-10-02,2024-10-19,2024-10-19,fulfilled
1269,PTO-200,Supplier C,CA,89,1148.4,2024-10-01,2024-10-22,2024-10-30,fulfilled
1270,FUE-200,Supplier E,CA,98,675.12,2024-10-05,2024-10-21,2024-11-10,fulfilled
1271,ENG-300,Supplier B,IL,77,24824,2024-09-16,2024-10-24,2024-11-03,fulfilled
1272,TRN-300,Supplier C,FL,87,14355,2024-09-22,2024-10-25,2024-11-13,fulfilled
1273,HYD-300,Supplier C,TX,88,5024.25,2024-10-06,2024-10-27,2024-11-12,fulfilled
1274,FAX-300,Supplier A,IL,87,5800,2024-09-24,2024-10-22,2024-10-24,fulfilled
1275,RAX-300,Supplier D,IL,86,6887.5,2024-09-29,2024-10-24,2024-11-19,fulfilled
1276,CAB-300,Supplier E,NY,91,9845.5,2024-09-27,2024-10-25,2024-11-07,fulfilled
1277,ECU-300,Supplier A,IL,91,2175,2024-10-03,2024-10-21,2024-10-27,fulfilled
1278,TIR-300,Supplier B,CA,88,3878.75,2024-10-03,2024-10-17,2024-10-24,fulfilled
1279,PTO-300,Supplier C,FL,79,2871,2024-10-03,2024-10-24,2024-11-01,fulfilled
1280,FUE-300,Supplier E,TX,84,1687.8,2024-10-02,2024-10-18,2024-11-03,fulfilled
1281,ENG-400,Supplier A,CA,106,42400,2024-09-18,2024-10-23,2024-11-12,fulfilled
1282,TRN-400,Supplier B,FL,98,28355,2024-09-21,2024-10-21,2024-11-03,fulfilled
1283,HYD-400,Supplier A,IL,102,9275,2024-09-30,2024-10-27,2024-11-23,fulfilled
1284,FAX-400,Supplier A,TX,100,10600,2024-09-28,2024-10-26,2024-11-07,fulfilled
1285,RAX-400,Supplier B,FL,99,14177.5,2024-09-20,2024-10-18,2024-10-28,fulfilled
1286,CAB-400,Supplier E,IL,99,17993.5,2024-09-21,2024-10-19,2024-11-05,fulfilled
1287,ECU-400,Supplier C,FL,106,3935.25,2024-09-26,2024-10-17,2024-11-09,fulfilled
1288,TIR-400,Supplier B,FL,94,7088.75,2024-10-04,2024-10-18,2024-10-27,fulfilled
1289,PTO-400,Supplier D,TX,108,5035,2024-09-24,2024-10-18,2024-11-03,fulfilled
1290,FUE-400,Supplier A,TX,98,3180,2024-10-04,2024-10-23,2024-10-24,fulfilled
1291,ENG-500,Supplier A,CA,130,76800,2024-09-21,2024-10-26,2024-10-28,fulfilled
1292,TRN-500,Supplier E,IL,140,46560,2024-09-19,2024-10-25,2024-11-05,fulfilled
1293,HYD-500,Supplier C,NY,123,16632,2024-09-28,2024-10-19,2024-11-11,fulfilled
1294,FAX-500,Supplier D,FL,140,18240,2024-09-30,2024-10-25,2024-10-25,fulfilled
1295,RAX-500,Supplier D,CA,128,22800,2024-10-01,2024-10-26,2024-11-08,fulfilled
1296,CAB-500,Supplier E,TX,122,32592,2024-09-29,2024-10-27,2024-11-13,fulfilled
1297,ECU-500,Supplier A,CA,118,7200,2024-10-01,2024-10-19,2024-11-05,fulfilled
1298,TIR-500,Supplier B,NY,118,12840,2024-10-13,2024-10-27,2024-11-03,fulfilled
1299,PTO-500,Supplier C,TX,125,9504,2024-10-04,2024-10-25,2024-11-03,fulfilled
1300,FUE-500,Supplier E,TX,123,5587.2,2024-10-07,2024-10-23,2024-11-15,fulfilled
1301,ENG-100,Supplier D,FL,118,4256,2024-10-13,2024-11-23,2024-12-15,fulfilled
1302,TRN-100,Supplier C,FL,118,2772,2024-10-22,2024-11-24,2024-12-11,fulfilled
1303,HYD-100,Supplier E,FL,114,950.6,2024-10-27,2024-11-20,2024-12-09,fulfilled
1304,FAX-100,Supplier D,TX,113,1064,2024-11-01,2024-11-26,2024-12-11,fulfilled
1305,RAX-100,Supplier D,IL,120,1330,2024-10-30,2024-11-24,2024-12-19,fulfilled
1306,CAB-100,Supplier C,CA,119,1940.4,2024-10-26,2024-11-26,2024-12-08,fulfilled
1307,ECU-100,Supplier E,FL,119,407.4,2024-10-26,2024-11-19,2024-11-30,fulfilled
1308,TIR-100,Supplier D,TX,115,665,2024-11-06,2024-11-23,2024-12-15,fulfilled
1309,PTO-100,Supplier D,NY,114,532,2024-11-02,2024-11-26,2024-12-07,fulfilled
1310,FUE-100,Supplier E,IL,127,325.92,2024-11-03,2024-11-19,2024-12-01,fulfilled
1311,ENG-200,Supplier B,TX,135,9929.6,2024-10-14,2024-11-21,2024-11-30,fulfilled
1312,TRN-200,Supplier B,CA,153,6206,2024-10-25,2024-11-24,2024-12-01,fulfilled
1313,HYD-200,Supplier C,NY,155,2009.7,2024-10-29,2024-11-19,2024-12-12,fulfilled
1314,FAX-200,Supplier A,TX,156,2320,2024-10-29,2024-11-26,2024-12-21,fulfilled
1315,RAX-200,Supplier B,NY,163,3103,2024-10-26,2024-11-23,2024-12-06,fulfilled
1316,CAB-200,Supplier E,CA,164,3938.2,2024-10-23,2024-11-20,2024-12-09,fulfilled
1317,ECU-200,Supplier A,NY,168,870,2024-10-29,2024-11-16,2024-12-02,fulfilled
1318,TIR-200,Supplier B,TX,138,1551.5,2024-11-05,2024-11-19,2024-11-29,fulfilled
1319,PTO-200,Supplier C,IL,144,1148.4,2024-11-01,2024-11-22,2024-12-15,fulfilled
1320,FUE-200,Supplier E,FL,159,675.12,2024-11-03,2024-11-19,2024-11-30,fulfilled
1321,ENG-300,Supplier B,CA,121,24824,2024-10-19,2024-11-26,2024-12-12,fulfilled
1322,TRN-300,Supplier B,CA,132,15515,2024-10-17,2024-11-16,2024-12-03,fulfilled
1323,HYD-300,Supplier E,FL,117,4922.75,2024-10-26,2024-11-19,2024-11-21,fulfilled
1324,FAX-300,Supplier A,TX,125,5800,2024-10-25,2024-11-22,2024-12-15,fulfilled
1325,RAX-300,Supplier B,NY,120,7757.5,2024-10-29,2024-11-26,2024-12-08,fulfilled
1326,CAB-300,Supplier E,CA,116,9845.5,2024-10-21,2024-11-18,2024-11-26,fulfilled
1327,ECU-300,Supplier C,TX,137,2153.25,2024-11-05,2024-11-26,2024-12-10,fulfilled
1328,TIR-300,Supplier B,TX,118,3878.75,2024-11-07,2024-11-21,2024-11-27,fulfilled
1329,PTO-300,Supplier C,TX,117,2871,2024-11-04,2024-11-25,2024-12-18,fulfilled
1330,FUE-300,Supplier E,TX,112,1687.8,2024-11-08,2024-11-24,2024-12-11,fulfilled
1331,ENG-400,Supplier D,NY,105,40280,2024-10-10,2024-11-20,2024-12-11,fulfilled
1332,TRN-400,Supplier B,NY,102,28355,2024-10-20,2024-11-19,2024-11-19,fulfilled
1333,HYD-400,Supplier A,TX,98,9275,2024-10-25,2024-11-21,2024-12-07,fulfilled
1334,FAX-400,Supplier D,IL,107,10070,2024-10-22,2024-11-16,2024-12-03,fulfilled
1335,RAX-400,Supplier D,TX,109,12587.5,2024-11-01,2024-11-26,2024-12-24,fulfilled
1336,CAB-400,Supplier C,TX,111,18364.5,2024-10-22,2024-11-22,2024-12-11,fulfilled
1337,ECU-400,Supplier C,TX,97,3935.25,2024-11-03,2024-11-24,2024-12-08,fulfilled
1338,TIR-400,Supplier B,IL,103,7088.75,2024-11-02,2024-11-16,2024-11-21,fulfilled
1339,PTO-400,Supplier C,TX,115,5247,2024-10-29,2024-11-19,2024-11-19,fulfilled
1340,FUE-400,Supplier E,CA,111,3084.6,2024-11-05,2024-11-21,2024-12-03,fulfilled
1341,ENG-500,Supplier D,IL,86,72960,2024-10-07,2024-11-17,2024-11-23,fulfilled
1342,TRN-500,Supplier C,NY,74,47520,2024-10-17,2024-11-19,2024-12-02,fulfilled
1343,HYD-500,Supplier E,IL,81,16296,2024-10-23,2024-11-16,2024-11-22,fulfilled
1344,FAX-500,Supplier A,NY,87,19200,2024-10-24,2024-11-21,2024-11-22,fulfilled
1345,RAX-500,Supplier D,IL,75,22800,2024-10-31,2024-11-25,2024-12-29,fulfilled
1346,CAB-500,Supplier C,TX,77,33264,2024-10-25,2024-11-25,2024-12-20,fulfilled
1347,ECU-500,Supplier E,TX,84,6984,2024-10-23,2024-11-16,2024-12-13,fulfilled
1348,TIR-500,Supplier D,FL,74,11400,2024-11-09,2024-11-26,2024-12-11,fulfilled
1349,PTO-500,Supplier C,NY,84,9504,2024-10-29,2024-11-19,2024-12-09,fulfilled
1350,FUE-500,Supplier E,NY,85,5587.2,2024-11-04,2024-11-20,2024-12-07,fulfilled
1351,ENG-100,Supplier B,CA,117,4793.6,2024-11-09,2024-12-17,2024-12-24,fulfilled
1352,TRN-100,Supplier B,IL,131,2996,2024-11-26,2024-12-26,2024-12-31,fulfilled
1353,HYD-100,Supplier C,NY,110,970.2,2024-12-01,2024-12-22,2025-01-17,fulfilled
1354,FAX-100,Supplier A,NY,116,1120,2024-11-26,2024-12-24,2024-12-24,fulfilled
1355,RAX-100,Supplier D,FL,109,1330,2024-11-25,2024-12-20,2025-01-11,fulfilled
1356,CAB-100,Supplier E,FL,119,1901.2,2024-11-19,2024-12-17,2024-12-24,fulfilled
1357,ECU-100,Supplier A,FL,116,420,2024-12-05,2024-12-23,2024-12-26,fulfilled
1358,TIR-100,Supplier B,NY,131,749,2024-12-04,2024-12-18,2024-12-19,fulfilled
1359,PTO-100,Supplier C,CA,122,554.4,2024-12-04,2024-12-25,2025-01-08,fulfilled
1360,FUE-100,Supplier E,IL,122,325.92,2024-12-07,2024-12-23,2024-12-25,fulfilled
1361,ENG-200,Supplier B,CA,97,9929.6,2024-11-13,2024-12-21,2024-12-30,fulfilled
1362,TRN-200,Supplier B,NY,90,6206,2024-11-18,2024-12-18,2024-12-23,fulfilled
1363,HYD-200,Supplier A,TX,104,2030,2024-11-29,2024-12-26,2025-01-11,fulfilled
1364,FAX-200,Supplier D,NY,101,2204,2024-12-02,2024-12-27,2025-01-10,fulfilled
1365,RAX-200,Supplier B,CA,93,3103,2024-11-27,2024-12-25,2025-01-08,fulfilled
1366,CAB-200,Supplier C,IL,95,4019.4,2024-11-25,2024-12-26,2025-01-06,fulfilled
1367,ECU-200,Supplier C,TX,88,861.3,2024-12-01,2024-12-22,2025-01-07,fulfilled
1368,TIR-200,Supplier D,CA,99,1377.5,2024-12-04,2024-12-21,2025-01-26,fulfilled
1369,PTO-200,Supplier D,TX,96,1102,2024-12-03,2024-12-27,2025-01-07,fulfilled
1370,FUE-200,Supplier E,NY,99,675.12,2024-12-09,2024-12-25,2025-01-03,fulfilled
1371,ENG-300,Supplier A,TX,109,23200,2024-11-21,2024-12-26,2025-01-19,fulfilled
1372,TRN-300,Supplier B,NY,102,15515,2024-11-18,2024-12-18,2024-12-31,fulfilled
1373,HYD-300,Supplier C,IL,112,5024.25,2024-11-30,2024-12-21,2025-01-08,fulfilled
1374,FAX-300,Supplier D,NY,111,5510,2024-12-01,2024-12-26,2025-01-08,fulfilled
1375,RAX-300,Supplier B,FL,115,7757.5,2024-11-19,2024-12-17,2025-01-02,fulfilled
1376,CAB-300,Supplier E,TX,112,9845.5,2024-11-24,2024-12-22,2025-01-12,fulfilled
1377,ECU-300,Supplier C,IL,125,2153.25,2024-12-06,2024-12-27,2025-01-15,fulfilled
1378,TIR-300,Supplier D,NY,105,3443.75,2024-12-05,2024-12-22,2024-12-26,fulfilled
1379,PTO-300,Supplier D,TX,110,2755,2024-11-27,2024-12-21,2024-12-24,fulfilled
1380,FUE-300,Supplier E,CA,123,1687.8,2024-12-07,2024-12-23,2025-01-15,fulfilled
1381,ENG-400,Supplier D,TX,128,40280,2024-11-07,2024-12-18,2024-12-18,fulfilled
1382,TRN-400,Supplier C,NY,157,26235,2024-11-16,2024-12-19,2024-12-29,fulfilled
1383,HYD-400,Supplier E,CA,139,8996.75,2024-11-29,2024-12-23,2025-01-06,fulfilled
1384,FAX-400,Supplier D,NY,143,10070,2024-11-28,2024-12-23,2025-01-30,fulfilled
1385,RAX-400,Supplier D,NY,144,12587.5,2024-11-22,2024-12-17,2024-12-25,fulfilled
1386,CAB-400,Supplier C,NY,146,18364.5,2024-11-18,2024-12-19,2024-12-19,fulfilled
1387,ECU-400,Supplier A,FL,136,3975,2024-11-30,2024-12-18,2024-12-22,fulfilled
1388,TIR-400,Supplier D,CA,161,6293.75,2024-12-02,2024-12-19,2025-01-24,fulfilled
1389,PTO-400,Supplier D,FL,142,5035,2024-11-28,2024-12-22,2024-12-30,fulfilled
1390,FUE-400,Supplier E,NY,149,3084.6,2024-12-04,2024-12-20,2025-01-01,fulfilled
1391,ENG-500,Supplier B,IL,110,82176,2024-11-13,2024-12-21,2025-01-04,fulfilled
1392,TRN-500,Supplier C,FL,124,47520,2024-11-15,2024-12-18,2025-01-04,fulfilled
1393,HYD-500,Supplier C,NY,117,16632,2024-11-27,2024-12-18,2025-01-15,fulfilled
1394,FAX-500,Supplier D,FL,102,18240,2024-12-01,2024-12-26,2024-12-30,fulfilled
1395,RAX-500,Supplier B,NY,121,25680,2024-11-21,2024-12-19,2024-12-24,fulfilled
1396,CAB-500,Supplier C,NY,116,33264,2024-11-26,2024-12-27,2024-12-31,fulfilled
1397,ECU-500,Supplier A,TX,108,7200,2024-12-03,2024-12-21,2024-12-30,fulfilled
1398,TIR-500,Supplier B,TX,111,12840,2024-12-09,2024-12-23,2024-12-25,fulfilled
1399,PTO-500,Supplier D,IL,125,9120,2024-12-02,2024-12-26,2025-01-29,fulfilled
1400,FUE-500,Supplier E,CA,106,5587.2,2024-12-09,2024-12-25,2025-01-11,fulfilled
1401,ENG-100,Supplier A,TX,119,4480,2024-12-19,2025-01-23,2025-02-04,fulfilled
1402,TRN-100,Supplier B,IL,114,2996,2024-12-22,2025-01-21,2025-01-25,fulfilled
1403,HYD-100,Supplier C,TX,113,970.2,2025-01-04,2025-01-25,2025-02-08,fulfilled
1404,FAX-100,Supplier D,CA,119,1064,2025-01-02,2025-01-27,2025-02-13,fulfilled
1405,RAX-100,Supplier B,FL,132,1498,2024-12-29,2025-01-26,2025-02-11,fulfilled
1406,CAB-100,Supplier E,NY,114,1901.2,2024-12-20,2025-01-17,2025-02-06,fulfilled
1407,ECU-100,Supplier E,TX,126,407.4,2024-12-25,2025-01-18,2025-01-26,fulfilled
1408,TIR-100,Supplier D,NY,111,665,2025-01-04,2025-01-21,2025-02-04,fulfilled
1409,PTO-100,Supplier D,NY,127,532,2025-01-02,2025-01-26,2025-02-13,fulfilled
1410,FUE-100,Supplier E,TX,125,325.92,2025-01-04,2025-01-20,2025-01-27,fulfilled
1411,ENG-200,Supplier A,NY,92,9280,2024-12-22,2025-01-26,2025-02-23,fulfilled
1412,TRN-200,Supplier C,NY,80,5742,2024-12-20,2025-01-22,2025-01-29,fulfilled
1413,HYD-200,Supplier C,TX,87,2009.7,2025-01-05,2025-01-26,2025-01-29,fulfilled
1414,FAX-200,Supplier A,CA,82,2320,2024-12-23,2025-01-20,2025-01-21,fulfilled
1415,RAX-200,Supplier B,FL,86,3103,2024-12-27,2025-01-24,2025-01-25,fulfilled
1416,CAB-200,Supplier E,FL,94,3938.2,2024-12-28,2025-01-25,2025-02-09,fulfilled
1417,ECU-200,Supplier E,FL,89,843.9,2024-12-29,2025-01-22,2025-02-08,fulfilled
1418,TIR-200,Supplier D,IL,89,1377.5,2025-01-05,2025-01-22,2025-02-03,fulfilled
1419,PTO-200,Supplier D,TX,83,1102,2024-12-26,2025-01-19,2025-02-24,fulfilled
1420,FUE-200,Supplier A,FL,78,696,2025-01-07,2025-01-26,2025-02-05,fulfilled
1421,ENG-300,Supplier A,TX,102,23200,2024-12-22,2025-01-26,2025-02-09,fulfilled
1422,TRN-300,Supplier C,IL,98,14355,2024-12-25,2025-01-27,2025-02-23,fulfilled
1423,HYD-300,Supplier C,IL,94,5024.25,2024-12-28,2025-01-18,2025-02-13,fulfilled
1424,FAX-300,Supplier A,CA,98,5800,2024-12-26,2025-01-23,2025-02-19,fulfilled
1425,RAX-300,Supplier D,CA,93,6887.5,2024-12-29,2025-01-23,2025-02-19,fulfilled
1426,CAB-300,Supplier E,IL,110,9845.5,2024-12-30,2025-01-27,2025-02-13,fulfilled
1427,ECU-300,Supplier A,CA,108,2175,2024-12-30,2025-01-17,2025-01-21,fulfilled
1428,TIR-300,Supplier D,IL,105,3443.75,2025-01-06,2025-01-23,2025-02-15,fulfilled
1429,PTO-300,Supplier C,CA,112,2871,2025-01-06,2025-01-27,2025-01-31,fulfilled
1430,FUE-300,Supplier E,TX,103,1687.8,2025-01-08,2025-01-24,2025-01-31,fulfilled
1431,ENG-400,Supplier A,CA,127,42400,2024-12-17,2025-01-21,2025-01-24,fulfilled
1432,TRN-400,Supplier B,NY,136,28355,2024-12-28,2025-01-27,2025-01-31,fulfilled
1433,HYD-400,Supplier E,NY,124,8996.75,2024-12-26,2025-01-19,2025-02-03,fulfilled
1434,FAX-400,Supplier A,TX,150,10600,2024-12-24,2025-01-21,2025-02-16,fulfilled
1435,RAX-400,Supplier D,CA,130,12587.5,2024-12-24,2025-01-18,2025-02-09,fulfilled
1436,CAB-400,Supplier C,NY,136,18364.5,2024-12-27,2025-01-27,2025-02-15,fulfilled
1437,ECU-400,Supplier C,CA,142,3935.25,2025-01-03,2025-01-24,2025-01-25,fulfilled
1438,TIR-400,Supplier B,FL,137,7088.75,2025-01-05,2025-01-19,2025-02-04,fulfilled
1439,PTO-400,Supplier D,CA,126,5035,2025-01-01,2025-01-25,2025-02-10,fulfilled
1440,FUE-400,Supplier A,NY,138,3180,2024-12-30,2025-01-18,2025-01-19,fulfilled
1441,ENG-500,Supplier D,IL,80,72960,2024-12-11,2025-01-21,2025-02-05,fulfilled
1442,TRN-500,Supplier B,FL,91,51360,2024-12-28,2025-01-27,2025-02-07,fulfilled
1443,HYD-500,Supplier E,FL,89,16296,2024-12-30,2025-01-23,2025-02-11,fulfilled
1444,FAX-500,Supplier D,NY,87,18240,2024-12-26,2025-01-20,2025-02-23,fulfilled
1445,RAX-500,Supplier B,CA,80,25680,2024-12-21,2025-01-18,2025-01-18,fulfilled
1446,CAB-500,Supplier E,IL,91,32592,2024-12-20,2025-01-17,2025-02-01,fulfilled
1447,ECU-500,Supplier A,IL,92,7200,2024-12-30,2025-01-17,2025-02-11,fulfilled
1448,TIR-500,Supplier B,TX,90,12840,2025-01-04,2025-01-18,2025-02-01,fulfilled
1449,PTO-500,Supplier C,FL,97,9504,2024-12-31,2025-01-21,2025-02-03,fulfilled
1450,FUE-500,Supplier E,IL,85,5587.2,2025-01-06,2025-01-22,2025-01-26,fulfilled
1451,ENG-100,Supplier A,TX,167,4480,2025-01-18,2025-02-22,2025-03-05,fulfilled
1452,TRN-100,Supplier B,NY,147,2996,2025-01-23,2025-02-22,2025-03-10,fulfilled
1453,HYD-100,Supplier E,TX,148,950.6,2025-01-24,2025-02-17,2025-03-15,fulfilled
1454,FAX-100,Supplier A,IL,165,1120,2025-01-21,2025-02-18,2025-03-17,fulfilled
1455,RAX-100,Supplier D,CA,152,1330,2025-01-24,2025-02-18,2025-02-27,fulfilled
1456,CAB-100,Supplier C,NY,164,1940.4,2025-01-15,2025-02-15,2025-03-05,fulfilled
1457,ECU-100,Supplier A,CA,151,420,2025-01-29,2025-02-16,2025-03-13,fulfilled
1458,TIR-100,Supplier B,CA,164,749,2025-02-03,2025-02-17,2025-02-18,fulfilled
1459,PTO-100,Supplier C,IL,168,554.4,2025-01-27,2025-02-17,2025-03-02,fulfilled
1460,FUE-100,Supplier E,FL,167,325.92,2025-02-08,2025-02-24,2025-02-27,fulfilled
1461,ENG-200,Supplier A,CA,183,9280,2025-01-10,2025-02-14,2025-03-12,fulfilled
1462,TRN-200,Supplier B,TX,205,6206,2025-01-19,2025-02-18,2025-02-22,fulfilled
1463,HYD-200,Supplier E,TX,190,1969.1,2025-01-27,2025-02-20,2025-03-12,fulfilled
1464,FAX-200,Supplier A,NY,191,2320,2025-01-21,2025-02-18,2025-03-17,fulfilled
1465,RAX-200,Supplier D,TX,187,2755,2025-01-21,2025-02-15,2025-02-23,fulfilled
1466,CAB-200,Supplier C,IL,186,4019.4,2025-01-20,2025-02-20,2025-02-21,fulfilled
1467,ECU-200,Supplier A,TX,207,870,2025-01-28,2025-02-15,2025-03-14,fulfilled
1468,TIR-200,Supplier B,TX,168,1551.5,2025-02-04,2025-02-18,2025-03-01,fulfilled
1469,PTO-200,Supplier C,CA,177,1148.4,2025-01-26,2025-02-16,2025-02-25,fulfilled
1470,FUE-200,Supplier E,FL,196,675.12,2025-02-01,2025-02-17,2025-02-20,fulfilled
1471,ENG-300,Supplier A,TX,216,23200,2025-01-17,2025-02-21,2025-03-01,fulfilled
1472,TRN-300,Supplier B,FL,212,15515,2025-01-15,2025-02-14,2025-02-28,fulfilled
1473,HYD-300,Supplier C,TX,204,5024.25,2025-01-30,2025-02-20,2025-02-23,fulfilled
1474,FAX-300,Supplier A,NY,210,5800,2025-01-20,2025-02-17,2025-02-24,fulfilled
1475,RAX-300,Supplier D,IL,189,6887.5,2025-01-30,2025-02-24,2025-03-02,fulfilled
1476,CAB-300,Supplier C,IL,215,10048.5,2025-01-24,2025-02-24,2025-03-15,fulfilled
1477,ECU-300,Supplier A,CA,209,2175,2025-01-31,2025-02-18,2025-03-10,fulfilled
1478,TIR-300,Supplier B,TX,227,3878.75,2025-01-31,2025-02-14,2025-02-18,fulfilled
1479,PTO-300,Supplier C,NY,193,2871,2025-01-25,2025-02-15,2025-03-09,fulfilled
1480,FUE-300,Supplier A,IL,209,1740,2025-01-30,2025-02-18,2025-03-08,fulfilled
1481,ENG-400,Supplier B,FL,204,45368,2025-01-12,2025-02-19,2025-02-26,fulfilled
1482,TRN-400,Supplier E,TX,162,25705,2025-01-13,2025-02-18,2025-03-04,fulfilled
1483,HYD-400,Supplier A,FL,176,9275,2025-01-22,2025-02-18,2025-02-21,fulfilled
1484,FAX-400,Supplier A,NY,174,10600,2025-01-24,2025-02-21,2025-03-09,fulfilled
1485,RAX-400,Supplier D,CA,195,12587.5,2025-01-30,2025-02-24,2025-03-09,fulfilled
1486,CAB-400,Supplier C,IL,183,18364.5,2025-01-16,2025-02-16,2025-03-05,fulfilled
1487,ECU-400,Supplier A,FL,178,3975,2025-02-02,2025-02-20,2025-02-28,fulfilled
1488,TIR-400,Supplier D,IL,176,6293.75,2025-01-29,2025-02-15,2025-03-01,fulfilled
1489,PTO-400,Supplier C,CA,181,5247,2025-01-28,2025-02-18,2025-03-04,fulfilled
1490,FUE-400,Supplier E,TX,175,3084.6,2025-02-01,2025-02-17,2025-02-18,fulfilled
1491,ENG-500,Supplier A,NY,159,76800,2025-01-17,2025-02-21,2025-03-09,fulfilled
1492,TRN-500,Supplier C,CA,151,47520,2025-01-13,2025-02-15,2025-03-04,fulfilled
1493,HYD-500,Supplier C,CA,162,16632,2025-01-25,2025-02-15,2025-03-07,fulfilled
1494,FAX-500,Supplier D,TX,156,18240,2025-01-20,2025-02-14,2025-03-04,fulfilled
1495,RAX-500,Supplier B,CA,142,25680,2025-01-24,2025-02-21,2025-02-25,fulfilled
1496,CAB-500,Supplier C,IL,158,33264,2025-01-14,2025-02-14,2025-02-15,fulfilled
1497,ECU-500,Supplier A,CA,150,7200,2025-01-30,2025-02-17,2025-03-06,fulfilled
1498,TIR-500,Supplier B,NY,134,12840,2025-02-06,2025-02-20,2025-02-20,fulfilled
1499,PTO-500,Supplier C,IL,166,9504,2025-01-27,2025-02-17,2025-03-02,fulfilled
1500,FUE-500,Supplier E,TX,145,5587.2,2025-02-06,2025-02-22,2025-02-22,fulfilled
1501,ENG-100,Supplier B,IL,216,4793.6,2025-02-16,2025-03-26,2025-04-03,fulfilled
1502,TRN-100,Supplier B,FL,250,2996,2025-02-16,2025-03-18,2025-03-26,fulfilled
1503,HYD-100,Supplier E,NY,209,950.6,2025-02-25,2025-03-21,2025-03-26,fulfilled
1504,FAX-100,Supplier D,CA,192,1064,2025-02-26,2025-03-23,2025-04-02,fulfilled
1505,RAX-100,Supplier B,CA,240,1498,2025-02-19,2025-03-19,2025-04-02,fulfilled
1506,CAB-100,Supplier E,IL,234,1901.2,2025-02-18,2025-03-18,2025-04-10,fulfilled
1507,ECU-100,Supplier E,FL,202,407.4,2025-02-27,2025-03-23,2025-04-11,fulfilled
1508,TIR-100,Supplier B,CA,213,749,2025-03-04,2025-03-18,2025-03-31,fulfilled
1509,PTO-100,Supplier D,TX,220,532,2025-02-23,2025-03-19,2025-04-02,fulfilled
1510,FUE-100,Supplier A,TX,230,336,2025-03-02,2025-03-21,2025-04-09,fulfilled
1511,ENG-200,Supplier D,IL,190,8816,2025-02-14,2025-03-27,2025-03-28,fulfilled
1512,TRN-200,Supplier E,TX,218,5626,2025-02-17,2025-03-25,2025-04-21,fulfilled
1513,HYD-200,Supplier E,NY,187,1969.1,2025-02-27,2025-03-23,2025-03-29,fulfilled
1514,FAX-200,Supplier D,CA,220,2204,2025-02-27,2025-03-24,2025-04-13,fulfilled
1515,RAX-200,Supplier D,CA,193,2755,2025-02-22,2025-03-19,2025-04-04,fulfilled
1516,CAB-200,Supplier E,IL,227,3938.2,2025-02-27,2025-03-27,2025-03-31,fulfilled
1517,ECU-200,Supplier A,CA,195,870,2025-03-08,2025-03-26,2025-03-28,fulfilled
1518,TIR-200,Supplier D,CA,183,1377.5,2025-03-10,2025-03-27,2025-04-16,fulfilled
1519,PTO-200,Supplier C,FL,202,1148.4,2025-03-06,2025-03-27,2025-04-03,fulfilled
1520,FUE-200,Supplier B,NY,212,744.72,2025-02-23,2025-03-17,2025-03-28,fulfilled
1521,ENG-300,Supplier A,FL,200,23200,2025-02-14,2025-03-21,2025-04-18,fulfilled
1522,TRN-300,Supplier B,IL,178,15515,2025-02-25,2025-03-27,2025-04-06,fulfilled
1523,HYD-300,Supplier C,IL,209,5024.25,2025-02-28,2025-03-21,2025-03-29,fulfilled
1524,FAX-300,Supplier D,CA,217,5510,2025-02-27,2025-03-24,2025-03-27,fulfilled
1525,RAX-300,Supplier B,TX,183,7757.5,2025-02-25,2025-03-25,2025-04-05,fulfilled
1526,CAB-300,Supplier E,FL,202,9845.5,2025-02-18,2025-03-18,2025-03-24,fulfilled
1527,ECU-300,Supplier A,FL,192,2175,2025-03-07,2025-03-25,2025-03-30,fulfilled
1528,TIR-300,Supplier D,CA,195,3443.75,2025-03-05,2025-03-22,2025-03-24,fulfilled
1529,PTO-300,Supplier C,TX,209,2871,2025-02-27,2025-03-20,2025-04-10,fulfilled
1530,FUE-300,Supplier E,CA,203,1687.8,2025-03-11,2025-03-27,2025-04-25,fulfilled
1531,ENG-400,Supplier A,FL,193,42400,2025-02-14,2025-03-21,2025-04-02,fulfilled
1532,TRN-400,Supplier C,NY,189,26235,2025-02-21,2025-03-26,2025-04-21,fulfilled
1533,HYD-400,Supplier C,CA,169,9182.25,2025-02-26,2025-03-19,2025-04-11,fulfilled
1534,FAX-400,Supplier D,TX,176,10070,2025-02-25,2025-03-22,2025-03-27,fulfilled
1535,RAX-400,Supplier B,CA,168,14177.5,2025-02-22,2025-03-22,2025-03-30,fulfilled
1536,CAB-400,Supplier C,NY,203,18364.5,2025-02-16,2025-03-19,2025-04-14,fulfilled
1537,ECU-400,Supplier A,TX,190,3975,2025-03-05,2025-03-23,2025-04-02,fulfilled
1538,TIR-400,Supplier B,IL,175,7088.75,2025-03-11,2025-03-25,2025-03-28,fulfilled
1539,PTO-400,Supplier C,FL,193,5247,2025-03-06,2025-03-27,2025-04-09,fulfilled
1540,FUE-400,Supplier E,TX,196,3084.6,2025-03-10,2025-03-26,2025-04-23,fulfilled
1541,ENG-500,Supplier A,NY,176,76800,2025-02-18,2025-03-25,2025-04-13,fulfilled
1542,TRN-500,Supplier E,FL,139,46560,2025-02-13,2025-03-21,2025-03-26,fulfilled
1543,HYD-500,Supplier A,FL,165,16800,2025-02-26,2025-03-25,2025-04-06,fulfilled
1544,FAX-500,Supplier D,CA,155,18240,2025-02-20,2025-03-17,2025-04-03,fulfilled
1545,RAX-500,Supplier D,NY,165,22800,2025-02-21,2025-03-18,2025-04-04,fulfilled
1546,CAB-500,Supplier C,TX,149,33264,2025-02-15,2025-03-18,2025-04-02,fulfilled
1547,ECU-500,Supplier A,IL,158,7200,2025-03-07,2025-03-25,2025-04-15,fulfilled
1548,TIR-500,Supplier B,FL,151,12840,2025-03-08,2025-03-22,2025-03-31,fulfilled
1549,PTO-500,Supplier D,CA,164,9120,2025-03-01,2025-03-25,2025-03-30,fulfilled
1550,FUE-500,Supplier E,FL,156,5587.2,2025-03-01,2025-03-17,2025-03-19,fulfilled
1551,ENG-100,Supplier A,FL,121,4480,2025-03-19,2025-04-23,2025-04-26,fulfilled
1552,TRN-100,Supplier E,CA,137,2716,2025-03-13,2025-04-18,2025-04-25,fulfilled
1553,HYD-100,Supplier E,IL,129,950.6,2025-03-24,2025-04-17,2025-04-19,fulfilled
1554,FAX-100,Supplier A,CA,134,1120,2025-03-27,2025-04-24,2025-04-26,fulfilled
1555,RAX-100,Supplier B,FL,123,1498,2025-03-25,2025-04-22,2025-05-02,fulfilled
1556,CAB-100,Supplier E,TX,116,1901.2,2025-03-24,2025-04-21,2025-05-13,fulfilled
1557,ECU-100,Supplier C,NY,136,415.8,2025-03-30,2025-04-20,2025-04-20,fulfilled
1558,TIR-100,Supplier D,TX,132,665,2025-04-06,2025-04-23,2025-05-04,fulfilled
1559,PTO-100,Supplier D,IL,120,532,2025-03-28,2025-04-21,2025-05-09,fulfilled
1560,FUE-100,Supplier A,CA,127,336,2025-04-04,2025-04-23,2025-05-20,fulfilled
1561,ENG-200,Supplier B,IL,142,9929.6,2025-03-19,2025-04-26,2025-04-26,fulfilled
1562,TRN-200,Supplier E,TX,149,5626,2025-03-12,2025-04-17,2025-04-20,fulfilled
1563,HYD-200,Supplier E,FL,141,1969.1,2025-03-25,2025-04-18,2025-04-18,fulfilled
1564,FAX-200,Supplier A,NY,144,2320,2025-03-27,2025-04-24,2025-05-20,fulfilled
1565,RAX-200,Supplier D,IL,153,2755,2025-03-23,2025-04-17,2025-04-28,fulfilled
1566,CAB-200,Supplier C,TX,158,4019.4,2025-03-25,2025-04-25,2025-05-19,fulfilled
1567,ECU-200,Supplier A,IL,146,870,2025-04-06,2025-04-24,2025-05-20,fulfilled
1568,TIR-200,Supplier D,IL,132,1377.5,2025-04-09,2025-04-26,2025-05-05,fulfilled
1569,PTO-200,Supplier C,TX,146,1148.4,2025-04-01,2025-04-22,2025-05-05,fulfilled
1570,FUE-200,Supplier E,NY,147,675.12,2025-04-06,2025-04-22,2025-05-12,fulfilled
1571,ENG-300,Supplier D,IL,127,22040,2025-03-08,2025-04-18,2025-05-14,fulfilled
1572,TRN-300,Supplier C,FL,136,14355,2025-03-16,2025-04-18,2025-05-14,fulfilled
1573,HYD-300,Supplier C,CA,131,5024.25,2025-03-26,2025-04-16,2025-04-25,fulfilled
1574,FAX-300,Supplier A,NY,137,5800,2025-03-23,2025-04-20,2025-05-18,fulfilled
1575,RAX-300,Supplier B,FL,141,7757.5,2025-03-25,2025-04-22,2025-05-02,fulfilled
1576,CAB-300,Supplier C,TX,149,10048.5,2025-03-23,2025-04-23,2025-05-19,fulfilled
1577,ECU-300,Supplier C,NY,147,2153.25,2025-04-05,2025-04-26,2025-05-25,fulfilled
1578,TIR-300,Supplier B,NY,138,3878.75,2025-04-07,2025-04-21,2025-04-26,fulfilled
1579,PTO-300,Supplier D,TX,141,2755,2025-03-23,2025-04-16,2025-05-08,fulfilled
1580,FUE-300,Supplier E,NY,131,1687.8,2025-04-07,2025-04-23,2025-05-18,fulfilled
1581,ENG-400,Supplier D,CA,180,40280,2025-03-13,2025-04-23,2025-05-11,fulfilled
1582,TRN-400,Supplier B,TX,199,28355,2025-03-18,2025-04-17,2025-04-18,fulfilled
1583,HYD-400,Supplier C,IL,196,9182.25,2025-03-30,2025-04-20,2025-04-22,fulfilled
1584,FAX-400,Supplier D,NY,192,10070,2025-03-28,2025-04-22,2025-05-15,fulfilled
1585,RAX-400,Supplier B,IL,179,14177.5,2025-03-19,2025-04-16,2025-05-02,fulfilled
1586,CAB-400,Supplier E,CA,192,17993.5,2025-03-20,2025-04-17,2025-05-12,fulfilled
1587,ECU-400,Supplier A,IL,196,3975,2025-04-02,2025-04-20,2025-05-11,fulfilled
1588,TIR-400,Supplier D,IL,175,6293.75,2025-04-07,2025-04-24,2025-04-29,fulfilled
1589,PTO-400,Supplier C,FL,189,5247,2025-03-31,2025-04-21,2025-04-25,fulfilled
1590,FUE-400,Supplier E,CA,191,3084.6,2025-04-08,2025-04-24,2025-05-01,fulfilled
1591,ENG-500,Supplier D,FL,191,72960,2025-03-08,2025-04-18,2025-04-28,fulfilled
1592,TRN-500,Supplier B,FL,196,51360,2025-03-21,2025-04-20,2025-04-29,fulfilled
1593,HYD-500,Supplier C,FL,190,16632,2025-03-31,2025-04-21,2025-05-15,fulfilled
1594,FAX-500,Supplier D,NY,187,18240,2025-03-31,2025-04-25,2025-05-05,fulfilled
1595,RAX-500,Supplier D,NY,190,22800,2025-03-25,2025-04-19,2025-05-07,fulfilled
1596,CAB-500,Supplier E,NY,203,32592,2025-03-22,2025-04-19,2025-05-11,fulfilled
1597,ECU-500,Supplier C,FL,182,7128,2025-03-26,2025-04-16,2025-04-18,fulfilled
1598,TIR-500,Supplier D,FL,194,11400,2025-04-06,2025-04-23,2025-05-20,fulfilled
1599,PTO-500,Supplier D,TX,202,9120,2025-03-27,2025-04-20,2025-05-12,fulfilled
1600,FUE-500,Supplier E,TX,215,5587.2,2025-04-02,2025-04-18,2025-05-07,fulfilled
1601,ENG-100,Supplier A,FL,113,4480,2025-04-16,2025-05-21,2025-05-24,fulfilled
1602,TRN-100,Supplier B,IL,107,2996,2025-04-18,2025-05-18,2025-05-20,fulfilled
1603,HYD-100,Supplier C,TX,111,970.2,2025-04-27,2025-05-18,2025-05-24,fulfilled
1604,FAX-100,Supplier D,CA,106,1064,2025-04-26,2025-05-21,2025-05-24,fulfilled
1605,RAX-100,Supplier B,FL,114,1498,2025-04-22,2025-05-20,2025-06-06,fulfilled
1606,CAB-100,Supplier C,TX,115,1940.4,2025-04-24,2025-05-25,2025-06-17,fulfilled
1607,ECU-100,Supplier C,CA,106,415.8,2025-04-28,2025-05-19,2025-06-07,fulfilled
1608,TIR-100,Supplier B,TX,122,749,2025-05-13,2025-05-27,2025-06-12,fulfilled
1609,PTO-100,Supplier D,NY,106,532,2025-04-30,2025-05-24,2025-06-19,fulfilled
1610,FUE-100,Supplier B,IL,110,359.52,2025-05-03,2025-05-25,2025-06-02,fulfilled
1611,ENG-200,Supplier A,FL,103,9280,2025-04-16,2025-05-21,2025-06-09,fulfilled
1612,TRN-200,Supplier B,IL,98,6206,2025-04-21,2025-05-21,2025-05-23,fulfilled
1613,HYD-200,Supplier E,FL,101,1969.1,2025-04-26,2025-05-20,2025-05-24,fulfilled
1614,FAX-200,Supplier A,FL,99,2320,2025-04-26,2025-05-24,2025-06-18,fulfilled
1615,RAX-200,Supplier D,FL,103,2755,2025-04-22,2025-05-17,2025-06-03,fulfilled
1616,CAB-200,Supplier C,TX,96,4019.4,2025-04-22,2025-05-23,2025-06-09,fulfilled
1617,ECU-200,Supplier A,CA,94,870,2025-05-05,2025-05-23,2025-06-04,fulfilled
1618,TIR-200,Supplier B,FL,96,1551.5,2025-05-05,2025-05-19,2025-05-29,fulfilled
1619,PTO-200,Supplier C,IL,93,1148.4,2025-05-02,2025-05-23,2025-06-07,fulfilled
1620,FUE-200,Supplier E,TX,96,675.12,2025-05-09,2025-05-25,2025-06-23,fulfilled
1621,ENG-300,Supplier B,IL,106,24824,2025-04-19,2025-05-27,2025-05-31,fulfilled
1622,TRN-300,Supplier B,IL,108,15515,2025-04-19,2025-05-19,2025-05-30,fulfilled
1623,HYD-300,Supplier C,CA,112,5024.25,2025-04-26,2025-05-17,2025-05-23,fulfilled
1624,FAX-300,Supplier D,TX,103,5510,2025-04-25,2025-05-20,2025-06-15,fulfilled
1625,RAX-300,Supplier D,TX,106,6887.5,2025-04-29,2025-05-24,2025-05-24,fulfilled
1626,CAB-300,Supplier E,TX,110,9845.5,2025-04-20,2025-05-18,2025-05-25,fulfilled
1627,ECU-300,Supplier C,TX,105,2153.25,2025-04-30,2025-05-21,2025-06-06,fulfilled
1628,TIR-300,Supplier D,IL,103,3443.75,2025-05-09,2025-05-26,2025-05-26,fulfilled
1629,PTO-300,Supplier C,NY,104,2871,2025-05-05,2025-05-26,2025-05-27,fulfilled
1630,FUE-300,Supplier E,FL,103,1687.8,2025-05-04,2025-05-20,2025-06-04,fulfilled
1631,ENG-400,Supplier B,CA,155,45368,2025-04-12,2025-05-20,2025-05-22,fulfilled
1632,TRN-400,Supplier B,IL,139,28355,2025-04-27,2025-05-27,2025-05-29,fulfilled
1633,HYD-400,Supplier E,FL,131,8996.75,2025-04-28,2025-05-22,2025-06-15,fulfilled
1634,FAX-400,Supplier D,TX,146,10070,2025-04-29,2025-05-24,2025-06-20,fulfilled
1635,RAX-400,Supplier D,IL,153,12587.5,2025-04-26,2025-05-21,2025-06-06,fulfilled
1636,CAB-400,Supplier C,CA,146,18364.5,2025-04-20,2025-05-21,2025-06-07,fulfilled
1637,ECU-400,Supplier C,NY,150,3935.25,2025-04-28,2025-05-19,2025-05-28,fulfilled
1638,TIR-400,Supplier B,IL,153,7088.75,2025-05-04,2025-05-18,2025-05-31,fulfilled
1639,PTO-400,Supplier D,CA,165,5035,2025-04-25,2025-05-19,2025-05-20,fulfilled
1640,FUE-400,Supplier E,NY,156,3084.6,2025-05-09,2025-05-25,2025-05-28,fulfilled
1641,ENG-500,Supplier A,FL,129,76800,2025-04-20,2025-05-25,2025-06-04,fulfilled
1642,TRN-500,Supplier E,NY,149,46560,2025-04-12,2025-05-18,2025-05-25,fulfilled
1643,HYD-500,Supplier E,IL,149,16296,2025-04-29,2025-05-23,2025-06-16,fulfilled
1644,FAX-500,Supplier A,IL,149,19200,2025-04-26,2025-05-24,2025-05-30,fulfilled
1645,RAX-500,Supplier B,IL,158,25680,2025-04-28,2025-05-26,2025-06-08,fulfilled
1646,CAB-500,Supplier E,NY,162,32592,2025-04-29,2025-05-27,2025-06-25,fulfilled
1647,ECU-500,Supplier C,TX,146,7128,2025-04-27,2025-05-18,2025-06-10,fulfilled
1648,TIR-500,Supplier B,IL,159,12840,2025-05-07,2025-05-21,2025-06-05,fulfilled
1649,PTO-500,Supplier D,NY,141,9120,2025-04-24,2025-05-18,2025-05-23,fulfilled
1650,FUE-500,Supplier A,TX,149,5760,2025-05-05,2025-05-24,2025-06-04,fulfilled
1651,ENG-100,Supplier B,FL,145,4793.6,2025-05-09,2025-06-16,2025-07-02,fulfilled
1652,TRN-100,Supplier B,CA,131,2996,2025-05-18,2025-06-17,2025-06-24,fulfilled
1653,HYD-100,Supplier C,FL,140,970.2,2025-05-27,2025-06-17,2025-07-12,fulfilled
1654,FAX-100,Supplier A,IL,139,1120,2025-05-25,2025-06-22,2025-06-29,fulfilled
1655,RAX-100,Supplier D,TX,141,1330,2025-05-25,2025-06-19,2025-06-19,fulfilled
1656,CAB-100,Supplier E,NY,131,1901.2,2025-05-26,2025-06-23,2025-06-26,fulfilled
1657,ECU-100,Supplier C,CA,147,415.8,2025-05-31,2025-06-21,2025-07-07,fulfilled
1658,TIR-100,Supplier B,CA,137,749,2025-06-05,2025-06-19,2025-06-19,fulfilled
1659,PTO-100,Supplier D,NY,128,532,2025-05-25,2025-06-18,2025-07-06,fulfilled
1660,FUE-100,Supplier A,NY,148,336,2025-06-02,2025-06-21,2025-07-10,fulfilled
1661,ENG-200,Supplier A,CA,133,9280,2025-05-16,2025-06-20,2025-06-21,fulfilled
1662,TRN-200,Supplier E,NY,122,5626,2025-05-21,2025-06-26,2025-07-04,fulfilled
1663,HYD-200,Supplier A,TX,121,2030,2025-05-25,2025-06-21,2025-06-30,fulfilled
1664,FAX-200,Supplier D,TX,125,2204,2025-05-22,2025-06-16,2025-06-21,fulfilled
1665,RAX-200,Supplier D,IL,129,2755,2025-05-23,2025-06-17,2025-07-08,fulfilled
1666,CAB-200,Supplier E,CA,134,3938.2,2025-05-27,2025-06-24,2025-06-25,fulfilled
1667,ECU-200,Supplier E,NY,121,843.9,2025-05-24,2025-06-17,2025-06-19,fulfilled
1668,TIR-200,Supplier B,CA,139,1551.5,2025-06-03,2025-06-17,2025-06-19,fulfilled
1669,PTO-200,Supplier D,TX,132,1102,2025-06-01,2025-06-25,2025-06-25,fulfilled
1670,FUE-200,Supplier E,IL,117,675.12,2025-06-09,2025-06-25,2025-06-30,fulfilled
1671,ENG-300,Supplier B,TX,123,24824,2025-05-19,2025-06-26,2025-06-30,fulfilled
1672,TRN-300,Supplier C,FL,110,14355,2025-05-20,2025-06-22,2025-07-08,fulfilled
1673,HYD-300,Supplier C,CA,129,5024.25,2025-05-31,2025-06-21,2025-07-16,fulfilled
1674,FAX-300,Supplier A,CA,123,5800,2025-05-25,2025-06-22,2025-07-09,fulfilled
1675,RAX-300,Supplier B,TX,127,7757.5,2025-05-22,2025-06-19,2025-07-03,fulfilled
1676,CAB-300,Supplier C,IL,117,10048.5,2025-05-26,2025-06-26,2025-07-12,fulfilled
1677,ECU-300,Supplier A,NY,137,2175,2025-06-08,2025-06-26,2025-07-10,fulfilled
1678,TIR-300,Supplier B,IL,129,3878.75,2025-06-06,2025-06-20,2025-07-01,fulfilled
1679,PTO-300,Supplier C,IL,118,2871,2025-05-26,2025-06-16,2025-07-12,fulfilled
1680,FUE-300,Supplier B,NY,124,1861.8,2025-06-02,2025-06-24,2025-07-02,fulfilled
1681,ENG-400,Supplier D,FL,128,40280,2025-05-09,2025-06-19,2025-07-10,fulfilled
1682,TRN-400,Supplier C,NY,118,26235,2025-05-16,2025-06-18,2025-07-14,fulfilled
1683,HYD-400,Supplier A,CA,110,9275,2025-05-24,2025-06-20,2025-07-04,fulfilled
1684,FAX-400,Supplier D,IL,112,10070,2025-05-26,2025-06-20,2025-07-10,fulfilled
1685,RAX-400,Supplier B,CA,104,14177.5,2025-05-20,2025-06-17,2025-06-25,fulfilled
1686,CAB-400,Supplier E,CA,104,17993.5,2025-05-19,2025-06-16,2025-06-19,fulfilled
1687,ECU-400,Supplier C,TX,117,3935.25,2025-06-02,2025-06-23,2025-07-04,fulfilled
1688,TIR-400,Supplier D,IL,120,6293.75,2025-06-06,2025-06-23,2025-06-26,fulfilled
1689,PTO-400,Supplier D,NY,125,5035,2025-05-31,2025-06-24,2025-07-23,fulfilled
1690,FUE-400,Supplier E,NY,120,3084.6,2025-06-04,2025-06-20,2025-06-25,fulfilled
1691,ENG-500,Supplier A,FL,105,76800,2025-05-21,2025-06-25,2025-07-12,fulfilled
1692,TRN-500,Supplier B,FL,119,51360,2025-05-21,2025-06-20,2025-06-29,fulfilled
1693,HYD-500,Supplier C,TX,109,16632,2025-06-05,2025-06-26,2025-07-18,fulfilled
1694,FAX-500,Supplier A,TX,113,19200,2025-05-29,2025-06-26,2025-06-29,fulfilled
1695,RAX-500,Supplier B,NY,104,25680,2025-05-23,2025-06-20,2025-06-28,fulfilled
1696,CAB-500,Supplier C,FL,97,33264,2025-05-26,2025-06-26,2025-07-24,fulfilled
1697,ECU-500,Supplier C,FL,109,7128,2025-05-28,2025-06-18,2025-07-04,fulfilled
1698,TIR-500,Supplier D,NY,105,11400,2025-06-09,2025-06-26,2025-07-04,fulfilled
1699,PTO-500,Supplier C,IL,94,9504,2025-05-29,2025-06-19,2025-07-05,fulfilled
1700,FUE-500,Supplier E,FL,110,5587.2,2025-06-04,2025-06-20,2025-07-05,fulfilled
1701,ENG-100,Supplier A,CA,114,4480,2025-06-12,2025-07-17,2025-07-26,fulfilled
1702,TRN-100,Supplier C,FL,113,2772,2025-06-19,2025-07-22,2025-08-02,fulfilled
1703,HYD-100,Supplier C,IL,121,970.2,2025-06-30,2025-07-21,2025-08-08,fulfilled
1704,FAX-100,Supplier A,TX,102,1120,2025-06-28,2025-07-26,2025-08-17,fulfilled
1705,RAX-100,Supplier B,NY,111,1498,2025-06-27,2025-07-25,2025-07-26,fulfilled
1706,CAB-100,Supplier E,NY,104,1901.2,2025-06-19,2025-07-17,2025-07-29,fulfilled
1707,ECU-100,Supplier C,CA,114,415.8,2025-06-30,2025-07-21,2025-08-12,fulfilled
1708,TIR-100,Supplier D,IL,115,665,2025-07-01,2025-07-18,2025-08-10,fulfilled
1709,PTO-100,Supplier D,FL,105,532,2025-06-30,2025-07-24,2025-08-18,fulfilled
1710,FUE-100,Supplier B,IL,93,359.52,2025-06-25,2025-07-17,2025-07-20,fulfilled
1711,ENG-200,Supplier A,TX,75,9280,2025-06-18,2025-07-23,2025-08-08,fulfilled
1712,TRN-200,Supplier C,FL,74,5742,2025-06-19,2025-07-22,2025-07-27,fulfilled
1713,HYD-200,Supplier A,TX,72,2030,2025-06-25,2025-07-22,2025-08-14,fulfilled
1714,FAX-200,Supplier D,CA,70,2204,2025-06-24,2025-07-19,2025-07-19,fulfilled
1715,RAX-200,Supplier B,FL,75,3103,2025-06-21,2025-07-19,2025-08-03,fulfilled
1716,CAB-200,Supplier C,IL,78,4019.4,2025-06-25,2025-07-26,2025-08-12,fulfilled
1717,ECU-200,Supplier C,NY,66,861.3,2025-06-29,2025-07-20,2025-08-01,fulfilled
1718,TIR-200,Supplier D,FL,83,1377.5,2025-06-30,2025-07-17,2025-07-26,fulfilled
1719,PTO-200,Supplier D,NY,71,1102,2025-06-26,2025-07-20,2025-08-13,fulfilled
1720,FUE-200,Supplier E,TX,70,675.12,2025-07-10,2025-07-26,2025-08-23,fulfilled
1721,ENG-300,Supplier B,FL,110,24824,2025-06-13,2025-07-21,2025-07-27,fulfilled
1722,TRN-300,Supplier B,TX,118,15515,2025-06-24,2025-07-24,2025-08-05,fulfilled
1723,HYD-300,Supplier E,IL,115,4922.75,2025-06-23,2025-07-17,2025-07-23,fulfilled
1724,FAX-300,Supplier D,NY,126,5510,2025-07-02,2025-07-27,2025-07-29,fulfilled
1725,RAX-300,Supplier B,IL,116,7757.5,2025-06-22,2025-07-20,2025-08-02,fulfilled
1726,CAB-300,Supplier C,CA,119,10048.5,2025-06-20,2025-07-21,2025-07-23,fulfilled
1727,ECU-300,Supplier C,CA,112,2153.25,2025-06-27,2025-07-18,2025-08-01,fulfilled
1728,TIR-300,Supplier D,CA,108,3443.75,2025-07-05,2025-07-22,2025-07-24,fulfilled
1729,PTO-300,Supplier D,FL,105,2755,2025-07-02,2025-07-26,2025-08-05,fulfilled
1730,FUE-300,Supplier A,CA,119,1740,2025-07-06,2025-07-25,2025-08-16,fulfilled
1731,ENG-400,Supplier B,NY,102,45368,2025-06-12,2025-07-20,2025-07-22,fulfilled
1732,TRN-400,Supplier C,NY,117,26235,2025-06-18,2025-07-21,2025-07-23,fulfilled
1733,HYD-400,Supplier E,IL,118,8996.75,2025-06-23,2025-07-17,2025-07-25,fulfilled
1734,FAX-400,Supplier D,TX,115,10070,2025-07-01,2025-07-26,2025-08-20,fulfilled
1735,RAX-400,Supplier B,CA,117,14177.5,2025-06-28,2025-07-26,2025-08-09,fulfilled
1736,CAB-400,Supplier C,TX,114,18364.5,2025-06-24,2025-07-25,2025-08-20,fulfilled
1737,ECU-400,Supplier E,TX,115,3855.75,2025-07-03,2025-07-27,2025-08-04,fulfilled
1738,TIR-400,Supplier D,TX,115,6293.75,2025-07-04,2025-07-21,2025-08-03,fulfilled
1739,PTO-400,Supplier C,FL,109,5247,2025-07-04,2025-07-25,2025-08-14,fulfilled
1740,FUE-400,Supplier E,TX,115,3084.6,2025-07-11,2025-07-27,2025-08-02,fulfilled
1741,ENG-500,Supplier A,TX,98,76800,2025-06-12,2025-07-17,2025-07-30,fulfilled
1742,TRN-500,Supplier B,IL,103,51360,2025-06-23,2025-07-23,2025-08-07,fulfilled
1743,HYD-500,Supplier A,NY,113,16800,2025-06-24,2025-07-21,2025-08-19,fulfilled
1744,FAX-500,Supplier A,IL,110,19200,2025-06-19,2025-07-17,2025-07-18,fulfilled
1745,RAX-500,Supplier B,CA,109,25680,2025-06-29,2025-07-27,2025-08-10,fulfilled
1746,CAB-500,Supplier C,TX,101,33264,2025-06-16,2025-07-17,2025-07-24,fulfilled
1747,ECU-500,Supplier A,NY,113,7200,2025-07-08,2025-07-26,2025-08-15,fulfilled
1748,TIR-500,Supplier B,TX,118,12840,2025-07-10,2025-07-24,2025-07-27,fulfilled
1749,PTO-500,Supplier C,TX,108,9504,2025-07-02,2025-07-23,2025-08-12,fulfilled
1750,FUE-500,Supplier A,IL,98,5760,2025-06-29,2025-07-18,2025-08-04,fulfilled
1751,ENG-100,Supplier A,IL,110,4480,2025-07-22,2025-08-26,2025-09-01,fulfilled
1752,TRN-100,Supplier C,TX,125,2772,2025-07-25,2025-08-27,2025-09-19,fulfilled
1753,HYD-100,Supplier E,CA,104,950.6,2025-07-29,2025-08-22,2025-08-28,fulfilled
1754,FAX-100,Supplier D,CA,116,1064,2025-07-31,2025-08-25,2025-09-02,fulfilled
1755,RAX-100,Supplier D,CA,112,1330,2025-07-27,2025-08-21,2025-08-25,fulfilled
1756,CAB-100,Supplier E,FL,111,1901.2,2025-07-23,2025-08-20,2025-09-01,fulfilled
1757,ECU-100,Supplier A,FL,102,420,2025-07-30,2025-08-17,2025-08-30,fulfilled
1758,TIR-100,Supplier B,CA,105,749,2025-08-12,2025-08-26,2025-08-29,fulfilled
1759,PTO-100,Supplier C,FL,121,554.4,2025-08-02,2025-08-23,2025-09-18,fulfilled
1760,FUE-100,Supplier B,CA,117,359.52,2025-08-03,2025-08-25,2025-08-31,fulfilled
1761,ENG-200,Supplier D,CA,164,8816,2025-07-10,2025-08-20,2025-09-02,fulfilled
1762,TRN-200,Supplier B,IL,144,6206,2025-07-26,2025-08-25,2025-08-25,fulfilled
1763,HYD-200,Supplier C,CA,150,2009.7,2025-08-02,2025-08-23,2025-09-06,fulfilled
1764,FAX-200,Supplier A,IL,155,2320,2025-07-25,2025-08-22,2025-08-29,fulfilled
1765,RAX-200,Supplier B,FL,140,3103,2025-07-27,2025-08-24,2025-09-07,fulfilled
1766,CAB-200,Supplier E,NY,155,3938.2,2025-07-20,2025-08-17,2025-08-17,fulfilled
1767,ECU-200,Supplier C,CA,156,861.3,2025-07-30,2025-08-20,2025-09-13,fulfilled
1768,TIR-200,Supplier B,FL,159,1551.5,2025-08-12,2025-08-26,2025-08-30,fulfilled
1769,PTO-200,Supplier D,FL,150,1102,2025-07-31,2025-08-24,2025-09-13,fulfilled
1770,FUE-200,Supplier E,NY,148,675.12,2025-08-07,2025-08-23,2025-09-03,fulfilled
1771,ENG-300,Supplier B,CA,219,24824,2025-07-16,2025-08-23,2025-08-24,fulfilled
1772,TRN-300,Supplier C,CA,195,14355,2025-07-23,2025-08-25,2025-09-06,fulfilled
1773,HYD-300,Supplier A,IL,205,5075,2025-07-21,2025-08-17,2025-08-22,fulfilled
1774,FAX-300,Supplier D,TX,190,5510,2025-07-24,2025-08-18,2025-08-31,fulfilled
1775,RAX-300,Supplier B,CA,209,7757.5,2025-07-30,2025-08-27,2025-09-04,fulfilled
1776,CAB-300,Supplier C,TX,202,10048.5,2025-07-20,2025-08-20,2025-08-30,fulfilled
1777,ECU-300,Supplier C,TX,231,2153.25,2025-08-04,2025-08-25,2025-09-08,fulfilled
1778,TIR-300,Supplier D,FL,202,3443.75,2025-08-02,2025-08-19,2025-08-31,fulfilled
1779,PTO-300,Supplier D,NY,207,2755,2025-07-31,2025-08-24,2025-09-01,fulfilled
1780,FUE-300,Supplier E,IL,189,1687.8,2025-08-10,2025-08-26,2025-09-04,fulfilled
1781,ENG-400,Supplier A,IL,156,42400,2025-07-22,2025-08-26,2025-09-02,fulfilled
1782,TRN-400,Supplier C,NY,145,26235,2025-07-17,2025-08-19,2025-09-01,fulfilled
1783,HYD-400,Supplier C,TX,145,9182.25,2025-08-03,2025-08-24,2025-09-09,fulfilled
1784,FAX-400,Supplier A,IL,157,10600,2025-07-29,2025-08-26,2025-08-26,fulfilled
1785,RAX-400,Supplier B,IL,138,14177.5,2025-07-26,2025-08-23,2025-09-04,fulfilled
1786,CAB-400,Supplier C,FL,161,18364.5,2025-07-18,2025-08-18,2025-09-07,fulfilled
1787,ECU-400,Supplier A,CA,146,3975,2025-07-31,2025-08-18,2025-08-27,fulfilled
1788,TIR-400,Supplier B,IL,168,7088.75,2025-08-12,2025-08-26,2025-09-05,fulfilled
1789,PTO-400,Supplier C,NY,154,5247,2025-08-03,2025-08-24,2025-09-07,fulfilled
1790,FUE-400,Supplier E,NY,161,3084.6,2025-08-05,2025-08-21,2025-09-01,fulfilled
1791,ENG-500,Supplier A,FL,142,76800,2025-07-17,2025-08-21,2025-09-07,fulfilled
1792,TRN-500,Supplier C,TX,137,47520,2025-07-23,2025-08-25,2025-09-11,fulfilled
1793,HYD-500,Supplier C,FL,152,16632,2025-08-04,2025-08-25,2025-08-28,fulfilled
1794,FAX-500,Supplier A,TX,144,19200,2025-07-30,2025-08-27,2025-09-11,fulfilled
1795,RAX-500,Supplier D,CA,149,22800,2025-08-01,2025-08-26,2025-09-20,fulfilled
1796,CAB-500,Supplier E,NY,145,32592,2025-07-26,2025-08-23,2025-08-23,fulfilled
1797,ECU-500,Supplier C,FL,143,7128,2025-08-01,2025-08-22,2025-09-02,fulfilled
1798,TIR-500,Supplier B,IL,143,12840,2025-08-11,2025-08-25,2025-09-01,fulfilled
1799,PTO-500,Supplier D,NY,154,9120,2025-07-30,2025-08-23,2025-08-27,fulfilled
1800,FUE-500,Supplier E,CA,138,5587.2,2025-08-07,2025-08-23,2025-08-23,fulfilled
1801,ENG-100,Supplier A,IL,160,4480,2025-08-14,2025-09-18,2025-10-10,fulfilled
1802,TRN-100,Supplier B,FL,188,2996,2025-08-26,2025-09-25,2025-09-26,fulfilled
1803,HYD-100,Supplier E,CA,181,950.6,2025-08-31,2025-09-24,2025-10-07,fulfilled
1804,FAX-100,Supplier D,CA,178,1064,2025-09-01,2025-09-26,2025-10-10,fulfilled
1805,RAX-100,Supplier D,IL,165,1330,2025-08-30,2025-09-24,2025-10-18,fulfilled
1806,CAB-100,Supplier E,CA,188,1901.2,2025-08-23,2025-09-20,2025-09-20,fulfilled
1807,ECU-100,Supplier A,FL,175,420,2025-09-04,2025-09-22,2025-10-03,fulfilled
1808,TIR-100,Supplier D,FL,174,665,2025-09-06,2025-09-23,2025-10-20,fulfilled
1809,PTO-100,Supplier C,TX,171,554.4,2025-09-04,2025-09-25,2025-10-12,fulfilled
1810,FUE-100,Supplier A,TX,160,336,2025-09-01,2025-09-20,2025-09-21,fulfilled
1811,ENG-200,Supplier A,TX,207,9280,2025-08-15,2025-09-19,2025-10-08,fulfilled
1812,TRN-200,Supplier E,TX,218,5626,2025-08-16,2025-09-21,2025-10-04,fulfilled
1813,HYD-200,Supplier C,FL,225,2009.7,2025-09-04,2025-09-25,2025-10-13,fulfilled
1814,FAX-200,Supplier A,IL,214,2320,2025-08-19,2025-09-16,2025-10-08,fulfilled
1815,RAX-200,Supplier D,NY,216,2755,2025-08-30,2025-09-24,2025-09-27,fulfilled
1816,CAB-200,Supplier C,IL,192,4019.4,2025-08-24,2025-09-24,2025-10-07,fulfilled
1817,ECU-200,Supplier A,NY,209,870,2025-09-06,2025-09-24,2025-10-19,fulfilled
1818,TIR-200,Supplier B,TX,193,1551.5,2025-09-07,2025-09-21,2025-09-28,fulfilled
1819,PTO-200,Supplier D,IL,190,1102,2025-08-29,2025-09-22,2025-10-13,fulfilled
1820,FUE-200,Supplier E,FL,232,675.12,2025-09-04,2025-09-20,2025-10-13,fulfilled
1821,ENG-300,Supplier B,IL,182,24824,2025-08-11,2025-09-18,2025-09-21,fulfilled
1822,TRN-300,Supplier B,FL,190,15515,2025-08-27,2025-09-26,2025-10-09,fulfilled
1823,HYD-300,Supplier C,CA,185,5024.25,2025-08-29,2025-09-19,2025-10-02,fulfilled
1824,FAX-300,Supplier A,CA,196,5800,2025-08-20,2025-09-17,2025-10-08,fulfilled
1825,RAX-300,Supplier D,CA,187,6887.5,2025-08-25,2025-09-19,2025-10-11,fulfilled
1826,CAB-300,Supplier C,NY,197,10048.5,2025-08-24,2025-09-24,2025-09-27,fulfilled
1827,ECU-300,Supplier C,FL,183,2153.25,2025-08-27,2025-09-17,2025-10-01,fulfilled
1828,TIR-300,Supplier B,CA,182,3878.75,2025-09-06,2025-09-20,2025-09-22,fulfilled
1829,PTO-300,Supplier C,FL,179,2871,2025-09-05,2025-09-26,2025-10-10,fulfilled
1830,FUE-300,Supplier E,IL,197,1687.8,2025-09-10,2025-09-26,2025-10-07,fulfilled
1831,ENG-400,Supplier A,CA,210,42400,2025-08-16,2025-09-20,2025-10-09,fulfilled
1832,TRN-400,Supplier E,IL,209,25705,2025-08-17,2025-09-22,2025-09-27,fulfilled
1833,HYD-400,Supplier C,IL,209,9182.25,2025-09-05,2025-09-26,2025-10-05,fulfilled
1834,FAX-400,Supplier D,FL,209,10070,2025-08-28,2025-09-22,2025-10-17,fulfilled
1835,RAX-400,Supplier B,TX,221,14177.5,2025-08-19,2025-09-16,2025-10-03,fulfilled
1836,CAB-400,Supplier C,TX,211,18364.5,2025-08-16,2025-09-16,2025-10-02,fulfilled
1837,ECU-400,Supplier E,TX,208,3855.75,2025-08-26,2025-09-19,2025-09-20,fulfilled
1838,TIR-400,Supplier D,CA,219,6293.75,2025-08-30,2025-09-16,2025-09-28,fulfilled
1839,PTO-400,Supplier C,TX,191,5247,2025-09-05,2025-09-26,2025-10-24,fulfilled
1840,FUE-400,Supplier E,FL,224,3084.6,2025-09-10,2025-09-26,2025-10-03,fulfilled
1841,ENG-500,Supplier A,TX,137,76800,2025-08-13,2025-09-17,2025-09-29,fulfilled
1842,TRN-500,Supplier B,IL,138,51360,2025-08-26,2025-09-25,2025-10-11,fulfilled
1843,HYD-500,Supplier E,IL,114,16296,2025-08-24,2025-09-17,2025-10-16,fulfilled
1844,FAX-500,Supplier D,TX,122,18240,2025-08-28,2025-09-22,2025-09-22,fulfilled
1845,RAX-500,Supplier D,IL,126,22800,2025-08-30,2025-09-24,2025-10-15,fulfilled
1846,CAB-500,Supplier E,NY,134,32592,2025-08-27,2025-09-24,2025-10-01,fulfilled
1847,ECU-500,Supplier A,CA,115,7200,2025-09-04,2025-09-22,2025-10-19,fulfilled
1848,TIR-500,Supplier D,CA,129,11400,2025-09-08,2025-09-25,2025-10-13,fulfilled
1849,PTO-500,Supplier D,FL,144,9120,2025-08-29,2025-09-22,2025-10-05,fulfilled
1850,FUE-500,Supplier E,IL,129,5587.2,2025-09-06,2025-09-22,2025-10-03,fulfilled
1851,ENG-100,Supplier A,NY,95,4480,2025-09-22,2025-10-27,2025-11-15,fulfilled
1852,TRN-100,Supplier B,TX,108,2996,2025-09-23,2025-10-23,2025-11-01,fulfilled
1853,HYD-100,Supplier C,IL,104,970.2,2025-10-01,2025-10-22,2025-11-17,fulfilled
1854,FAX-100,Supplier D,NY,115,1064,2025-09-22,2025-10-17,2025-10-18,fulfilled
1855,RAX-100,Supplier D,TX,106,1330,2025-09-25,2025-10-20,2025-11-02,fulfilled
1856,CAB-100,Supplier E,FL,106,1901.2,2025-09-27,2025-10-25,2025-11-05,fulfilled
1857,ECU-100,Supplier E,NY,115,407.4,2025-10-01,2025-10-25,2025-11-18,fulfilled
1858,TIR-100,Supplier B,TX,102,749,2025-10-12,2025-10-26,2025-11-10,fulfilled
1859,PTO-100,Supplier C,NY,108,554.4,2025-09-30,2025-10-21,2025-11-10,fulfilled
1860,FUE-100,Supplier E,NY,106,325.92,2025-10-08,2025-10-24,2025-11-08,fulfilled
1861,ENG-200,Supplier A,NY,124,9280,2025-09-17,2025-10-22,2025-10-23,fulfilled
1862,TRN-200,Supplier C,TX,102,5742,2025-09-17,2025-10-20,2025-11-15,fulfilled
1863,HYD-200,Supplier C,IL,114,2009.7,2025-09-29,2025-10-20,2025-11-09,fulfilled
1864,FAX-200,Supplier A,TX,112,2320,2025-09-21,2025-10-19,2025-11-12,fulfilled
1865,RAX-200,Supplier D,NY,107,2755,2025-09-26,2025-10-21,2025-11-01,fulfilled
1866,CAB-200,Supplier C,TX,109,4019.4,2025-09-17,2025-10-18,2025-11-12,fulfilled
1867,ECU-200,Supplier A,CA,109,870,2025-09-29,2025-10-17,2025-11-01,fulfilled
1868,TIR-200,Supplier B,TX,103,1551.5,2025-10-04,2025-10-18,2025-10-29,fulfilled
1869,PTO-200,Supplier D,IL,103,1102,2025-09-29,2025-10-23,2025-11-19,fulfilled
1870,FUE-200,Supplier E,NY,118,675.12,2025-10-03,2025-10-19,2025-11-03,fulfilled
1871,ENG-300,Supplier A,TX,136,23200,2025-09-21,2025-10-26,2025-11-22,fulfilled
1872,TRN-300,Supplier B,CA,127,15515,2025-09-21,2025-10-21,2025-11-02,fulfilled
1873,HYD-300,Supplier C,IL,116,5024.25,2025-10-04,2025-10-25,2025-10-25,fulfilled
1874,FAX-300,Supplier D,IL,138,5510,2025-09-27,2025-10-22,2025-11-08,fulfilled
1875,RAX-300,Supplier B,NY,125,7757.5,2025-09-24,2025-10-22,2025-10-28,fulfilled
1876,CAB-300,Supplier E,NY,125,9845.5,2025-09-26,2025-10-24,2025-11-10,fulfilled
1877,ECU-300,Supplier E,FL,125,2109.75,2025-10-02,2025-10-26,2025-11-08,fulfilled
1878,TIR-300,Supplier B,TX,133,3878.75,2025-10-08,2025-10-22,2025-10-24,fulfilled
1879,PTO-300,Supplier C,FL,131,2871,2025-10-06,2025-10-27,2025-11-01,fulfilled
1880,FUE-300,Supplier A,NY,130,1740,2025-10-06,2025-10-25,2025-11-23,fulfilled
1881,ENG-400,Supplier A,CA,117,42400,2025-09-19,2025-10-24,2025-11-22,fulfilled
1882,TRN-400,Supplier B,FL,105,28355,2025-09-25,2025-10-25,2025-10-26,fulfilled
1883,HYD-400,Supplier A,NY,116,9275,2025-09-21,2025-10-18,2025-10-26,fulfilled
1884,FAX-400,Supplier A,FL,102,10600,2025-09-23,2025-10-21,2025-11-15,fulfilled
1885,RAX-400,Supplier B,NY,103,14177.5,2025-09-23,2025-10-21,2025-10-23,fulfilled
1886,CAB-400,Supplier E,CA,104,17993.5,2025-09-22,2025-10-20,2025-11-16,fulfilled
1887,ECU-400,Supplier C,FL,107,3935.25,2025-10-01,2025-10-22,2025-10-30,fulfilled
1888,TIR-400,Supplier B,NY,107,7088.75,2025-10-07,2025-10-21,2025-11-06,fulfilled
1889,PTO-400,Supplier D,FL,105,5035,2025-09-30,2025-10-24,2025-11-20,fulfilled
1890,FUE-400,Supplier A,NY,99,3180,2025-09-30,2025-10-19,2025-10-28,fulfilled
1891,ENG-500,Supplier A,FL,120,76800,2025-09-16,2025-10-21,2025-11-08,fulfilled
1892,TRN-500,Supplier C,NY,119,47520,2025-09-24,2025-10-27,2025-11-17,fulfilled
1893,HYD-500,Supplier C,FL,116,16632,2025-10-02,2025-10-23,2025-10-26,fulfilled
1894,FAX-500,Supplier D,FL,120,18240,2025-09-29,2025-10-24,2025-11-10,fulfilled
1895,RAX-500,Supplier D,TX,112,22800,2025-09-24,2025-10-19,2025-10-30,fulfilled
1896,CAB-500,Supplier E,TX,117,32592,2025-09-19,2025-10-17,2025-10-17,fulfilled
1897,ECU-500,Supplier E,FL,105,6984,2025-09-26,2025-10-20,2025-10-22,fulfilled
1898,TIR-500,Supplier B,FL,119,12840,2025-10-03,2025-10-17,2025-10-24,fulfilled
1899,PTO-500,Supplier C,FL,127,9504,2025-10-01,2025-10-22,2025-11-11,fulfilled
1900,FUE-500,Supplier A,CA,103,5760,2025-10-08,2025-10-27,2025-11-02,fulfilled
1901,ENG-100,Supplier A,IL,88,4480,2025-10-18,2025-11-22,2025-12-08,fulfilled
1902,TRN-100,Supplier B,CA,97,2996,2025-10-25,2025-11-24,2025-12-11,fulfilled
1903,HYD-100,Supplier C,IL,95,970.2,2025-10-30,2025-11-20,2025-11-25,fulfilled
1904,FAX-100,Supplier A,FL,86,1120,2025-10-20,2025-11-17,2025-12-08,fulfilled
1905,RAX-100,Supplier D,FL,87,1330,2025-10-25,2025-11-19,2025-12-14,fulfilled
1906,CAB-100,Supplier C,IL,98,1940.4,2025-10-16,2025-11-16,2025-11-28,fulfilled
1907,ECU-100,Supplier A,NY,91,420,2025-11-05,2025-11-23,2025-12-07,fulfilled
1908,TIR-100,Supplier D,CA,86,665,2025-11-03,2025-11-20,2025-12-04,fulfilled
1909,PTO-100,Supplier C,FL,83,554.4,2025-11-01,2025-11-22,2025-12-15,fulfilled
1910,FUE-100,Supplier A,CA,92,336,2025-10-30,2025-11-18,2025-12-08,fulfilled
1911,ENG-200,Supplier B,IL,110,9929.6,2025-10-09,2025-11-16,2025-11-21,fulfilled
1912,TRN-200,Supplier B,FL,115,6206,2025-10-17,2025-11-16,2025-12-03,fulfilled
1913,HYD-200,Supplier C,NY,126,2009.7,2025-10-29,2025-11-19,2025-11-27,fulfilled
1914,FAX-200,Supplier A,IL,111,2320,2025-10-22,2025-11-19,2025-12-16,fulfilled
1915,RAX-200,Supplier D,NY,123,2755,2025-10-27,2025-11-21,2025-12-04,fulfilled
1916,CAB-200,Supplier E,TX,104,3938.2,2025-10-25,2025-11-22,2025-11-25,fulfilled
1917,ECU-200,Supplier A,CA,122,870,2025-11-06,2025-11-24,2025-11-28,fulfilled
1918,TIR-200,Supplier B,IL,124,1551.5,2025-11-10,2025-11-24,2025-11-25,fulfilled
1919,PTO-200,Supplier D,CA,100,1102,2025-10-28,2025-11-21,2025-12-09,fulfilled
1920,FUE-200,Supplier A,TX,115,696,2025-11-07,2025-11-26,2025-12-01,fulfilled
1921,ENG-300,Supplier A,FL,114,23200,2025-10-17,2025-11-21,2025-11-23,fulfilled
1922,TRN-300,Supplier B,NY,114,15515,2025-10-26,2025-11-25,2025-11-27,fulfilled
1923,HYD-300,Supplier C,NY,112,5024.25,2025-11-02,2025-11-23,2025-11-25,fulfilled
1924,FAX-300,Supplier D,TX,109,5510,2025-10-31,2025-11-25,2025-12-02,fulfilled
1925,RAX-300,Supplier B,CA,109,7757.5,2025-10-27,2025-11-24,2025-11-29,fulfilled
1926,CAB-300,Supplier C,CA,112,10048.5,2025-10-24,2025-11-24,2025-11-28,fulfilled
1927,ECU-300,Supplier A,NY,117,2175,2025-11-05,2025-11-23,2025-12-21,fulfilled
1928,TIR-300,Supplier D,NY,109,3443.75,2025-10-30,2025-11-16,2025-12-14,fulfilled
1929,PTO-300,Supplier C,IL,98,2871,2025-10-30,2025-11-20,2025-11-28,fulfilled
1930,FUE-300,Supplier E,TX,119,1687.8,2025-11-09,2025-11-25,2025-11-30,fulfilled
1931,ENG-400,Supplier B,IL,112,45368,2025-10-10,2025-11-17,2025-12-04,fulfilled
1932,TRN-400,Supplier B,TX,110,28355,2025-10-24,2025-11-23,2025-12-02,fulfilled
1933,HYD-400,Supplier C,IL,97,9182.25,2025-10-30,2025-11-20,2025-11-22,fulfilled
1934,FAX-400,Supplier D,IL,99,10070,2025-11-01,2025-11-26,2025-12-20,fulfilled
1935,RAX-400,Supplier B,CA,101,14177.5,2025-10-24,2025-11-21,2025-11-26,fulfilled
1936,CAB-400,Supplier C,CA,101,18364.5,2025-10-20,2025-11-20,2025-11-28,fulfilled
1937,ECU-400,Supplier A,NY,92,3975,2025-10-31,2025-11-18,2025-12-05,fulfilled
1938,TIR-400,Supplier B,NY,101,7088.75,2025-11-12,2025-11-26,2025-12-08,fulfilled
1939,PTO-400,Supplier C,CA,104,5247,2025-10-31,2025-11-21,2025-11-27,fulfilled
1940,FUE-400,Supplier E,FL,110,3084.6,2025-11-01,2025-11-17,2025-12-14,fulfilled
1941,ENG-500,Supplier A,IL,117,76800,2025-10-16,2025-11-20,2025-12-12,fulfilled
1942,TRN-500,Supplier C,TX,116,47520,2025-10-20,2025-11-22,2025-12-18,fulfilled
1943,HYD-500,Supplier C,NY,114,16632,2025-10-31,2025-11-21,2025-12-11,fulfilled
1944,FAX-500,Supplier D,NY,117,18240,2025-10-28,2025-11-22,2025-11-26,fulfilled
1945,RAX-500,Supplier D,NY,137,22800,2025-11-01,2025-11-26,2026-01-06,fulfilled
1946,CAB-500,Supplier C,TX,115,33264,2025-10-23,2025-11-23,2025-11-30,fulfilled
1947,ECU-500,Supplier C,NY,111,7128,2025-11-03,2025-11-24,2025-12-20,fulfilled
1948,TIR-500,Supplier D,NY,127,11400,2025-10-30,2025-11-16,2025-11-16,fulfilled
1949,PTO-500,Supplier D,TX,110,9120,2025-11-02,2025-11-26,2026-01-01,fulfilled
1950,FUE-500,Supplier E,NY,113,5587.2,2025-10-31,2025-11-16,2025-11-25,fulfilled
1951,ENG-100,Supplier A,CA,154,4480,2025-11-22,2025-12-27,2026-01-23,fulfilled
1952,TRN-100,Supplier C,IL,138,2772,2025-11-24,2025-12-27,2026-01-12,fulfilled
1953,HYD-100,Supplier E,NY,142,950.6,2025-11-29,2025-12-23,2026-01-08,fulfilled
1954,FAX-100,Supplier D,NY,139,1064,2025-11-22,2025-12-17,2025-12-20,fulfilled
1955,RAX-100,Supplier B,TX,138,1498,2025-11-24,2025-12-22,2025-12-31,fulfilled
1956,CAB-100,Supplier C,NY,148,1940.4,2025-11-24,2025-12-25,2026-01-20,fulfilled
1957,ECU-100,Supplier C,NY,133,415.8,2025-11-30,2025-12-21,2026-01-15,fulfilled
1958,TIR-100,Supplier B,CA,139,749,2025-12-13,2025-12-27,2026-01-13,fulfilled
1959,PTO-100,Supplier D,FL,128,532,2025-11-25,2025-12-19,2026-01-22,fulfilled
1960,FUE-100,Supplier E,IL,148,325.92,2025-12-09,2025-12-25,2026-01-07,fulfilled
1961,ENG-200,Supplier A,IL,102,9280,2025-11-16,2025-12-21,2026-01-15,fulfilled
1962,TRN-200,Supplier B,FL,102,6206,2025-11-24,2025-12-24,2026-01-10,fulfilled
1963,HYD-200,Supplier A,TX,101,2030,2025-11-23,2025-12-20,2025-12-30,fulfilled
1964,FAX-200,Supplier D,FL,110,2204,2025-11-25,2025-12-20,2026-01-14,fulfilled
1965,RAX-200,Supplier D,IL,103,2755,2025-11-27,2025-12-22,2025-12-23,fulfilled
1966,CAB-200,Supplier E,FL,115,3938.2,2025-11-22,2025-12-20,2026-01-10,fulfilled
1967,ECU-200,Supplier A,NY,103,870,2025-11-29,2025-12-17,2026-01-05,fulfilled
1968,TIR-200,Supplier B,NY,96,1551.5,2025-12-11,2025-12-25,2026-01-11,fulfilled
1969,PTO-200,Supplier C,NY,109,1148.4,2025-12-03,2025-12-24,2026-01-02,fulfilled
1970,FUE-200,Supplier E,IL,110,675.12,2025-12-02,2025-12-18,2026-01-07,fulfilled
1971,ENG-300,Supplier B,NY,87,24824,2025-11-16,2025-12-24,2026-01-10,fulfilled
1972,TRN-300,Supplier B,IL,96,15515,2025-11-23,2025-12-23,2025-12-30,fulfilled
1973,HYD-300,Supplier C,NY,79,5024.25,2025-12-04,2025-12-25,2026-01-01,fulfilled
1974,FAX-300,Supplier D,TX,82,5510,2025-11-22,2025-12-17,2025-12-24,fulfilled
1975,RAX-300,Supplier B,FL,77,7757.5,2025-11-21,2025-12-19,2025-12-27,fulfilled
1976,CAB-300,Supplier E,NY,91,9845.5,2025-11-29,2025-12-27,2026-01-09,fulfilled
1977,ECU-300,Supplier A,TX,81,2175,2025-11-29,2025-12-17,2026-01-04,fulfilled
1978,TIR-300,Supplier D,NY,86,3443.75,2025-12-10,2025-12-27,2026-02-03,fulfilled
1979,PTO-300,Supplier C,FL,90,2871,2025-12-04,2025-12-25,2026-01-19,fulfilled
1980,FUE-300,Supplier E,IL,83,1687.8,2025-12-07,2025-12-23,2026-01-19,fulfilled
1981,ENG-400,Supplier D,IL,110,40280,2025-11-16,2025-12-27,2026-02-01,fulfilled
1982,TRN-400,Supplier B,CA,111,28355,2025-11-18,2025-12-18,2025-12-25,fulfilled
1983,HYD-400,Supplier A,NY,104,9275,2025-11-21,2025-12-18,2026-01-11,fulfilled
1984,FAX-400,Supplier A,FL,101,10600,2025-11-27,2025-12-25,2026-01-19,fulfilled
1985,RAX-400,Supplier D,CA,124,12587.5,2025-11-25,2025-12-20,2026-01-27,fulfilled
1986,CAB-400,Supplier C,TX,101,18364.5,2025-11-26,2025-12-27,2026-01-24,fulfilled
1987,ECU-400,Supplier A,FL,112,3975,2025-12-05,2025-12-23,2026-01-06,fulfilled
1988,TIR-400,Supplier D,NY,113,6293.75,2025-12-05,2025-12-22,2025-12-26,fulfilled
1989,PTO-400,Supplier C,CA,105,5247,2025-12-02,2025-12-23,2026-01-16,fulfilled
1990,FUE-400,Supplier E,CA,117,3084.6,2025-12-01,2025-12-17,2026-01-02,fulfilled
1991,ENG-500,Supplier B,FL,119,82176,2025-11-09,2025-12-17,2025-12-26,fulfilled
1992,TRN-500,Supplier C,FL,111,47520,2025-11-17,2025-12-20,2026-01-08,fulfilled
1993,HYD-500,Supplier C,NY,112,16632,2025-11-29,2025-12-20,2026-01-17,fulfilled
1994,FAX-500,Supplier D,TX,107,18240,2025-11-22,2025-12-17,2025-12-20,fulfilled
1995,RAX-500,Supplier D,NY,114,22800,2025-11-24,2025-12-19,2025-12-27,fulfilled
1996,CAB-500,Supplier C,TX,117,33264,2025-11-23,2025-12-24,2025-12-31,fulfilled
1997,ECU-500,Supplier A,IL,121,7200,2025-11-29,2025-12-17,2026-01-13,fulfilled
1998,TIR-500,Supplier B,NY,115,12840,2025-12-13,2025-12-27,2025-12-30,fulfilled
1999,PTO-500,Supplier C,TX,114,9504,2025-12-04,2025-12-25,2026-01-04,fulfilled
2000,FUE-500,Supplier A,NY,114,5760,2025-12-07,2025-12-26,2026-01-14,fulfilled
2001,ENG-100,Supplier B,TX,133,4793.6,2025-12-19,2026-01-26,2026-01-30,fulfilled
2002,TRN-100,Supplier B,CA,133,2996,2025-12-20,2026-01-19,2026-01-26,fulfilled
2003,HYD-100,Supplier E,NY,135,950.6,2025-12-24,2026-01-17,2026-02-04,fulfilled
2004,FAX-100,Supplier A,IL,130,1120,2025-12-25,2026-01-22,2026-01-24,fulfilled
2005,RAX-100,Supplier B,TX,141,1498,2025-12-24,2026-01-21,2026-01-23,fulfilled
2006,CAB-100,Supplier C,CA,150,1940.4,2025-12-18,2026-01-18,2026-02-11,fulfilled
2007,ECU-100,Supplier A,FL,138,420,2026-01-04,2026-01-22,2026-02-11,fulfilled
2008,TIR-100,Supplier B,FL,151,749,2026-01-13,2026-01-27,2026-02-11,fulfilled
2009,PTO-100,Supplier D,TX,125,532,2025-12-26,2026-01-19,2026-02-16,fulfilled
2010,FUE-100,Supplier E,CA,135,325.92,2026-01-02,2026-01-18,2026-02-16,fulfilled
2011,ENG-200,Supplier A,CA,136,9280,2025-12-13,2026-01-17,2026-01-21,fulfilled
2012,TRN-200,Supplier B,TX,140,6206,2025-12-21,2026-01-20,2026-01-27,fulfilled
2013,HYD-200,Supplier E,NY,151,1969.1,2025-12-30,2026-01-23,2026-02-07,fulfilled
2014,FAX-200,Supplier A,CA,140,2320,2025-12-26,2026-01-23,2026-02-11,fulfilled
2015,RAX-200,Supplier D,NY,151,2755,2025-12-23,2026-01-17,2026-02-13,fulfilled
2016,CAB-200,Supplier C,TX,149,4019.4,2025-12-22,2026-01-22,2026-02-15,fulfilled
2017,ECU-200,Supplier A,NY,143,870,2026-01-08,2026-01-26,2026-02-22,fulfilled
2018,TIR-200,Supplier D,NY,136,1377.5,2026-01-01,2026-01-18,2026-01-26,fulfilled
2019,PTO-200,Supplier C,NY,149,1148.4,2026-01-02,2026-01-23,2026-02-14,fulfilled
2020,FUE-200,Supplier B,FL,155,744.72,2026-01-02,2026-01-24,2026-02-01,fulfilled
2021,ENG-300,Supplier A,CA,90,23200,2025-12-21,2026-01-25,2026-02-23,fulfilled
2022,TRN-300,Supplier C,IL,91,14355,2025-12-25,2026-01-27,2026-02-14,fulfilled
2023,HYD-300,Supplier E,CA,95,4922.75,2026-01-03,2026-01-27,2026-02-17,fulfilled
2024,FAX-300,Supplier A,FL,87,5800,2025-12-26,2026-01-23,2026-02-20,fulfilled
2025,RAX-300,Supplier D,FL,96,6887.5,2025-12-31,2026-01-25,2026-01-31,fulfilled
2026,CAB-300,Supplier E,TX,98,9845.5,2025-12-28,2026-01-25,2026-02-19,fulfilled
2027,ECU-300,Supplier A,NY,89,2175,2025-12-31,2026-01-18,2026-01-29,fulfilled
2028,TIR-300,Supplier B,NY,98,3878.75,2026-01-05,2026-01-19,2026-01-20,fulfilled
2029,PTO-300,Supplier C,CA,97,2871,2025-12-29,2026-01-19,2026-01-31,fulfilled
2030,FUE-300,Supplier A,CA,88,1740,2026-01-01,2026-01-20,2026-02-04,fulfilled
2031,ENG-400,Supplier A,IL,125,42400,2025-12-16,2026-01-20,2026-02-05,fulfilled
2032,TRN-400,Supplier E,TX,131,25705,2025-12-12,2026-01-17,2026-01-30,fulfilled
2033,HYD-400,Supplier C,NY,132,9182.25,2026-01-04,2026-01-25,2026-01-25,fulfilled
2034,FAX-400,Supplier D,IL,127,10070,2025-12-30,2026-01-24,2026-01-30,fulfilled
2035,RAX-400,Supplier B,CA,112,14177.5,2025-12-23,2026-01-20,2026-01-21,fulfilled
2036,CAB-400,Supplier E,CA,129,17993.5,2025-12-20,2026-01-17,2026-02-02,fulfilled
2037,ECU-400,Supplier A,CA,128,3975,2026-01-06,2026-01-24,2026-02-09,fulfilled
2038,TIR-400,Supplier D,FL,127,6293.75,2026-01-05,2026-01-22,2026-01-24,fulfilled
2039,PTO-400,Supplier D,NY,121,5035,2025-12-24,2026-01-17,2026-02-08,fulfilled
2040,FUE-400,Supplier A,TX,126,3180,2025-12-31,2026-01-19,2026-02-13,fulfilled
2041,ENG-500,Supplier A,FL,117,76800,2025-12-20,2026-01-24,2026-02-18,fulfilled
2042,TRN-500,Supplier C,CA,120,47520,2025-12-21,2026-01-23,2026-02-02,fulfilled
2043,HYD-500,Supplier C,CA,103,16632,2026-01-01,2026-01-22,2026-01-23,fulfilled
2044,FAX-500,Supplier A,CA,99,19200,2025-12-29,2026-01-26,2026-02-09,fulfilled
2045,RAX-500,Supplier D,CA,116,22800,2025-12-30,2026-01-24,2026-01-25,fulfilled
2046,CAB-500,Supplier C,CA,111,33264,2025-12-23,2026-01-23,2026-02-02,fulfilled
2047,ECU-500,Supplier E,FL,114,6984,2025-12-28,2026-01-21,2026-02-03,fulfilled
2048,TIR-500,Supplier D,CA,116,11400,2026-01-02,2026-01-19,2026-01-19,fulfilled
2049,PTO-500,Supplier D,NY,113,9120,2025-12-25,2026-01-18,2026-02-08,fulfilled
2050,FUE-500,Supplier B,TX,118,6163.2,2025-12-27,2026-01-18,2026-01-23,fulfilled
2051,ENG-100,Supplier A,FL,213,4480,2026-01-18,2026-02-22,2026-03-21,fulfilled
2052,TRN-100,Supplier B,FL,220,2996,2026-01-20,2026-02-19,2026-02-24,fulfilled
2053,HYD-100,Supplier E,TX,183,950.6,2026-01-31,2026-02-24,2026-03-21,fulfilled
2054,FAX-100,Supplier A,IL,186,1120,2026-01-21,2026-02-18,2026-03-05,fulfilled
2055,RAX-100,Supplier B,NY,207,1498,2026-01-23,2026-02-20,2026-02-25,fulfilled
2056,CAB-100,Supplier E,NY,206,1901.2,2026-01-17,2026-02-14,2026-03-06,fulfilled
2057,ECU-100,Supplier A,TX,218,420,2026-02-03,2026-02-21,2026-02-27,fulfilled
2058,TIR-100,Supplier B,NY,197,749,2026-02-04,2026-02-18,2026-02-23,fulfilled
2059,PTO-100,Supplier D,TX,181,532,2026-01-30,2026-02-23,2026-03-12,fulfilled
2060,FUE-100,Supplier E,CA,208,325.92,2026-02-04,2026-02-20,2026-03-21,fulfilled
2061,ENG-200,Supplier A,IL,188,9280,2026-01-16,2026-02-20,2026-03-15,fulfilled
2062,TRN-200,Supplier B,FL,171,6206,2026-01-18,2026-02-17,2026-02-24,fulfilled
2063,HYD-200,Supplier E,IL,178,1969.1,2026-01-26,2026-02-19,2026-03-15,fulfilled
2064,FAX-200,Supplier D,IL,182,2204,2026-01-24,2026-02-18,2026-03-02,fulfilled
2065,RAX-200,Supplier B,FL,190,3103,2026-01-23,2026-02-20,2026-02-25,fulfilled
2066,CAB-200,Supplier E,FL,182,3938.2,2026-01-19,2026-02-16,2026-03-16,fulfilled
2067,ECU-200,Supplier C,TX,194,861.3,2026-01-25,2026-02-15,2026-02-24,fulfilled
2068,TIR-200,Supplier B,CA,178,1551.5,2026-01-31,2026-02-14,2026-02-22,fulfilled
2069,PTO-200,Supplier D,IL,176,1102,2026-01-24,2026-02-17,2026-03-06,fulfilled
2070,FUE-200,Supplier E,CA,181,675.12,2026-02-07,2026-02-23,2026-03-24,fulfilled
2071,ENG-300,Supplier D,FL,208,22040,2026-01-04,2026-02-14,2026-02-25,fulfilled
2072,TRN-300,Supplier B,NY,197,15515,2026-01-24,2026-02-23,2026-03-06,fulfilled
2073,HYD-300,Supplier E,IL,202,4922.75,2026-01-28,2026-02-21,2026-02-25,fulfilled
2074,FAX-300,Supplier D,NY,234,5510,2026-01-21,2026-02-15,2026-03-12,fulfilled
2075,RAX-300,Supplier B,CA,200,7757.5,2026-01-27,2026-02-24,2026-02-25,fulfilled
2076,CAB-300,Supplier C,TX,219,10048.5,2026-01-14,2026-02-14,2026-02-28,fulfilled
2077,ECU-300,Supplier C,IL,196,2153.25,2026-02-02,2026-02-23,2026-03-18,fulfilled
2078,TIR-300,Supplier D,FL,204,3443.75,2026-01-31,2026-02-17,2026-02-21,fulfilled
2079,PTO-300,Supplier C,TX,206,2871,2026-02-02,2026-02-23,2026-03-07,fulfilled
2080,FUE-300,Supplier E,NY,196,1687.8,2026-01-31,2026-02-16,2026-02-20,fulfilled
2081,ENG-400,Supplier A,FL,182,42400,2026-01-12,2026-02-16,2026-02-18,fulfilled
2082,TRN-400,Supplier B,IL,153,28355,2026-01-17,2026-02-16,2026-02-24,fulfilled
2083,HYD-400,Supplier A,IL,166,9275,2026-01-23,2026-02-19,2026-02-27,fulfilled
2084,FAX-400,Supplier D,TX,171,10070,2026-01-26,2026-02-20,2026-03-04,fulfilled
2085,RAX-400,Supplier B,FL,161,14177.5,2026-01-27,2026-02-24,2026-03-11,fulfilled
2086,CAB-400,Supplier C,FL,172,18364.5,2026-01-24,2026-02-24,2026-03-04,fulfilled
2087,ECU-400,Supplier A,TX,167,3975,2026-02-06,2026-02-24,2026-03-16,fulfilled
2088,TIR-400,Supplier B,CA,172,7088.75,2026-02-06,2026-02-20,2026-03-05,fulfilled
2089,PTO-400,Supplier C,NY,160,5247,2026-01-27,2026-02-17,2026-03-05,fulfilled
2090,FUE-400,Supplier E,FL,162,3084.6,2026-01-30,2026-02-15,2026-02-20,fulfilled
2091,ENG-500,Supplier A,TX,134,76800,2026-01-14,2026-02-18,2026-03-17,fulfilled
2092,TRN-500,Supplier C,TX,154,47520,2026-01-13,2026-02-15,2026-03-06,fulfilled
2093,HYD-500,Supplier E,NY,153,16296,2026-01-29,2026-02-22,2026-03-08,fulfilled
2094,FAX-500,Supplier D,CA,146,18240,2026-01-20,2026-02-14,2026-03-04,fulfilled
2095,RAX-500,Supplier B,NY,143,25680,2026-01-27,2026-02-24,2026-03-06,fulfilled
2096,CAB-500,Supplier E,IL,151,32592,2026-01-20,2026-02-17,2026-02-22,fulfilled
2097,ECU-500,Supplier A,IL,169,7200,2026-02-03,2026-02-21,2026-03-14,fulfilled
2098,TIR-500,Supplier D,CA,155,11400,2026-02-04,2026-02-21,2026-02-22,fulfilled
2099,PTO-500,Supplier D,NY,168,9120,2026-01-30,2026-02-23,2026-02-24,fulfilled
2100,FUE-500,Supplier B,TX,148,6163.2,2026-01-23,2026-02-14,2026-02-19,fulfilled
2101,ENG-100,Supplier A,FL,172,4480,2026-02-12,2026-03-19,2026-04-14,fulfilled
2102,TRN-100,Supplier C,NY,170,2772,2026-02-19,2026-03-24,2026-04-21,fulfilled
2103,HYD-100,Supplier C,CA,184,970.2,2026-02-26,2026-03-19,2026-04-06,fulfilled
2104,FAX-100,Supplier D,TX,169,1064,2026-02-28,2026-03-25,2026-04-21,fulfilled
2105,RAX-100,Supplier D,NY,175,1330,2026-02-20,2026-03-17,2026-03-25,fulfilled
2106,CAB-100,Supplier E,FL,177,1901.2,2026-02-25,2026-03-25,2026-04-14,fulfilled
2107,ECU-100,Supplier A,TX,174,420,2026-03-07,2026-03-25,2026-04-15,fulfilled
2108,TIR-100,Supplier B,TX,172,749,2026-03-09,2026-03-23,2026-04-03,fulfilled
2109,PTO-100,Supplier C,FL,202,554.4,2026-03-01,2026-03-22,2026-04-15,fulfilled
2110,FUE-100,Supplier E,FL,190,325.92,2026-03-01,2026-03-17,2026-04-04,fulfilled
2111,ENG-200,Supplier A,FL,251,9280,2026-02-11,2026-03-18,2026-03-25,fulfilled
2112,TRN-200,Supplier C,CA,259,5742,2026-02-20,2026-03-25,2026-03-30,fulfilled
2113,HYD-200,Supplier A,TX,259,2030,2026-02-18,2026-03-17,2026-03-24,fulfilled
2114,FAX-200,Supplier D,FL,228,2204,2026-02-28,2026-03-25,2026-04-20,fulfilled
2115,RAX-200,Supplier D,CA,223,2755,2026-02-20,2026-03-17,2026-04-05,fulfilled
2116,CAB-200,Supplier E,CA,243,3938.2,2026-02-24,2026-03-24,2026-03-27,fulfilled
2117,ECU-200,Supplier A,TX,234,870,2026-03-04,2026-03-22,2026-04-20,fulfilled
2118,TIR-200,Supplier B,CA,236,1551.5,2026-03-05,2026-03-19,2026-03-30,fulfilled
2119,PTO-200,Supplier C,FL,241,1148.4,2026-02-28,2026-03-21,2026-04-08,fulfilled
2120,FUE-200,Supplier E,IL,244,675.12,2026-03-04,2026-03-20,2026-04-09,fulfilled
2121,ENG-300,Supplier B,TX,169,24824,2026-02-09,2026-03-19,2026-03-24,fulfilled
2122,TRN-300,Supplier C,TX,172,14355,2026-02-20,2026-03-25,2026-03-25,fulfilled
2123,HYD-300,Supplier C,CA,183,5024.25,2026-03-03,2026-03-24,2026-03-24,fulfilled
2124,FAX-300,Supplier D,TX,178,5510,2026-02-27,2026-03-24,2026-03-31,fulfilled
2125,RAX-300,Supplier B,FL,185,7757.5,2026-02-22,2026-03-22,2026-04-04,fulfilled
2126,CAB-300,Supplier C,IL,178,10048.5,2026-02-22,2026-03-25,2026-03-27,fulfilled
2127,ECU-300,Supplier C,NY,157,2153.25,2026-02-24,2026-03-17,2026-04-14,fulfilled
2128,TIR-300,Supplier B,FL,179,3878.75,2026-03-08,2026-03-22,2026-03-27,fulfilled
2129,PTO-300,Supplier D,NY,177,2755,2026-02-24,2026-03-20,2026-04-11,fulfilled
2130,FUE-300,Supplier A,FL,174,1740,2026-03-08,2026-03-27,2026-04-13,fulfilled
2131,ENG-400,Supplier A,FL,181,42400,2026-02-16,2026-03-23,2026-04-05,fulfilled
2132,TRN-400,Supplier C,TX,169,26235,2026-02-12,2026-03-17,2026-04-10,fulfilled
2133,HYD-400,Supplier C,TX,168,9182.25,2026-02-27,2026-03-20,2026-04-13,fulfilled
2134,FAX-400,Supplier A,NY,152,10600,2026-02-19,2026-03-19,2026-03-31,fulfilled
2135,RAX-400,Supplier D,IL,168,12587.5,2026-02-28,2026-03-25,2026-04-14,fulfilled
2136,CAB-400,Supplier E,FL,175,17993.5,2026-02-23,2026-03-23,2026-04-21,fulfilled
2137,ECU-400,Supplier C,NY,166,3935.25,2026-03-02,2026-03-23,2026-04-02,fulfilled
2138,TIR-400,Supplier B,CA,167,7088.75,2026-03-12,2026-03-26,2026-04-11,fulfilled
2139,PTO-400,Supplier C,FL,185,5247,2026-02-27,2026-03-20,2026-03-26,fulfilled
2140,FUE-400,Supplier E,NY,177,3084.6,2026-03-07,2026-03-23,2026-04-18,fulfilled
2141,ENG-500,Supplier A,NY,267,76800,2026-02-20,2026-03-27,2026-04-09,fulfilled
2142,TRN-500,Supplier B,NY,257,51360,2026-02-21,2026-03-23,2026-04-03,fulfilled
2143,HYD-500,Supplier A,IL,271,16800,2026-02-19,2026-03-18,2026-04-05,fulfilled
2144,FAX-500,Supplier D,IL,262,18240,2026-02-23,2026-03-20,2026-04-08,fulfilled
2145,RAX-500,Supplier D,CA,281,22800,2026-03-02,2026-03-27,2026-04-04,fulfilled
2146,CAB-500,Supplier C,TX,214,33264,2026-02-16,2026-03-19,2026-04-17,fulfilled
2147,ECU-500,Supplier A,IL,256,7200,2026-03-06,2026-03-24,2026-04-14,fulfilled
2148,TIR-500,Supplier D,IL,245,11400,2026-02-28,2026-03-17,2026-03-23,fulfilled
2149,PTO-500,Supplier C,NY,259,9504,2026-02-25,2026-03-18,2026-03-24,fulfilled
2150,FUE-500,Supplier A,FL,256,5760,2026-03-08,2026-03-27,2026-04-25,fulfilled
2151,ENG-100,Supplier A,NY,157,4480,2026-03-16,2026-04-20,2026-04-25,fulfilled
2152,TRN-100,Supplier C,IL,146,2772,2026-03-18,2026-04-20,2026-04-28,fulfilled
2153,HYD-100,Supplier A,FL,165,980,2026-03-30,2026-04-26,2026-05-06,fulfilled
2154,FAX-100,Supplier D,CA,150,1064,2026-03-29,2026-04-23,2026-04-23,fulfilled
2155,RAX-100,Supplier B,FL,152,1498,2026-03-27,2026-04-24,2026-05-11,fulfilled
2156,CAB-100,Supplier E,TX,152,1901.2,2026-03-22,2026-04-19,2026-05-10,fulfilled
2157,ECU-100,Supplier E,CA,174,407.4,2026-03-25,2026-04-18,2026-05-03,fulfilled
2158,TIR-100,Supplier B,NY,155,749,2026-04-03,2026-04-17,2026-05-01,fulfilled
2159,PTO-100,Supplier C,FL,173,554.4,2026-03-29,2026-04-19,2026-04-29,fulfilled
2160,FUE-100,Supplier E,CA,162,325.92,2026-04-04,2026-04-20,2026-05-19,fulfilled
2161,ENG-200,Supplier A,IL,179,9280,2026-03-15,2026-04-19,2026-05-06,fulfilled
2162,TRN-200,Supplier E,TX,189,5626,2026-03-20,2026-04-25,2026-05-16,fulfilled
2163,HYD-200,Supplier E,TX,167,1969.1,2026-03-29,2026-04-22,2026-05-12,fulfilled
2164,FAX-200,Supplier D,TX,214,2204,2026-03-29,2026-04-23,2026-04-25,fulfilled
2165,RAX-200,Supplier D,TX,209,2755,2026-03-26,2026-04-20,2026-05-02,fulfilled
2166,CAB-200,Supplier E,CA,190,3938.2,2026-03-24,2026-04-21,2026-05-08,fulfilled
2167,ECU-200,Supplier A,TX,202,870,2026-03-30,2026-04-17,2026-05-01,fulfilled
2168,TIR-200,Supplier B,TX,182,1551.5,2026-04-02,2026-04-16,2026-04-25,fulfilled
2169,PTO-200,Supplier C,TX,192,1148.4,2026-03-31,2026-04-21,2026-05-15,fulfilled
2170,FUE-200,Supplier E,IL,192,675.12,2026-04-04,2026-04-20,2026-04-27,fulfilled
2171,ENG-300,Supplier B,CA,166,24824,2026-03-16,2026-04-23,2026-04-28,fulfilled
2172,TRN-300,Supplier C,TX,190,14355,2026-03-15,2026-04-17,2026-04-24,fulfilled
2173,HYD-300,Supplier C,CA,180,5024.25,2026-03-27,2026-04-17,2026-05-08,fulfilled
2174,FAX-300,Supplier A,CA,199,5800,2026-03-27,2026-04-24,2026-05-04,fulfilled
2175,RAX-300,Supplier B,NY,175,7757.5,2026-03-19,2026-04-16,2026-04-21,fulfilled
2176,CAB-300,Supplier E,TX,190,9845.5,2026-03-25,2026-04-22,2026-05-19,fulfilled
2177,ECU-300,Supplier A,CA,192,2175,2026-03-29,2026-04-16,2026-04-26,fulfilled
2178,TIR-300,Supplier D,FL,185,3443.75,2026-04-03,2026-04-20,2026-04-25,fulfilled
2179,PTO-300,Supplier D,TX,180,2755,2026-04-01,2026-04-25,2026-04-29,fulfilled
2180,FUE-300,Supplier E,FL,193,1687.8,2026-03-31,2026-04-16,2026-05-04,fulfilled
2181,ENG-400,Supplier A,NY,141,42400,2026-03-16,2026-04-20,2026-05-09,fulfilled
2182,TRN-400,Supplier E,TX,149,25705,2026-03-18,2026-04-23,2026-05-09,fulfilled
2183,HYD-400,Supplier C,CA,125,9182.25,2026-04-01,2026-04-22,2026-04-23,fulfilled
2184,FAX-400,Supplier A,FL,136,10600,2026-03-21,2026-04-18,2026-04-26,fulfilled
2185,RAX-400,Supplier B,FL,148,14177.5,2026-03-24,2026-04-21,2026-04-27,fulfilled
2186,CAB-400,Supplier C,IL,144,18364.5,2026-03-16,2026-04-16,2026-05-10,fulfilled
2187,ECU-400,Supplier A,CA,142,3975,2026-04-02,2026-04-20,2026-04-25,fulfilled
2188,TIR-400,Supplier D,NY,140,6293.75,2026-04-01,2026-04-18,2026-04-29,fulfilled
2189,PTO-400,Supplier D,TX,148,5035,2026-03-30,2026-04-23,2026-05-05,fulfilled
2190,FUE-400,Supplier A,TX,134,3180,2026-04-03,2026-04-22,2026-04-29,fulfilled
2191,ENG-500,Supplier D,TX,164,72960,2026-03-11,2026-04-21,2026-05-06,fulfilled
2192,TRN-500,Supplier E,NY,182,46560,2026-03-18,2026-04-23,2026-05-11,fulfilled
2193,HYD-500,Supplier A,TX,178,16800,2026-03-26,2026-04-22,2026-04-24,fulfilled
2194,FAX-500,Supplier A,FL,172,19200,2026-03-28,2026-04-25,2026-05-12,fulfilled
2195,RAX-500,Supplier B,CA,175,25680,2026-03-25,2026-04-22,2026-04-24,fulfilled
2196,CAB-500,Supplier C,TX,170,33264,2026-03-26,2026-04-26,2026-05-15,fulfilled
2197,ECU-500,Supplier A,IL,166,7200,2026-03-29,2026-04-16,2026-04-30,fulfilled
2198,TIR-500,Supplier B,IL,176,12840,2026-04-12,2026-04-26,2026-05-03,fulfilled
2199,PTO-500,Supplier C,IL,189,9504,2026-03-29,2026-04-19,2026-04-29,fulfilled
2200,FUE-500,Supplier E,NY,150,5587.2,2026-04-04,2026-04-20,2026-04-28,fulfilled
2201,ENG-100,Supplier D,TX,161,4256,2026-04-10,2026-05-21,2026-06-07,fulfilled
2202,TRN-100,Supplier B,NY,165,2996,2026-04-25,2026-05-25,2026-05-27,fulfilled
2203,HYD-100,Supplier C,IL,193,970.2,2026-05-06,2026-05-27,2026-05-27,fulfilled
2204,FAX-100,Supplier D,CA,170,1064,2026-04-27,2026-05-22,2026-05-31,fulfilled
2205,RAX-100,Supplier D,TX,181,1330,2026-04-26,2026-05-21,2026-06-18,fulfilled
2206,CAB-100,Supplier E,IL,177,1901.2,2026-04-22,2026-05-20,2026-05-29,fulfilled
2207,ECU-100,Supplier A,FL,167,420,2026-05-09,2026-05-27,2026-05-29,fulfilled
2208,TIR-100,Supplier D,IL,168,665,2026-05-04,2026-05-21,2026-06-19,fulfilled
2209,PTO-100,Supplier C,CA,169,554.4,2026-04-27,2026-05-18,2026-05-28,fulfilled
2210,FUE-100,Supplier A,FL,174,336,2026-05-03,2026-05-22,2026-06-03,fulfilled
2211,ENG-200,Supplier A,CA,137,9280,2026-04-14,2026-05-19,2026-06-16,fulfilled
2212,TRN-200,Supplier B,CA,148,6206,2026-04-23,2026-05-23,2026-05-30,fulfilled
2213,HYD-200,Supplier C,FL,165,2009.7,2026-04-30,2026-05-21,2026-06-10,fulfilled
2214,FAX-200,Supplier A,CA,132,2320,2026-04-25,2026-05-23,2026-05-23,fulfilled
2215,RAX-200,Supplier B,TX,137,3103,2026-04-24,2026-05-22,2026-06-02,fulfilled
2216,CAB-200,Supplier C,TX,145,4019.4,2026-04-25,2026-05-26,2026-05-29,fulfilled
2217,ECU-200,Supplier E,CA,152,843.9,2026-04-24,2026-05-18,2026-05-23,fulfilled
2218,TIR-200,Supplier B,CA,137,1551.5,2026-05-07,2026-05-21,2026-05-27,fulfilled
2219,PTO-200,Supplier C,IL,146,1148.4,2026-04-29,2026-05-20,2026-06-12,fulfilled
2220,FUE-200,Supplier E,TX,146,675.12,2026-05-03,2026-05-19,2026-05-20,fulfilled
2221,ENG-300,Supplier A,CA,136,23200,2026-04-18,2026-05-23,2026-06-20,fulfilled
2222,TRN-300,Supplier C,IL,141,14355,2026-04-21,2026-05-24,2026-06-01,fulfilled
2223,HYD-300,Supplier E,TX,127,4922.75,2026-04-24,2026-05-18,2026-06-10,fulfilled
2224,FAX-300,Supplier A,TX,146,5800,2026-04-24,2026-05-22,2026-05-31,fulfilled
2225,RAX-300,Supplier D,IL,140,6887.5,2026-05-02,2026-05-27,2026-05-30,fulfilled
2226,CAB-300,Supplier E,NY,129,9845.5,2026-04-20,2026-05-18,2026-05-29,fulfilled
2227,ECU-300,Supplier A,FL,149,2175,2026-05-08,2026-05-26,2026-06-11,fulfilled
2228,TIR-300,Supplier B,IL,142,3878.75,2026-05-08,2026-05-22,2026-06-05,fulfilled
2229,PTO-300,Supplier D,IL,133,2755,2026-04-25,2026-05-19,2026-06-13,fulfilled
2230,FUE-300,Supplier E,NY,136,1687.8,2026-05-11,2026-05-27,2026-06-17,fulfilled
2231,ENG-400,Supplier A,TX,144,42400,2026-04-19,2026-05-24,2026-06-16,fulfilled
2232,TRN-400,Supplier C,FL,146,26235,2026-04-21,2026-05-24,2026-06-05,fulfilled
2233,HYD-400,Supplier C,CA,135,9182.25,2026-04-30,2026-05-21,2026-06-02,fulfilled
2234,FAX-400,Supplier A,IL,138,10600,2026-04-28,2026-05-26,2026-06-05,fulfilled
2235,RAX-400,Supplier D,TX,151,12587.5,2026-04-22,2026-05-17,2026-06-12,fulfilled
2236,CAB-400,Supplier C,NY,139,18364.5,2026-04-26,2026-05-27,2026-06-20,fulfilled
2237,ECU-400,Supplier C,CA,142,3935.25,2026-04-29,2026-05-20,2026-05-22,fulfilled
2238,TIR-400,Supplier B,IL,131,7088.75,2026-05-06,2026-05-20,2026-06-03,fulfilled
2239,PTO-400,Supplier D,TX,123,5035,2026-04-24,2026-05-18,2026-05-20,fulfilled
2240,FUE-400,Supplier E,IL,146,3084.6,2026-05-04,2026-05-20,2026-06-04,fulfilled
2241,ENG-500,Supplier D,TX,109,72960,2026-04-15,2026-05-26,2026-05-28,fulfilled
2242,TRN-500,Supplier B,NY,117,51360,2026-04-23,2026-05-23,2026-06-06,fulfilled
2243,HYD-500,Supplier A,CA,118,16800,2026-04-25,2026-05-22,2026-06-18,fulfilled
2244,FAX-500,Supplier D,NY,113,18240,2026-04-30,2026-05-25,2026-05-27,fulfilled
2245,RAX-500,Supplier D,IL,107,22800,2026-04-30,2026-05-25,2026-05-29,fulfilled
2246,CAB-500,Supplier C,FL,116,33264,2026-04-22,2026-05-23,2026-06-15,fulfilled
2247,ECU-500,Supplier A,TX,112,7200,2026-05-06,2026-05-24,2026-05-26,fulfilled
2248,TIR-500,Supplier D,TX,116,11400,2026-05-03,2026-05-20,2026-05-29,fulfilled
2249,PTO-500,Supplier C,FL,113,9504,2026-05-01,2026-05-22,2026-06-19,fulfilled
2250,FUE-500,Supplier E,IL,127,5587.2,2026-05-02,2026-05-18,2026-06-09,fulfilled
2251,ENG-100,Supplier B,FL,110,4793.6,2026-05-13,2026-06-20,2026-06-22,fulfilled
2252,TRN-100,Supplier B,IL,109,2996,2026-05-17,2026-06-16,2026-06-25,fulfilled
2253,HYD-100,Supplier A,TX,111,980,2026-05-25,2026-06-21,2026-07-02,fulfilled
2254,FAX-100,Supplier D,NY,106,1064,2026-05-28,2026-06-22,2026-07-10,fulfilled
2255,RAX-100,Supplier B,NY,107,1498,2026-05-21,2026-06-18,2026-06-26,fulfilled
2256,CAB-100,Supplier E,NY,104,1901.2,2026-05-26,2026-06-23,2026-07-20,fulfilled
2257,ECU-100,Supplier A,IL,113,420,2026-06-05,2026-06-23,2026-07-15,fulfilled
2258,TIR-100,Supplier B,IL,110,749,2026-06-06,2026-06-20,2026-06-29,fulfilled
2259,PTO-100,Supplier D,IL,106,532,2026-05-24,2026-06-17,2026-07-04,fulfilled
2260,FUE-100,Supplier E,IL,114,325.92,2026-06-01,2026-06-17,2026-07-12,fulfilled
2261,ENG-200,Supplier A,TX,128,9280,2026-05-19,2026-06-23,2026-07-05,fulfilled
2262,TRN-200,Supplier E,TX,129,5626,2026-05-13,2026-06-18,2026-07-06,fulfilled
2263,HYD-200,Supplier C,NY,129,2009.7,2026-06-03,2026-06-24,2026-07-17,fulfilled
2264,FAX-200,Supplier D,NY,141,2204,2026-05-31,2026-06-25,2026-07-18,fulfilled
2265,RAX-200,Supplier D,CA,123,2755,2026-05-27,2026-06-21,2026-07-07,fulfilled
2266,CAB-200,Supplier E,IL,125,3938.2,2026-05-25,2026-06-22,2026-06-23,fulfilled
2267,ECU-200,Supplier A,NY,123,870,2026-06-01,2026-06-19,2026-07-06,fulfilled
2268,TIR-200,Supplier B,IL,142,1551.5,2026-06-09,2026-06-23,2026-07-10,fulfilled
2269,PTO-200,Supplier C,IL,123,1148.4,2026-06-05,2026-06-26,2026-07-14,fulfilled
2270,FUE-200,Supplier E,TX,127,675.12,2026-06-04,2026-06-20,2026-06-25,fulfilled
2271,ENG-300,Supplier A,NY,132,23200,2026-05-12,2026-06-16,2026-06-29,fulfilled
2272,TRN-300,Supplier C,CA,136,14355,2026-05-18,2026-06-20,2026-07-18,fulfilled
2273,HYD-300,Supplier C,IL,147,5024.25,2026-05-31,2026-06-21,2026-07-15,fulfilled
2274,FAX-300,Supplier A,CA,135,5800,2026-05-21,2026-06-18,2026-07-15,fulfilled
2275,RAX-300,Supplier B,CA,144,7757.5,2026-05-25,2026-06-22,2026-07-06,fulfilled
2276,CAB-300,Supplier E,FL,137,9845.5,2026-05-23,2026-06-20,2026-07-12,fulfilled
2277,ECU-300,Supplier A,CA,161,2175,2026-06-02,2026-06-20,2026-07-15,fulfilled
2278,TIR-300,Supplier B,NY,136,3878.75,2026-06-04,2026-06-18,2026-06-25,fulfilled
2279,PTO-300,Supplier C,NY,135,2871,2026-05-27,2026-06-17,2026-06-18,fulfilled
2280,FUE-300,Supplier E,TX,142,1687.8,2026-06-09,2026-06-25,2026-07-04,fulfilled
2281,ENG-400,Supplier B,CA,201,45368,2026-05-18,2026-06-25,2026-06-29,fulfilled
2282,TRN-400,Supplier B,TX,198,28355,2026-05-18,2026-06-17,2026-06-25,fulfilled
2283,HYD-400,Supplier E,TX,196,8996.75,2026-05-28,2026-06-21,2026-07-11,fulfilled
2284,FAX-400,Supplier A,NY,198,10600,2026-05-20,2026-06-17,2026-07-12,fulfilled
2285,RAX-400,Supplier B,FL,203,14177.5,2026-05-20,2026-06-17,2026-06-21,fulfilled
2286,CAB-400,Supplier C,FL,187,18364.5,2026-05-17,2026-06-17,2026-06-23,fulfilled
2287,ECU-400,Supplier C,FL,217,3935.25,2026-06-03,2026-06-24,2026-07-23,fulfilled
2288,TIR-400,Supplier D,CA,229,6293.75,2026-05-31,2026-06-17,2026-07-12,fulfilled
2289,PTO-400,Supplier D,FL,215,5035,2026-05-23,2026-06-16,2026-07-07,fulfilled
2290,FUE-400,Supplier A,TX,214,3180,2026-05-28,2026-06-16,2026-07-15,fulfilled
2291,ENG-500,Supplier D,IL,129,72960,2026-05-08,2026-06-18,2026-06-30,fulfilled
2292,TRN-500,Supplier B,TX,145,51360,2026-05-22,2026-06-21,2026-06-22,fulfilled
2293,HYD-500,Supplier C,FL,141,16632,2026-05-30,2026-06-20,2026-07-18,fulfilled
2294,FAX-500,Supplier D,CA,152,18240,2026-05-24,2026-06-18,2026-07-17,fulfilled
2295,RAX-500,Supplier B,NY,138,25680,2026-05-21,2026-06-18,2026-06-20,fulfilled
2296,CAB-500,Supplier E,NY,156,32592,2026-05-26,2026-06-23,2026-07-18,fulfilled
2297,ECU-500,Supplier C,NY,135,7128,2026-05-26,2026-06-16,2026-07-11,fulfilled
2298,TIR-500,Supplier B,IL,146,12840,2026-06-05,2026-06-19,2026-07-05,fulfilled
2299,PTO-500,Supplier D,TX,139,9120,2026-05-30,2026-06-23,2026-07-21,fulfilled
2300,FUE-500,Supplier A,FL,138,5760,2026-06-06,2026-06-25,2026-07-15,fulfilled
2301,ENG-100,Supplier A,FL,149,4480,2026-06-16,2026-07-21,2026-08-05,fulfilled
2302,TRN-100,Supplier B,FL,124,2996,2026-06-24,2026-07-24,2026-07-24,fulfilled
2303,HYD-100,Supplier C,CA,145,970.2,2026-06-27,2026-07-18,2026-08-07,fulfilled
2304,FAX-100,Supplier D,CA,129,1064,2026-07-02,2026-07-27,2026-08-11,fulfilled
2305,RAX-100,Supplier B,CA,138,1498,2026-06-23,2026-07-21,2026-08-04,fulfilled
2306,CAB-100,Supplier C,TX,140,1940.4,2026-06-20,2026-07-21,2026-08-01,fulfilled
2307,ECU-100,Supplier A,IL,128,420,2026-07-03,2026-07-21,2026-07-23,fulfilled
2308,TIR-100,Supplier B,NY,143,749,2026-07-04,2026-07-18,2026-07-26,fulfilled
2309,PTO-100,Supplier D,TX,133,532,2026-06-29,2026-07-23,2026-08-16,fulfilled
2310,FUE-100,Supplier B,IL,154,359.52,2026-06-27,2026-07-19,2026-07-24,fulfilled
2311,ENG-200,Supplier A,NY,98,9280,2026-06-17,2026-07-22,2026-08-20,fulfilled
2312,TRN-200,Supplier C,NY,107,5742,2026-06-14,2026-07-17,2026-07-30,fulfilled
2313,HYD-200,Supplier E,FL,93,1969.1,2026-07-02,2026-07-26,2026-07-28,fulfilled
2314,FAX-200,Supplier D,NY,96,2204,2026-06-29,2026-07-24,2026-08-09,fulfilled
2315,RAX-200,Supplier D,CA,101,2755,2026-06-26,2026-07-21,2026-08-14,fulfilled
2316,CAB-200,Supplier E,CA,96,3938.2,2026-06-28,2026-07-26,2026-08-02,fulfilled
2317,ECU-200,Supplier A,TX,107,870,2026-07-07,2026-07-25,2026-08-19,fulfilled
2318,TIR-200,Supplier B,CA,97,1551.5,2026-07-04,2026-07-18,2026-07-20,fulfilled
2319,PTO-200,Supplier D,TX,102,1102,2026-06-27,2026-07-21,2026-08-16,fulfilled
2320,FUE-200,Supplier E,FL,104,675.12,2026-07-11,2026-07-27,2026-08-18,fulfilled
2321,ENG-300,Supplier A,CA,116,23200,2026-06-17,2026-07-22,2026-08-11,fulfilled
2322,TRN-300,Supplier C,FL,131,14355,2026-06-24,2026-07-27,2026-08-17,fulfilled
2323,HYD-300,Supplier E,FL,125,4922.75,2026-06-25,2026-07-19,2026-08-13,fulfilled
2324,FAX-300,Supplier A,CA,117,5800,2026-06-20,2026-07-18,2026-07-31,fulfilled
2325,RAX-300,Supplier D,CA,117,6887.5,2026-06-22,2026-07-17,2026-08-01,fulfilled
2326,CAB-300,Supplier C,TX,123,10048.5,2026-06-22,2026-07-23,2026-08-10,fulfilled
2327,ECU-300,Supplier A,TX,133,2175,2026-07-06,2026-07-24,2026-07-25,fulfilled
2328,TIR-300,Supplier D,FL,127,3443.75,2026-06-30,2026-07-17,2026-07-20,fulfilled
2329,PTO-300,Supplier C,IL,117,2871,2026-07-01,2026-07-22,2026-08-05,fulfilled
2330,FUE-300,Supplier B,TX,118,1861.8,2026-06-29,2026-07-21,2026-08-07,fulfilled
2331,ENG-400,Supplier A,TX,123,42400,2026-06-18,2026-07-23,2026-08-16,fulfilled
2332,TRN-400,Supplier B,CA,122,28355,2026-06-24,2026-07-24,2026-08-03,fulfilled
2333,HYD-400,Supplier E,IL,120,8996.75,2026-06-24,2026-07-18,2026-08-09,fulfilled
2334,FAX-400,Supplier D,IL,116,10070,2026-06-30,2026-07-25,2026-08-08,fulfilled
2335,RAX-400,Supplier D,IL,127,12587.5,2026-07-01,2026-07-26,2026-08-19,fulfilled
2336,CAB-400,Supplier C,TX,120,18364.5,2026-06-17,2026-07-18,2026-08-08,fulfilled
2337,ECU-400,Supplier A,NY,122,3975,2026-07-03,2026-07-21,2026-08-03,fulfilled
2338,TIR-400,Supplier D,TX,120,6293.75,2026-07-07,2026-07-24,2026-08-03,fulfilled
2339,PTO-400,Supplier C,FL,127,5247,2026-07-06,2026-07-27,2026-07-29,fulfilled
2340,FUE-400,Supplier B,NY,116,3402.6,2026-06-28,2026-07-20,2026-07-29,fulfilled
2341,ENG-500,Supplier D,NY,91,72960,2026-06-07,2026-07-18,2026-08-01,fulfilled
2342,TRN-500,Supplier E,NY,81,46560,2026-06-14,2026-07-20,2026-08-02,fulfilled
2343,HYD-500,Supplier E,NY,98,16296,2026-06-27,2026-07-21,2026-08-10,fulfilled
2344,FAX-500,Supplier D,CA,88,18240,2026-06-29,2026-07-24,2026-08-22,fulfilled
2345,RAX-500,Supplier D,IL,86,22800,2026-06-27,2026-07-22,2026-07-28,fulfilled
2346,CAB-500,Supplier E,FL,89,32592,2026-06-29,2026-07-27,2026-08-06,fulfilled
2347,ECU-500,Supplier A,CA,91,7200,2026-07-07,2026-07-25,2026-08-06,fulfilled
2348,TIR-500,Supplier B,IL,81,12840,2026-07-12,2026-07-26,2026-08-06,fulfilled
2349,PTO-500,Supplier D,FL,84,9120,2026-06-23,2026-07-17,2026-07-24,fulfilled
2350,FUE-500,Supplier E,TX,87,5587.2,2026-07-07,2026-07-23,2026-07-27,fulfilled
2351,ENG-100,Supplier A,NY,117,4480,2026-07-19,2026-08-23,2026-09-03,fulfilled
2352,TRN-100,Supplier B,CA,111,2996,2026-07-28,2026-08-27,2026-09-04,fulfilled
2353,HYD-100,Supplier E,IL,119,950.6,2026-08-01,2026-08-25,2026-09-06,fulfilled
2354,FAX-100,Supplier D,TX,118,1064,2026-07-25,2026-08-19,2026-09-06,fulfilled
2355,RAX-100,Supplier D,FL,101,1330,2026-07-28,2026-08-22,2026-09-04,fulfilled
2356,CAB-100,Supplier C,FL,108,1940.4,2026-07-27,2026-08-27,2026-08-29,fulfilled
2357,ECU-100,Supplier C,CA,108,415.8,2026-08-02,2026-08-23,2026-09-17,fulfilled
2358,TIR-100,Supplier D,TX,116,665,2026-08-03,2026-08-20,2026-09-17,fulfilled
2359,PTO-100,Supplier C,IL,119,554.4,2026-08-03,2026-08-24,2026-09-15,fulfilled
2360,FUE-100,Supplier E,IL,111,325.92,2026-08-11,2026-08-27,2026-09-15,fulfilled
2361,ENG-200,Supplier A,NY,195,9280,2026-07-15,2026-08-19,2026-09-08,fulfilled
2362,TRN-200,Supplier B,FL,192,6206,2026-07-26,2026-08-25,2026-09-03,fulfilled
2363,HYD-200,Supplier E,CA,195,1969.1,2026-07-30,2026-08-23,2026-09-21,fulfilled
2364,FAX-200,Supplier D,TX,225,2204,2026-07-25,2026-08-19,2026-08-23,fulfilled
2365,RAX-200,Supplier D,IL,191,2755,2026-07-24,2026-08-18,2026-09-14,fulfilled
2366,CAB-200,Supplier C,CA,190,4019.4,2026-07-20,2026-08-20,2026-08-23,fulfilled
2367,ECU-200,Supplier A,IL,187,870,2026-08-02,2026-08-20,2026-09-04,fulfilled
2368,TIR-200,Supplier B,TX,200,1551.5,2026-08-09,2026-08-23,2026-08-25,fulfilled
2369,PTO-200,Supplier C,FL,226,1148.4,2026-07-29,2026-08-19,2026-09-12,fulfilled
2370,FUE-200,Supplier A,FL,197,696,2026-08-06,2026-08-25,2026-08-28,fulfilled
2371,ENG-300,Supplier B,FL,114,24824,2026-07-19,2026-08-26,2026-09-01,fulfilled
2372,TRN-300,Supplier B,IL,118,15515,2026-07-23,2026-08-22,2026-08-30,fulfilled
2373,HYD-300,Supplier C,NY,121,5024.25,2026-07-28,2026-08-18,2026-08-26,fulfilled
2374,FAX-300,Supplier A,FL,110,5800,2026-07-24,2026-08-21,2026-09-18,fulfilled
2375,RAX-300,Supplier B,CA,121,7757.5,2026-07-24,2026-08-21,2026-08-25,fulfilled
2376,CAB-300,Supplier E,IL,110,9845.5,2026-07-29,2026-08-26,2026-09-07,fulfilled
2377,ECU-300,Supplier A,TX,115,2175,2026-08-08,2026-08-26,2026-09-04,fulfilled
2378,TIR-300,Supplier D,FL,112,3443.75,2026-08-04,2026-08-21,2026-09-09,fulfilled
2379,PTO-300,Supplier C,CA,127,2871,2026-07-30,2026-08-20,2026-09-15,fulfilled
2380,FUE-300,Supplier E,IL,114,1687.8,2026-08-04,2026-08-20,2026-08-28,fulfilled
2381,ENG-400,Supplier A,FL,184,42400,2026-07-18,2026-08-22,2026-09-10,fulfilled
2382,TRN-400,Supplier C,CA,164,26235,2026-07-22,2026-08-24,2026-09-07,fulfilled
2383,HYD-400,Supplier A,FL,177,9275,2026-07-25,2026-08-21,2026-09-11,fulfilled
2384,FAX-400,Supplier A,FL,195,10600,2026-07-30,2026-08-27,2026-08-30,fulfilled
2385,RAX-400,Supplier B,TX,178,14177.5,2026-07-28,2026-08-25,2026-09-11,fulfilled
2386,CAB-400,Supplier C,FL,197,18364.5,2026-07-24,2026-08-24,2026-09-21,fulfilled
2387,ECU-400,Supplier A,TX,189,3975,2026-08-03,2026-08-21,2026-08-24,fulfilled
2388,TIR-400,Supplier B,TX,203,7088.75,2026-08-04,2026-08-18,2026-09-01,fulfilled
2389,PTO-400,Supplier C,IL,182,5247,2026-08-04,2026-08-25,2026-09-04,fulfilled
2390,FUE-400,Supplier E,NY,182,3084.6,2026-08-03,2026-08-19,2026-08-19,fulfilled
2391,ENG-500,Supplier A,NY,160,76800,2026-07-13,2026-08-17,2026-09-11,fulfilled
2392,TRN-500,Supplier C,NY,137,47520,2026-07-22,2026-08-24,2026-08-26,fulfilled
2393,HYD-500,Supplier C,NY,140,16632,2026-08-04,2026-08-25,2026-08-27,fulfilled
2394,FAX-500,Supplier D,CA,150,18240,2026-07-24,2026-08-18,2026-09-03,fulfilled
2395,RAX-500,Supplier B,CA,140,25680,2026-07-30,2026-08-27,2026-09-02,fulfilled
2396,CAB-500,Supplier E,CA,137,32592,2026-07-20,2026-08-17,2026-08-28,fulfilled
2397,ECU-500,Supplier A,CA,132,7200,2026-08-09,2026-08-27,2026-08-29,fulfilled
2398,TIR-500,Supplier D,NY,138,11400,2026-08-03,2026-08-20,2026-09-18,fulfilled
2399,PTO-500,Supplier D,NY,131,9120,2026-08-01,2026-08-25,2026-09-15,fulfilled
2400,FUE-500,Supplier A,NY,144,5760,2026-07-30,2026-08-18,2026-09-12,fulfilled
2401,ENG-100,Supplier B,FL,153,4793.6,2026-08-18,2026-09-25,,placed
2402,TRN-100,Supplier B,IL,179,2996,2026-08-25,2026-09-24,,placed
2403,HYD-100,Supplier C,IL,165,970.2,2026-09-05,2026-09-26,,placed
2404,FAX-100,Supplier D,IL,161,1064,2026-09-01,2026-09-26,,placed
2405,RAX-100,Supplier D,TX,163,1330,2026-08-29,2026-09-23,,placed
2406,CAB-100,Supplier C,TX,150,1940.4,2026-08-25,2026-09-25,,placed
2407,ECU-100,Supplier E,TX,173,407.4,2026-09-01,2026-09-25,,placed
2408,TIR-100,Supplier B,FL,166,749,2026-09-06,2026-09-20,,placed
2409,PTO-100,Supplier C,NY,167,554.4,2026-08-26,2026-09-16,,placed
2410,FUE-100,Supplier A,TX,160,336,2026-08-28,2026-09-16,,placed
2411,ENG-200,Supplier B,NY,162,9929.6,2026-08-13,2026-09-20,2026-09-20,fulfilled
2412,TRN-200,Supplier E,NY,172,5626,2026-08-21,2026-09-26,,placed
2413,HYD-200,Supplier C,FL,170,2009.7,2026-08-28,2026-09-18,2026-09-21,fulfilled
2414,FAX-200,Supplier A,IL,150,2320,2026-08-26,2026-09-23,,placed
2415,RAX-200,Supplier B,IL,156,3103,2026-08-19,2026-09-16,2026-09-16,fulfilled
2416,CAB-200,Supplier E,FL,186,3938.2,2026-08-26,2026-09-23,,placed
2417,ECU-200,Supplier A,CA,178,870,2026-08-29,2026-09-16,,placed
2418,TIR-200,Supplier B,IL,190,1551.5,2026-09-04,2026-09-18,,placed
2419,PTO-200,Supplier C,NY,187,1148.4,2026-08-30,2026-09-20,,placed
2420,FUE-200,Supplier E,IL,178,675.12,2026-09-09,2026-09-25,,placed
2421,ENG-300,Supplier A,TX,172,23200,2026-08-17,2026-09-21,,placed
2422,TRN-300,Supplier B,IL,152,15515,2026-08-27,2026-09-26,,placed
2423,HYD-300,Supplier C,FL,162,5024.25,2026-09-02,2026-09-23,,placed
2424,FAX-300,Supplier D,FL,159,5510,2026-08-24,2026-09-18,,placed
2425,RAX-300,Supplier B,IL,150,7757.5,2026-08-20,2026-09-17,,placed
2426,CAB-300,Supplier E,TX,156,9845.5,2026-08-27,2026-09-24,,placed
2427,ECU-300,Supplier A,CA,160,2175,2026-08-29,2026-09-16,,placed
2428,TIR-300,Supplier B,CA,163,3878.75,2026-09-05,2026-09-19,,placed
2429,PTO-300,Supplier C,CA,155,2871,2026-08-26,2026-09-16,2026-09-19,fulfilled
2430,FUE-300,Supplier E,TX,155,1687.8,2026-09-03,2026-09-19,,placed
2431,ENG-400,Supplier A,NY,166,42400,2026-08-17,2026-09-21,,placed
2432,TRN-400,Supplier B,NY,174,28355,2026-08-27,2026-09-26,,placed
2433,HYD-400,Supplier C,NY,160,9182.25,2026-08-29,2026-09-19,,placed
2434,FAX-400,Supplier D,NY,171,10070,2026-08-22,2026-09-16,,placed
2435,RAX-400,Supplier D,FL,171,12587.5,2026-08-25,2026-09-19,,placed
2436,CAB-400,Supplier C,IL,163,18364.5,2026-08-16,2026-09-16,,placed
2437,ECU-400,Supplier A,FL,151,3975,2026-09-02,2026-09-20,,placed
2438,TIR-400,Supplier B,NY,178,7088.75,2026-09-05,2026-09-19,2026-09-20,fulfilled
2439,PTO-400,Supplier C,TX,171,5247,2026-09-03,2026-09-24,,placed
2440,FUE-400,Supplier B,IL,160,3402.6,2026-09-04,2026-09-26,,placed
2441,ENG-500,Supplier A,IL,144,76800,2026-08-13,2026-09-17,2026-09-19,fulfilled
2442,TRN-500,Supplier B,IL,148,51360,2026-08-18,2026-09-17,,placed
2443,HYD-500,Supplier A,TX,165,16800,2026-08-20,2026-09-16,2026-09-19,fulfilled
2444,FAX-500,Supplier D,TX,140,18240,2026-09-01,2026-09-26,,placed
2445,RAX-500,Supplier D,CA,162,22800,2026-08-22,2026-09-16,,placed
2446,CAB-500,Supplier C,FL,154,33264,2026-08-23,2026-09-23,,placed
2447,ECU-500,Supplier A,NY,145,7200,2026-08-29,2026-09-16,,placed
2448,TIR-500,Supplier D,IL,164,11400,2026-08-31,2026-09-17,,placed
2449,PTO-500,Supplier D,FL,155,9120,2026-08-23,2026-09-16,,placed
2450,FUE-500,Supplier A,TX,153,5760,2026-09-04,2026-09-23,,placed
2451,ENG-100,Supplier A,NY,134,4480,2026-09-13,2026-10-18,,placed
2452,TRN-100,Supplier E,FL,121,2716,2026-09-11,2026-10-17,,placed
2453,FAX-100,Supplier D,IL,117,1064,2026-09-22,2026-10-17,,placed
2454,ENG-200,Supplier A,IL,128,9280,2026-09-14,2026-10-19,,placed
2455,TRN-200,Supplier B,FL,130,6206,2026-09-20,2026-10-20,,placed
2456,FAX-200,Supplier A,IL,136,2320,2026-09-19,2026-10-17,,placed
2457,CAB-200,Supplier C,CA,127,4019.4,2026-09-16,2026-10-17,,placed
2458,ENG-300,Supplier A,CA,116,23200,2026-09-12,2026-10-17,,placed
2459,TRN-300,Supplier B,TX,107,15515,2026-09-17,2026-10-17,,placed
2460,CAB-300,Supplier E,NY,123,9845.5,2026-09-20,2026-10-18,,placed
2461,ENG-400,Supplier B,TX,121,45368,2026-09-13,2026-10-21,,placed
2462,TRN-400,Supplier C,FL,125,26235,2026-09-19,2026-10-22,,placed
2463,ENG-500,Supplier A,TX,114,76800,2026-09-17,2026-10-22,,placed
2464,CAB-500,Supplier C,FL,109,33264,2026-09-19,2026-10-20,,placed
